date,video_id,views,likes,comments
2026-07-01,--eCZ5KJphU,1958,,
2026-07-01,-27X7n7IstM,6608,,
2026-07-01,-3dLSMzi38k,5051,,
2026-07-01,-FJcDEQ2CB0,14250,,
2026-07-01,-GYR8m5pqkI,10653,,
2026-07-01,-SxNX1_ipZ0,4495,,
2026-07-01,-WID9zHoKhE,372,,
2026-07-01,-pXsceBZ-uI,1957,,
2026-07-01,01F_B8RaurQ,364,,
2026-07-01,0A3d0lovA9c,2898,,
2026-07-01,0BvJ_8VSpAQ,19961,,
2026-07-01,0JFuxpSFiLo,20828,,
2026-07-01,0Mur3o4gJn4,5859,,
2026-07-01,0U0-9stDv2w,6799,,
2026-07-01,0YdWcjA5acg,8209,,
2026-07-01,0_I4PHJ-miw,21627,,
2026-07-01,0dqRFbgCuVg,6539,,
2026-07-01,0irTZK6Z_YI,985,,
2026-07-01,0jvB7_mRdVk,1537,,
2026-07-01,0luCN1MyFX8,10975,,
2026-07-01,0nv1NY1lx_E,5301,,
2026-07-01,0t_oTJZ6Irs,6689,,
2026-07-01,13jLs1WwfTY,4777,,
2026-07-01,14FLm6zvvlM,3286,,
2026-07-01,1APEiSZz2zM,320,,
2026-07-01,1M5hO5Iz4hQ,11508,,
2026-07-01,1WejSH57PSA,555,,
2026-07-01,1_CE104JHi8,4480,,
2026-07-01,1fn9RPaSFvM,4157,,
2026-07-01,1gAj8idUtrk,12936,,
2026-07-01,1k6Bzkiw48o,10754,,
2026-07-01,1qYWYaGdxt4,1427,,
2026-07-01,1uRRhugMzlE,4350,,
2026-07-01,1vJB1yOPOf0,7403,,
2026-07-01,1yK9VWnQpx4,21583,,
2026-07-01,24Ib0j0xDxE,15867,,
2026-07-01,2CnmP8lvGE4,6286,,
2026-07-01,2JqFe4tSOyk,9784,,
2026-07-01,2OdJHlmdu3A,3440,,
2026-07-01,2WaFFWc3lno,6178,,
2026-07-01,2bY_4Ut49J8,4097,,
2026-07-01,2l0-duQwSfI,5301,,
2026-07-01,2lZK2lUb6ew,10600,,
2026-07-01,2qLT-wnFaP0,7869,,
2026-07-01,2qZb4PtGQUg,3223,,
2026-07-01,2qron8l5-WA,2907,,
2026-07-01,2vAcCPS9-YE,3137,,
2026-07-01,3A0Gwb7nmw8,2745,,
2026-07-01,3BNqAqRukts,17396,,
2026-07-01,3Cm_qVj04z0,338,,
2026-07-01,3DNRCakknE0,4690,,
2026-07-01,3HUs08W6-8o,15717,,
2026-07-01,3KJwgGv_hq0,4048,,
2026-07-01,3Nh8y-oesJ0,7914,,
2026-07-01,3gPoLb5rT70,16912,,
2026-07-01,3iUH-OYuGIo,235,,
2026-07-01,3jZh-NYS564,6796,,
2026-07-01,3nGph8PX2-Q,3506,,
2026-07-01,3xtwXWyEfhk,1797,,
2026-07-01,49KORRES2ks,2315,,
2026-07-01,4Q1Xe92xmwI,9432,,
2026-07-01,4VN65sXHXSU,5776,,
2026-07-01,4WHM_GRby90,5786,,
2026-07-01,4aUWIhJE2n4,3637,,
2026-07-01,4b4THjNuDW0,604,,
2026-07-01,4n-UnjzY3B0,253,,
2026-07-01,4qtFClwSzc8,1466,,
2026-07-01,4r4Fv5i5zCI,7174,,
2026-07-01,4tli9Q4KZ3w,3144,,
2026-07-01,4vHxpaifn9w,25213,,
2026-07-01,4zfnW56TcvY,3010,,
2026-07-01,5I2-cQ7oa10,3604,,
2026-07-01,5MHf5WPH1v4,4369,,
2026-07-01,5R6l50LDlV4,3562,,
2026-07-01,5kFO9eUjRPk,12984,,
2026-07-01,5sVEspUzpGY,3787,,
2026-07-01,5t3KYPZKUe4,10731,,
2026-07-01,615ClJ5oqkw,1220,,
2026-07-01,62v6RgdBly0,2404,,
2026-07-01,69_RI4iZxuQ,6529,,
2026-07-01,6BegJIenaBE,9748,,
2026-07-01,6Bmjis1ofzE,6156,,
2026-07-01,6SV0Lm47pvY,2452,,
2026-07-01,6TcR8BFdyJM,2907,,
2026-07-01,6VUBa5NSLU8,965,,
2026-07-01,6Xmd08nL2G4,4716,,
2026-07-01,6d8jMrgjDuE,3238,,
2026-07-01,6iCAxQUz4aQ,5745,,
2026-07-01,6l3bIPltt3A,6820,,
2026-07-01,6ob9UwPviJA,5034,,
2026-07-01,6tcSoXsMs9c,6065,,
2026-07-01,6vhfb7LUUYc,3592,,
2026-07-01,6zLWdLXiJC8,13804,,
2026-07-01,73a6CtNTac4,10053,,
2026-07-01,7BXf6nTyiCQ,3886,,
2026-07-01,7BkLmVdcaJw,6328,,
2026-07-01,7EgU3ReHrIc,1259,,
2026-07-01,7FZrM9iMsCM,6355,,
2026-07-01,7IZ5eCJ3Vqc,2442,,
2026-07-01,7NZvpCqH7eA,2777,,
2026-07-01,7NbPwroPQ80,3045,,
2026-07-01,7Odyxk-S9f0,53049,,
2026-07-01,7PSt_Gouh6g,2811,,
2026-07-01,7cpCkvLwQsI,2096,,
2026-07-01,7dlhZLngdvM,8807,,
2026-07-01,7m_UlzkGLlA,34310,,
2026-07-01,7tKbMZqzLks,2853,,
2026-07-01,7ufObjxCBKI,13732,,
2026-07-01,7wuBlcFsfvc,4390,,
2026-07-01,7zHiFWEJfZY,8646,,
2026-07-01,87Vb6sa1KcY,1457,,
2026-07-01,8OPlCKgcSO8,6340,,
2026-07-01,8T1Pe58GJpw,4300,,
2026-07-01,8UOwBfCgZn8,1054,,
2026-07-01,8UWpsEyQwCU,3978,,
2026-07-01,8_fxIwJi8eI,12236,,
2026-07-01,8fwEHUkKTFc,1237,,
2026-07-01,8hbiWsIlhQ0,1284,,
2026-07-01,8pRl03u-hjI,7717,,
2026-07-01,8r9S_xIzqLk,4062,,
2026-07-01,8tmQ6wySUSI,4541,,
2026-07-01,900BOlBTFNg,36041,,
2026-07-01,99bQhxWPWuo,9149,,
2026-07-01,9BmwbWSPXwY,4747,,
2026-07-01,9Fhr7gYQPBM,1457,,
2026-07-01,9O3XYd0F6VI,11201,,
2026-07-01,9Ot1RhssfL0,769,,
2026-07-01,9TvuNO-fnXM,16144,,
2026-07-01,9_6yRxY8iiY,9871,,
2026-07-01,9cZh_IuGMyM,374,,
2026-07-01,9dFDeUNHViY,9299,,
2026-07-01,9gFQ9rFMKEA,38768,,
2026-07-01,9h2v-rVmwEA,8641,,
2026-07-01,9hOkPAYmpPM,6631,,
2026-07-01,9hgzA60ZGZg,5456,,
2026-07-01,9rVcXaVHCXw,2615,,
2026-07-01,9wgzzLCatp8,853,,
2026-07-01,9yg2AIYdu6E,1737,,
2026-07-01,A4wr-iI2hJU,21084,,
2026-07-01,A5ojgoN39Lc,6309,,
2026-07-01,A9RXB8YTc6Y,12500,,
2026-07-01,ADwtKtLtE8Q,1995,,
2026-07-01,AKDQisHl8Ek,3897,,
2026-07-01,AKJRVoJu_Q4,7409,,
2026-07-01,ANYrzwn5h_M,4668,,
2026-07-01,AO1WNfgIgiE,8572,,
2026-07-01,ASSnCNI-KlM,1259,,
2026-07-01,AU7Z9h1x1Ys,695,,
2026-07-01,AUG114ir5eQ,1240,,
2026-07-01,AUxR3aTc3ng,1501,,
2026-07-01,AaCd4amsV0U,2024,,
2026-07-01,Ac6AOC9yxJE,4319,,
2026-07-01,AcR00ZHbVKU,7496,,
2026-07-01,AgcnylfczPE,10496,,
2026-07-01,AmYVHRf2Aq8,8642,,
2026-07-01,Ao4VRNX_h4A,11725,,
2026-07-01,Aq3emUbqTbA,803,,
2026-07-01,B0IPEMdrCRA,3025,,
2026-07-01,B5xTJMahaK4,2528,,
2026-07-01,B9FbWxNdJPY,18870,,
2026-07-01,B9zmRMY6ISI,2696,,
2026-07-01,BNze82M59-E,6993,,
2026-07-01,BSum-2t0a28,4635,,
2026-07-01,B_OF2TYLnQw,6324,,
2026-07-01,B_rcAwySccg,3509,,
2026-07-01,BdCpg8-TlGg,3513,,
2026-07-01,BfLT1TlZInE,19930,,
2026-07-01,BfjZU1zyiOc,1882,,
2026-07-01,BkAhos9qrLQ,2127,,
2026-07-01,BsWIaYs09vc,5887,,
2026-07-01,BskXYIlyNzA,5979,,
2026-07-01,C5ETgNOq1gQ,14203,,
2026-07-01,C5Rh96Gz8yg,6936,,
2026-07-01,C9AMwVwgVPo,3001,,
2026-07-01,C9FJCiew0s8,4044,,
2026-07-01,CD6KcQMdzfc,2829,,
2026-07-01,CEF9v_JMVe8,7174,,
2026-07-01,CJkJWnPzguM,20941,,
2026-07-01,CKAGWlmyXbA,8900,,
2026-07-01,CMh4ttABaiE,1223,,
2026-07-01,CSTFP0gKnd8,5302,,
2026-07-01,CUpAWj1wVbU,24322,,
2026-07-01,CVFIzDp5iio,11195,,
2026-07-01,CYn4JoQTD1I,669,,
2026-07-01,CYvruxt8Ocw,5270,,
2026-07-01,CgzCQr9ilsw,387,,
2026-07-01,ChKL1KyjlZ4,5176,,
2026-07-01,CkghB9G4vOo,214,,
2026-07-01,Cpa04rQyl18,7869,,
2026-07-01,CufCJMTTKHk,1628,,
2026-07-01,Cy2qJ0Win1I,4334,,
2026-07-01,D-dgFUvl7YA,7792,,
2026-07-01,D4p6nv2t2FA,245,,
2026-07-01,D50nmITTLp8,1806,,
2026-07-01,DAuagmdRSOE,10730,,
2026-07-01,DBkInEbzPk0,2704,,
2026-07-01,DDd5prelU6A,8810,,
2026-07-01,DDiDtP-uOqU,2275,,
2026-07-01,DI-Oxm-J0W0,5530,,
2026-07-01,DIv0FHIZiko,3477,,
2026-07-01,DNsUjaDT3AQ,4122,,
2026-07-01,DPEZ-FtI4UI,8242,,
2026-07-01,DPz-ktdaHII,447,,
2026-07-01,DS_neiUmgrA,2716,,
2026-07-01,DY9enl751Hk,9014,,
2026-07-01,Dcu_IubxG8I,4954,,
2026-07-01,Df9q7HerAA4,4918,,
2026-07-01,DiLjnRqx0xo,3848,,
2026-07-01,DnXALAe3BtY,1596,,
2026-07-01,DohrPYUe11o,1535,,
2026-07-01,DouSkzKX7NE,6434,,
2026-07-01,Drqehd-O2ak,3650,,
2026-07-01,DxUH69hEi9k,451,,
2026-07-01,E6ac_QwimUk,3664,,
2026-07-01,EFc5_Nct8wE,4515,,
2026-07-01,EIKIx9Xpl7c,2732,,
2026-07-01,E_DqVHrHIxM,7826,,
2026-07-01,EckbfLRDGjE,1688,,
2026-07-01,EkKqSnrdG7U,2680,,
2026-07-01,Ezrw0VHCy7w,280,,
2026-07-01,F1hpeZ_T-ww,2746,,
2026-07-01,F5WCr1Md6mk,2038,,
2026-07-01,F5y8-ztKpCM,3790,,
2026-07-01,F8PMKa1dz9g,732,,
2026-07-01,FAIITnGT4wo,4823,,
2026-07-01,FAfQTG-v0Cs,3224,,
2026-07-01,FEqKnaBExZU,9332,,
2026-07-01,FG5G2G-XjhE,14392,,
2026-07-01,FIEy7T-kMmQ,1909,,
2026-07-01,FKbiHBctwwA,3848,,
2026-07-01,FNVB3Ndlrw8,430,,
2026-07-01,FSFC8O9LxRU,2482,,
2026-07-01,FYtl1LolxwQ,9916,,
2026-07-01,Fa8jGX5mvj4,3101,,
2026-07-01,FfCJfpHXt8c,4039,,
2026-07-01,FgTt2XD_ryA,13499,,
2026-07-01,FkK2Rp5xEIc,10929,,
2026-07-01,FlGf6zZGtkk,5245,,
2026-07-01,FlbiS6qn6oE,2731,,
2026-07-01,Fs8L9V90RDk,7749,,
2026-07-01,FsemZttxTN8,5370,,
2026-07-01,G2COlj5SS54,7875,,
2026-07-01,G76WtaecxB4,1183,,
2026-07-01,G9YcpN4TAZw,5129,,
2026-07-01,GEZg76Swgc8,425,,
2026-07-01,GJRAN3_x8U4,3571,,
2026-07-01,GME--_-r_lU,2698,,
2026-07-01,GTD7cyckPnA,270,,
2026-07-01,GYD-rQNG-rI,8880,,
2026-07-01,Gdybpz4wjgY,331,,
2026-07-01,GgtIBQCZxkQ,5249,,
2026-07-01,Gjf4AsYGwU8,11056,,
2026-07-01,GqAXRVF_edY,4093,,
2026-07-01,GqRwtWVepYw,8749,,
2026-07-01,GqWbo7Uo8Ec,5692,,
2026-07-01,Gs03wWJ6vFc,918,,
2026-07-01,Gx6Z5Aj875s,6580,,
2026-07-01,H-jiaEptrx0,4321,,
2026-07-01,H3JH96ZJWzM,785,,
2026-07-01,H5yOaNKxZ-4,20688,,
2026-07-01,H97Ldv1IXtw,17750,,
2026-07-01,HBhaj0_Zm34,4423,,
2026-07-01,HDN25GTdn40,3895,,
2026-07-01,HRQ4Ibbkkco,2265,,
2026-07-01,HUbRq3GR8SI,4991,,
2026-07-01,HbNx1HcTEk4,21782,,
2026-07-01,HlwfZ6atyLw,1887,,
2026-07-01,Hsv6dNsEO40,10833,,
2026-07-01,HvQpYQlLGzg,3799,,
2026-07-01,Hwi-jokx7aI,2682,,
2026-07-01,I-S-0EO3-FA,2851,,
2026-07-01,I1sccj6fjQs,3698,,
2026-07-01,I3T6O4ez75M,4054,,
2026-07-01,I66Prbdjcn0,3453,,
2026-07-01,I70TmekxAXE,2642,,
2026-07-01,IAdR2JdoGr8,10061,,
2026-07-01,IB_3oFDAULc,11538,,
2026-07-01,IE6oyFF67A0,15338,,
2026-07-01,IEIg6U_krbY,9557,,
2026-07-01,IF966yryyqY,264,,
2026-07-01,IH591H86iFQ,7123,,
2026-07-01,IHsdTOEuG4g,8510,,
2026-07-01,IJdPXXMpYPk,806,,
2026-07-01,IKIrneFKwJY,622,,
2026-07-01,IM0HdpgIDq8,11008,,
2026-07-01,IQ3zeRLgnt4,3341,,
2026-07-01,IQQViyty9zM,2038,,
2026-07-01,ISKY2Bgz_c0,1223,,
2026-07-01,IXOacyfD7V4,13202,,
2026-07-01,IrGSyH2wlK0,1595,,
2026-07-01,IuZyLH50TMQ,22847,,
2026-07-01,Ix6NRPPJhd8,1189,,
2026-07-01,J-aiAO8-Czk,12950,,
2026-07-01,J1tRJRX44zc,2052,,
2026-07-01,JH6X6472Gdk,3402,,
2026-07-01,JNuRoWbolfs,6352,,
2026-07-01,Jep6zVwriOA,7011,,
2026-07-01,Jl2XOwlw5Z4,5335,,
2026-07-01,JpfqYvUYNr8,2205,,
2026-07-01,Ju3_gwctpM8,16395,,
2026-07-01,Jyn59AgDf6o,7113,,
2026-07-01,JzsEVr4W5ng,11133,,
2026-07-01,K1YD12TDxwo,1706,,
2026-07-01,K2T8Cd4-ba8,699,,
2026-07-01,K4YFVRGWGEY,2836,,
2026-07-01,K8o_u0_iFJU,7655,,
2026-07-01,K9Asd1xasRc,789,,
2026-07-01,KEnYv8bMxXM,38589,,
2026-07-01,KLTqQaG2asM,4384,,
2026-07-01,KMTemVbHKS4,3429,,
2026-07-01,KNT1a6LakZI,4447,,
2026-07-01,KNwEQXDv5XM,8363,,
2026-07-01,KOF8EQ_YcOU,11938,,
2026-07-01,KOedI8Dr__Y,4488,,
2026-07-01,KTnAV2qb5CY,7834,,
2026-07-01,KVaKaf9FX5I,8353,,
2026-07-01,KXoxeoaSwOA,4332,,
2026-07-01,Kh_0ICA5cfg,5917,,
2026-07-01,KiOKGmcOb_g,10200,,
2026-07-01,KlnSnb7YFEY,2676,,
2026-07-01,Kn5RCzQ9ufc,3731,,
2026-07-01,KqZv27fFQlQ,139279,,
2026-07-01,KrjMNWiU52A,16808,,
2026-07-01,KtjAJuKUbDM,15441,,
2026-07-01,L0KEJ_zq0Ak,10256,,
2026-07-01,L5c4VvuaU7w,18000,,
2026-07-01,LD8rxn2RFNE,4364,,
2026-07-01,LMbdAdrLzXg,4288,,
2026-07-01,LMryIj-gt9A,2051,,
2026-07-01,LNWGlnt3wF4,19230,,
2026-07-01,LRySNa5Y0No,5639,,
2026-07-01,LSGYVCqNEjc,4291,,
2026-07-01,LXW_Z8rp3bU,2228,,
2026-07-01,L_mpuGgHhfE,4622,,
2026-07-01,LadLiCQaAwQ,5194,,
2026-07-01,Lbrq5ramx-A,4546,,
2026-07-01,LdYe9MF1QMs,1941,,
2026-07-01,Li2lFki33xM,9212,,
2026-07-01,Lk6JhpGO69M,9839,,
2026-07-01,LmDOOPuqYG8,7662,,
2026-07-01,LpqnF4FROjg,364,,
2026-07-01,Lswdyl9nZtE,9563,,
2026-07-01,M61DCig7ZJY,6126,,
2026-07-01,MA41DUCQWfw,2531,,
2026-07-01,MM879hqJf1U,17544,,
2026-07-01,MOmBOx1LEJU,37519,,
2026-07-01,MRxgJpEyabo,4978,,
2026-07-01,MVWyRSiH4uQ,2602,,
2026-07-01,MWkhT5GG75k,6873,,
2026-07-01,MhZ5AKwboh0,9821,,
2026-07-01,MsxCeW9nTb0,3354,,
2026-07-01,Mtqdsr2BC_A,5589,,
2026-07-01,MvMstvlNNzQ,402,,
2026-07-01,MxDzq8aLzTo,789,,
2026-07-01,N0_ptJC7W48,3787,,
2026-07-01,N54m3zy-uzk,3431,,
2026-07-01,N6qK7AUqn54,10661,,
2026-07-01,NELsP8DaEa8,9607,,
2026-07-01,NHGisiXq7eg,7755,,
2026-07-01,NJelRHbyeWw,7528,,
2026-07-01,NRlM9dhgPTg,4344,,
2026-07-01,NWOjsRjPomI,2708,,
2026-07-01,NX-1jJ1PuxY,7806,,
2026-07-01,Nc1nItUxpQQ,8155,,
2026-07-01,Nh7jDVmtg0I,1456,,
2026-07-01,NvFqtHcCCXs,3536,,
2026-07-01,Nz2xOcIryF4,8979,,
2026-07-01,O14qr6DPo4Q,7010,,
2026-07-01,O1awyI-zPJs,14849,,
2026-07-01,OD8Jm9Yk0WY,21542,,
2026-07-01,OH7Rlrq71To,34265,,
2026-07-01,OHt_00p2dmY,5706,,
2026-07-01,OLPoLPMdW_g,2143,,
2026-07-01,OVHP92ag6d4,4146,,
2026-07-01,OYxpHMuv29k,8803,,
2026-07-01,O_7ZySSl0mk,4125,,
2026-07-01,OcgJZnE1a6o,771,,
2026-07-01,Ocp1_PPM4sI,23305,,
2026-07-01,OddgScxecfA,6897,,
2026-07-01,Om4MsEtTrnw,1455,,
2026-07-01,OsN0NNVuu7o,20502,,
2026-07-01,Ou7NGOVJ8Pc,3212,,
2026-07-01,OwK8r2uyqHU,6771,,
2026-07-01,P5dvh5HrHaE,7768,,
2026-07-01,P6a8zyHf7YY,959,,
2026-07-01,P7i-qgVG7c4,1780,,
2026-07-01,PLFNoideC9s,11731,,
2026-07-01,PM4DofLA2g0,731,,
2026-07-01,PUTrIDHNxQs,2410,,
2026-07-01,PdO8UebbbSA,1659,,
2026-07-01,PgvLUj9yWDQ,692,,
2026-07-01,Pk77G5OfECU,5061,,
2026-07-01,PkjXvpbR1q8,9241,,
2026-07-01,PmY9rmZK_oM,1977,,
2026-07-01,Pt8zI30MFm8,6939,,
2026-07-01,PtL2ZgPSF5o,14281,,
2026-07-01,Pwf2T_cntdg,20730,,
2026-07-01,PxyjUIyE5YI,15540,,
2026-07-01,Q-dHeMod7T0,7319,,
2026-07-01,Q1zf4SC-AvQ,2839,,
2026-07-01,QLdp2ZNFM_s,5311,,
2026-07-01,QUNzVqhLUBw,2635,,
2026-07-01,QVi7Ze1DEz4,5571,,
2026-07-01,QY2ox96a1zA,5938,,
2026-07-01,QeCKLvz2tIM,5756,,
2026-07-01,QhRPaWYjWYc,4010,,
2026-07-01,Qrag4Jg-veo,3876,,
2026-07-01,R1S8PFUsVWg,5473,,
2026-07-01,R4hO35nd_OI,6421,,
2026-07-01,R6Ukz91VIAY,1186,,
2026-07-01,R7utAmGPE_M,632,,
2026-07-01,RO6gVW9tdbY,1594,,
2026-07-01,ROV6ce9dkfI,4193,,
2026-07-01,RUy1hElRuUQ,5082,,
2026-07-01,RVWlgBZt6h8,5000,,
2026-07-01,RXEipSzDgtc,21977,,
2026-07-01,Rb2-RE864YY,10630,,
2026-07-01,RdvRwihvUUM,3930,,
2026-07-01,RgeVF0tu6ng,898,,
2026-07-01,RhUoPPchFBU,487,,
2026-07-01,RrVaJ5z_3mU,2972,,
2026-07-01,Rs5p0EuuTDw,9813,,
2026-07-01,Ry8PCL00Sjc,2015,,
2026-07-01,RyckAyrt7xQ,29571,,
2026-07-01,S0W7nQ2q3Kg,7467,,
2026-07-01,SB5QPpcWDXk,8615,,
2026-07-01,SCwP-bR498o,2558,,
2026-07-01,SGOEY0I_FQA,33469,,
2026-07-01,SHzg-IgnKuI,26104,,
2026-07-01,SKEcZIJKPzc,3484,,
2026-07-01,SOXoRwvxcv0,10709,,
2026-07-01,SQdrkq_hBzE,1872,,
2026-07-01,SW7PfbETFx8,2797,,
2026-07-01,SWoYNH7OMZI,1084,,
2026-07-01,SeWXiEIm9oI,1655,,
2026-07-01,Sf25ENrbQGM,997,,
2026-07-01,ShJ_j2paClA,9139,,
2026-07-01,ShkacKGq5Vk,5386,,
2026-07-01,SkukxahhmRo,6839,,
2026-07-01,Sl5Fl_vOthI,3125,,
2026-07-01,Sl5sYEh_UoU,6175,,
2026-07-01,SoVnrdQ7b_s,4927,,
2026-07-01,Sq3rkK6GhuE,245,,
2026-07-01,St5jhqEeasY,4542,,
2026-07-01,T2tuMBwhuKc,6928,,
2026-07-01,TDOWMduvE1o,3082,,
2026-07-01,TEqu2JH5dYc,905,,
2026-07-01,TMvgKj-2Z9k,1011,,
2026-07-01,TP7VDtErEvY,5397,,
2026-07-01,TS9rxa7-CXg,7130,,
2026-07-01,TV3fWx4rQh0,2324,,
2026-07-01,TWUoFcCtDhA,6519,,
2026-07-01,TXAe5nqafRY,1511,,
2026-07-01,T_jQIJSkjGo,7260,,
2026-07-01,TaY5NrLNABM,1331,,
2026-07-01,Tb4JB3eFPXw,5419,,
2026-07-01,Te57wukDp8g,4569,,
2026-07-01,TgJqTy_mCR4,7392,,
2026-07-01,Tj9CJM4ti2w,1732,,
2026-07-01,TqAy1jbJ9w8,8381,,
2026-07-01,TtCijTAgvPc,5050,,
2026-07-01,TvvDTvo-L74,7791,,
2026-07-01,TwfHRcdWHRg,4139,,
2026-07-01,U4zBHwf2MTw,1703,,
2026-07-01,U9sNqbVd1L8,4272,,
2026-07-01,UCaZFYzYm9k,6487,,
2026-07-01,UHGfFw-ZT98,3799,,
2026-07-01,UJOAvX_FD7o,251,,
2026-07-01,UKzsE2t00Jw,412,,
2026-07-01,UOOBf83nIco,37054,,
2026-07-01,UQIBN4D_qIs,2666,,
2026-07-01,UUUH5xnM-Mc,6043,,
2026-07-01,UVdc7kYPJEs,1065,,
2026-07-01,UVkQsLv7n2s,2305,,
2026-07-01,UZ3583GSSOo,3967,,
2026-07-01,UhuJQBAZv84,10298,,
2026-07-01,UiD0-skn904,812,,
2026-07-01,Ulotto-Re6w,4378,,
2026-07-01,UqLF2eIaDxg,7822,,
2026-07-01,V1jmHGrVs_k,8845,,
2026-07-01,V2d8qoEGyEU,231,,
2026-07-01,V3IHs2DwX0U,699,,
2026-07-01,V3nsGV2yOV8,2295,,
2026-07-01,V50CUypS7UM,2946,,
2026-07-01,V6AOpDTpCO4,4972,,
2026-07-01,V6Lm17-mfxA,4402,,
2026-07-01,V6d2Dc1l7BA,7153,,
2026-07-01,VKJLsmW95wc,3724,,
2026-07-01,VKMMVQtaDrM,11484,,
2026-07-01,VLJJ9zvdj2Y,4982,,
2026-07-01,VTOl1gAKo44,3195,,
2026-07-01,VTszds8Y7rU,7993,,
2026-07-01,Vb5gSRAHXCA,3874,,
2026-07-01,VlgtaUj_dho,4027,,
2026-07-01,VoU-7YGmoo0,1852,,
2026-07-01,VvVtNiE0bjA,3997,,
2026-07-01,VwTMGmXxghU,18754,,
2026-07-01,W3I8gwLv0Ro,2930,,
2026-07-01,W6U3fBgQoVg,1974,,
2026-07-01,WD7EzA2sbnI,2105,,
2026-07-01,WIP6ZDjQmww,9570,,
2026-07-01,WKMTSCW51fI,5214,,
2026-07-01,WNFEf_ZwNFw,434,,
2026-07-01,WNhZUBZ8tUc,43989,,
2026-07-01,WWIB8ZW1i6w,2912,,
2026-07-01,WYGsRorORyI,16542,,
2026-07-01,WjgW6u9Tde8,2007,,
2026-07-01,Wu4lafiHjh0,7386,,
2026-07-01,WvVMuiXrqcI,7451,,
2026-07-01,X22UHszz5Dg,4427,,
2026-07-01,X5L0LaarTLg,10532,,
2026-07-01,XAQ_GYsV52A,10013,,
2026-07-01,XEqxbZoaqUw,5153,,
2026-07-01,XIhM9oLObuU,2511,,
2026-07-01,XVwO4OvjwI4,2439,,
2026-07-01,XWSWCP3TBrc,2837,,
2026-07-01,Xm4ScqSNV10,4427,,
2026-07-01,XsCgtUDrxck,2161,,
2026-07-01,Y66yYblAsq8,1866,,
2026-07-01,Y7Rm_Bmu-K0,37878,,
2026-07-01,Y8YjZOGrhJI,3892,,
2026-07-01,YA85ddRTnus,4973,,
2026-07-01,YA_LFvsyLoU,2259,,
2026-07-01,YBMZINlORaw,5923,,
2026-07-01,YDlHWsYd23o,4352,,
2026-07-01,YDmxUb_oNLI,2739,,
2026-07-01,YFjQz7FijWM,15117,,
2026-07-01,YOe2PL-1gT0,671,,
2026-07-01,YXqYOapYqYc,7640,,
2026-07-01,Y_mkJt3oY_k,3544,,
2026-07-01,YiKIKU-5KpY,0,,
2026-07-01,YpCAi9ofhjs,4319,,
2026-07-01,YpMxtemC5y8,4813,,
2026-07-01,YqZzdPYfnso,3604,,
2026-07-01,Ytbx-7bzEGc,4295,,
2026-07-01,Z-s3rXFeosc,6593,,
2026-07-01,Z12fVM_cnaI,10544,,
2026-07-01,Z2njQkTQDKY,5154,,
2026-07-01,Z9Jjrb6xQeo,3548,,
2026-07-01,ZA_G9BP9HLY,488,,
2026-07-01,ZE2dghmFE8Y,22485,,
2026-07-01,ZE3jHXXiSBY,9274,,
2026-07-01,ZE9ENcHPRr8,24126,,
2026-07-01,ZG72S1_wBC0,4980,,
2026-07-01,ZY_oCjE95Ss,393,,
2026-07-01,ZZBZkqJqvu8,10973,,
2026-07-01,Z_REKs508KY,6614,,
2026-07-01,ZaksbmqvxNM,8322,,
2026-07-01,ZcdQLCEyjjU,8551,,
2026-07-01,ZfQ7oKzL-Pw,12432,,
2026-07-01,ZgN1aMmXELI,4781,,
2026-07-01,Zq-NFi8kxlo,48635,,
2026-07-01,ZrqtNoiNSdw,4773,,
2026-07-01,ZsIml_y5qU4,146,,
2026-07-01,ZtUTR0E7VPY,45335,,
2026-07-01,ZvUISEnjqbQ,5337,,
2026-07-01,ZzYTRvOWH1I,4366,,
2026-07-01,_3MWGJ7MUTA,2809,,
2026-07-01,_8p1UyvwmhI,3842,,
2026-07-01,_9BI3P-OH84,1716,,
2026-07-01,_ALc4VJkpjA,12755,,
2026-07-01,_BvUrcl5tls,3146,,
2026-07-01,_EZK5vA1EX0,5162,,
2026-07-01,_FzLqe9KziY,2503,,
2026-07-01,_Jlf2Q0xGZ8,5794,,
2026-07-01,_LzDM8xt_dA,7808,,
2026-07-01,_NHlgOF-WU0,405,,
2026-07-01,_OsQEaApgwY,2524,,
2026-07-01,_UWA2fCxRHI,3731,,
2026-07-01,_auL36M33Aw,2623,,
2026-07-01,_eLkGBx1XiE,1064,,
2026-07-01,_fcTS5NosDs,1561,,
2026-07-01,_r9bm8JLsKc,3325,,
2026-07-01,_wWswU9t8HU,212,,
2026-07-01,_xEjpsA_iVg,2028,,
2026-07-01,_zVLb3rpe5I,6069,,
2026-07-01,_zuQYhMwTgs,5558,,
2026-07-01,a2L6AbyANjw,13254,,
2026-07-01,a2n31BGGWFI,4161,,
2026-07-01,a65XoIF7K7Y,7876,,
2026-07-01,a6qWlOZtG3E,2131,,
2026-07-01,a8g5MvFPwxo,6174,,
2026-07-01,aD-WkrzMJrk,2305,,
2026-07-01,aDDnbn7KVls,12746,,
2026-07-01,aIcW25HaFsI,5061,,
2026-07-01,aMG8tqZ6bW0,2884,,
2026-07-01,aOOR5vp4Kl0,3616,,
2026-07-01,aQF7qqm1iHE,2381,,
2026-07-01,aYgFb-fiwxA,11718,,
2026-07-01,acvpoQwncqI,3049,,
2026-07-01,ad5pxORFPfk,2441,,
2026-07-01,adsB3sGIcVQ,5644,,
2026-07-01,afLeJEbZs2k,6397,,
2026-07-01,ahyTF-4Agkg,985,,
2026-07-01,akC-r5hlDkc,2152,,
2026-07-01,aoh738yJBRA,6378,,
2026-07-01,aqbo0yu_l6g,15859,,
2026-07-01,ar-bXQYvUhs,2447,,
2026-07-01,ath0o3oOJCs,6318,,
2026-07-01,b4fNiXZPqRQ,10078,,
2026-07-01,bHJfRtPpY6E,1651,,
2026-07-01,bHuv7kKqe-A,8189,,
2026-07-01,bJHikj8skz4,2982,,
2026-07-01,bQaZqs74i2Y,5268,,
2026-07-01,bT7qGpnOpo4,4747,,
2026-07-01,b_Obp5cBRZk,5547,,
2026-07-01,bi3ZAQbw8EI,1864,,
2026-07-01,bqTNuZQOziA,9955,,
2026-07-01,bqf0zywB-Wo,11775,,
2026-07-01,c2ket6Qczzw,1469,,
2026-07-01,c3rRnSi93Lw,8716,,
2026-07-01,c6WqvHRlRkc,4349,,
2026-07-01,c9CotszUwYQ,2356,,
2026-07-01,cFn-fD2GmYU,2544,,
2026-07-01,cJwXjAKA0-k,5410,,
2026-07-01,cR199eKHJ4k,346,,
2026-07-01,cWyP2mrcwdM,779,,
2026-07-01,ccZaP6LEaLI,8859,,
2026-07-01,cevjHgZRbrg,292,,
2026-07-01,cfGpIvLPcPw,4939,,
2026-07-01,cga1y52KSCk,2980,,
2026-07-01,cjpnhsKzs1Q,2852,,
2026-07-01,coqZMUFd2C0,35489,,
2026-07-01,cpd3lbm5tL8,3546,,
2026-07-01,cqPVe0nQ1A0,5165,,
2026-07-01,cuZsMnQlDQU,13606,,
2026-07-01,d-msiY5zz5A,3080,,
2026-07-01,d-zJskCnHpI,3093,,
2026-07-01,d09nbbfOIA8,5078,,
2026-07-01,dFH36q7iWiU,243,,
2026-07-01,dHJbG72Itp8,15839,,
2026-07-01,dIqUY3R2_3A,7951,,
2026-07-01,dSmFHbtrZ7g,17629,,
2026-07-01,dURDUSYCm68,15107,,
2026-07-01,dWatNWKO9uk,3519,,
2026-07-01,de7gpeHMS1Q,381,,
2026-07-01,dgkZoy66esM,5292,,
2026-07-01,dijHVnTV0aM,6194,,
2026-07-01,dl3KzRCU-aQ,6549,,
2026-07-01,dlABqtYhbMk,6065,,
2026-07-01,dmbvfKzFSLo,3039,,
2026-07-01,dn-xSg_FT0A,17450,,
2026-07-01,dnI29M9CE44,3898,,
2026-07-01,dnUUMRDbasE,1873,,
2026-07-01,dp7vq7hweXs,1923,,
2026-07-01,dtdf5AeXwB8,420,,
2026-07-01,dtoZraGBx54,15372,,
2026-07-01,dv-40oFi5ak,6470,,
2026-07-01,dx9Qe_629yE,8754,,
2026-07-01,e061vqWD0lQ,1004,,
2026-07-01,e6iHP-UMZnk,5227,,
2026-07-01,e83i1spluHo,6373,,
2026-07-01,eGnLjzejgI4,3000,,
2026-07-01,eK7uM-EeLIk,7694,,
2026-07-01,eLcRSVAncfc,1336,,
2026-07-01,eLhCLA0Jndo,2222,,
2026-07-01,eM2S4pWeczs,149716,,
2026-07-01,eOxOgo6VNzQ,3612,,
2026-07-01,eUkmg5xOC7c,2374,,
2026-07-01,eYY-goMG0N0,4407,,
2026-07-01,ebpANnTL0zw,13273,,
2026-07-01,ecutxRcKQ6I,6449,,
2026-07-01,enR1CfAS5zo,2046,,
2026-07-01,ensnUIxTUHE,14013,,
2026-07-01,er-8YWX70rk,12021,,
2026-07-01,etbk0Z69oDs,815,,
2026-07-01,eu92DDq5snw,5515,,
2026-07-01,eymQ0rXs7d8,6153,,
2026-07-01,f-aH0vpaoyo,10051,,
2026-07-01,f7yvLMqdMJo,4114,,
2026-07-01,f8fN8Uqbb8s,6081,,
2026-07-01,fFdiFTfeCwE,6160,,
2026-07-01,fFgFYRumrDU,11090,,
2026-07-01,fG1-74pj6A4,16087,,
2026-07-01,fHYBRGdrXo0,1946,,
2026-07-01,fIo8SE2ky98,2967,,
2026-07-01,fKvvShsdaWU,18811,,
2026-07-01,fMmn4SMuSdE,4674,,
2026-07-01,fQwyeIriRx8,8369,,
2026-07-01,fZ7RRiEw54E,6330,,
2026-07-01,fbZea8wkoe8,9716,,
2026-07-01,ff5ZGdHsgIA,1096,,
2026-07-01,fg72xV_ZX8g,783,,
2026-07-01,fj2SC2FA324,2029,,
2026-07-01,flJTAxtk67w,11151,,
2026-07-01,flbyvShpL18,4889,,
2026-07-01,fsI10W24Ya8,8027,,
2026-07-01,gAPX20Ja0zk,2652,,
2026-07-01,gAlQprevPh0,2852,,
2026-07-01,gENAeokhMHI,3996,,
2026-07-01,gK1VHYEXt_0,223,,
2026-07-01,gNEGNjVWO0Q,2862,,
2026-07-01,gVj7YvOUjfc,1032,,
2026-07-01,gWdtuyZNxeQ,11130,,
2026-07-01,gXT5p-IBNMg,6040,,
2026-07-01,goQs8La8e94,28925,,
2026-07-01,gpKioDijRD4,1524,,
2026-07-01,gtGmlmLZ3Ps,1214,,
2026-07-01,gy_rDsWx8_4,4919,,
2026-07-01,h1qNF-YaHX8,4876,,
2026-07-01,hBhD4lpfrvw,4139,,
2026-07-01,hBqhV23fZnE,3946,,
2026-07-01,hD4BjVn9YXw,4525,,
2026-07-01,hJ3DwYLFjcY,3612,,
2026-07-01,hRgIER_2tZg,1187,,
2026-07-01,hSuSN9-UZUY,15003,,
2026-07-01,hUQqvZGsp6A,3511,,
2026-07-01,hVMJN3o6-5g,10801,,
2026-07-01,hX5lVJXMurI,6348,,
2026-07-01,h_v3GcIgbvM,18821,,
2026-07-01,hhwrtf3g0yY,4678,,
2026-07-01,hnnt5l96vVE,3545,,
2026-07-01,hrA_TspDTyM,2735,,
2026-07-01,hsiq1QlJqCs,37067,,
2026-07-01,htuK8cgwC-E,2573,,
2026-07-01,hwX4Jil8AFY,2225,,
2026-07-01,hy7L_a8J9z4,6064,,
2026-07-01,hyisCTgnS0g,805,,
2026-07-01,i4tThjQW98w,1476,,
2026-07-01,i5Ufb0FYkDM,2833,,
2026-07-01,i6kooD4epJ0,9681,,
2026-07-01,iCV7kvzQ_bA,19249,,
2026-07-01,iCrYuW2ixu8,2164,,
2026-07-01,iEHsfr9bvpg,12342,,
2026-07-01,iFu9J3h8RBY,8147,,
2026-07-01,iHt3VLuizj4,3673,,
2026-07-01,iKMz8ICRe8I,20456,,
2026-07-01,iNIxuEi7V54,2229,,
2026-07-01,iRyAJEXB_hE,3213,,
2026-07-01,iY0az_GdCiI,5590,,
2026-07-01,iYHt1pdScK0,204198,,
2026-07-01,i_bfUG57Je8,10579,,
2026-07-01,ipf-y1PaGBg,3736,,
2026-07-01,iuZ57o6ph1A,2417,,
2026-07-01,ixG3RWG-Xdw,10522,,
2026-07-01,j3BrzaBGJqY,3138,,
2026-07-01,j50kYrWuR6U,1332,,
2026-07-01,j9lMyW5Emo0,7341,,
2026-07-01,jBZnliX8R7M,5277,,
2026-07-01,jCGuQ1T3kUE,11173,,
2026-07-01,jQiLi6ev9zM,4940,,
2026-07-01,jTEvYjhQKTM,3498,,
2026-07-01,jV8i3ErC3MA,10262,,
2026-07-01,jdAA_65-h0E,16885,,
2026-07-01,jfEMLlPzKEU,7910,,
2026-07-01,jgfWTFUl_58,1432,,
2026-07-01,jh22fly0d-k,5204,,
2026-07-01,jlV4MmBxgPI,13325,,
2026-07-01,jrnfWiLWFJw,382,,
2026-07-01,k1SjNJaOJcA,7019,,
2026-07-01,k3yhL30Kpnw,1609,,
2026-07-01,k4GBTLOy9aE,11159,,
2026-07-01,k73d1z4sXCE,2609,,
2026-07-01,kCTe19NTny4,2081,,
2026-07-01,kCcXFPN8bK0,2700,,
2026-07-01,kETEBzJrtSA,7343,,
2026-07-01,kFWumpkL5yI,3292,,
2026-07-01,kO5VQOB3sxI,6275,,
2026-07-01,kSbp6GNfK7Y,4453,,
2026-07-01,kUDZK_9QPtA,14239,,
2026-07-01,kYmLSudfROM,5648,,
2026-07-01,kb2G7jcB3Ls,4275,,
2026-07-01,keYeekasjI8,20012,,
2026-07-01,kjl_jo_1HTg,2456,,
2026-07-01,ko82nHa36U4,8765,,
2026-07-01,kpcxQ1XCrq8,254,,
2026-07-01,kr9WECLcJWU,3721,,
2026-07-01,ktZgSqvfl8o,455,,
2026-07-01,kuoLAhyeaJQ,4024,,
2026-07-01,kzApFdb-KEs,777,,
2026-07-01,kzQhIJnlTsI,96493,,
2026-07-01,l4OOeF2yo9Y,3780,,
2026-07-01,lADjNtrJtIo,3134,,
2026-07-01,lCTSpZlGMb4,3724,,
2026-07-01,lN4Nv7R4sBI,10333,,
2026-07-01,lOciy5N92Lg,1560,,
2026-07-01,lOomWUxwNlQ,4476,,
2026-07-01,lSkunEYX5Go,1737,,
2026-07-01,lTCDfNnY4u8,5749,,
2026-07-01,lZj5qfUurLw,4017,,
2026-07-01,lZm2ZwjEy38,2982,,
2026-07-01,lgNWcFP2Ltg,12135,,
2026-07-01,lr1GJQXbj4c,1956,,
2026-07-01,lvOd4uyJkFE,30738,,
2026-07-01,lvtS_HSjXUA,10341,,
2026-07-01,m1gcxwLGPos,5676,,
2026-07-01,m6233lu5J9Q,11746,,
2026-07-01,m9q3qhKxbk4,2464,,
2026-07-01,mDDcQa5yCfI,20644,,
2026-07-01,mHE2XXExu7Q,1251,,
2026-07-01,mHSNcvaQ8YU,1017,,
2026-07-01,mM4k2pf-l9E,6028,,
2026-07-01,mNKdQ1YwHPc,2885,,
2026-07-01,mOqGGh-ot08,11958,,
2026-07-01,m_vvvpnOHfw,406,,
2026-07-01,mhXS2cpJlRo,1955,,
2026-07-01,mkJ-QgvLtyk,12263,,
2026-07-01,mnu4iJG72y8,5482,,
2026-07-01,n5WXv528CII,17781,,
2026-07-01,n93OGgP941o,2352,,
2026-07-01,n9XvIj6hOjc,2133,,
2026-07-01,nDLFzy9hIow,9679,,
2026-07-01,nF0VXXPcAh4,3039,,
2026-07-01,nMQCA_C9zoQ,102436,,
2026-07-01,nPV7ftm2WSg,2180,,
2026-07-01,nRTuARH-N9A,639,,
2026-07-01,nZ-Yf21ufww,9571,,
2026-07-01,n_8ek8wvHc8,5499,,
2026-07-01,nbqcaybmEe8,11615,,
2026-07-01,neQ91eM5hw4,21365,,
2026-07-01,nuEwWBGiQ4c,3854,,
2026-07-01,nwbp-b7PO4g,7251,,
2026-07-01,nxJqaJgDQIE,4314,,
2026-07-01,nyHN_s3QpkY,6987,,
2026-07-01,o0dULDtKQ-8,9963,,
2026-07-01,o4tmiD22BLI,18507,,
2026-07-01,oCAyG5S7cIw,10360,,
2026-07-01,oDeAAnpEEXU,1930,,
2026-07-01,oKTvQ7d9gYw,27420,,
2026-07-01,oPCHIAxcTHw,37864,,
2026-07-01,oRXt4EmUmKk,4269,,
2026-07-01,oUdstwXRu2c,2786,,
2026-07-01,oZh7YlRGlqA,5120,,
2026-07-01,oZjiL501lAY,1413,,
2026-07-01,o_FRQ02nigQ,5532,,
2026-07-01,ofwkfFci1iI,3337,,
2026-07-01,ol2a1T0BgrM,4419,,
2026-07-01,ol_M2L_mjBI,2629,,
2026-07-01,onlJoxwtQec,1385,,
2026-07-01,oo0K4ydn4rw,5984,,
2026-07-01,p-Ig77st4KY,8012,,
2026-07-01,p23Rm9i_EIg,6497,,
2026-07-01,p6uuiKju1Gc,4274,,
2026-07-01,p8GqOFBpR5w,4790,,
2026-07-01,p8ZK2nre57U,3805,,
2026-07-01,pC_lpEworvo,1029,,
2026-07-01,pGUjxBQqY5E,4042,,
2026-07-01,pKvwesJ8-t0,8736,,
2026-07-01,pRB23hC8dZY,3115,,
2026-07-01,pUPzkqLt5WM,4564,,
2026-07-01,pWY2T3MqfCw,3434,,
2026-07-01,pdIXWsxp0_g,3808,,
2026-07-01,pms2oKZcuqo,3422,,
2026-07-01,ppIXkOvS4WI,4007,,
2026-07-01,ptv9GRoEKs0,3729,,
2026-07-01,pyuB406DLuo,11437,,
2026-07-01,pzLWWa96_lE,5886,,
2026-07-01,q4mgxHWrmLM,6369,,
2026-07-01,q52xE5uCNT0,11595,,
2026-07-01,qIxGLqP2ZBA,3334,,
2026-07-01,qJ6pJMN4eiA,2638,,
2026-07-01,qMz0UbGJq4Y,6787,,
2026-07-01,qZi9yeRBf94,3770,,
2026-07-01,q_TknmNwvqA,6023,,
2026-07-01,qabDQ1ebZbQ,5929,,
2026-07-01,qbXC7hLKuGM,260,,
2026-07-01,qd6gmV0qrrk,14350,,
2026-07-01,qiI-rwVGiYQ,1983,,
2026-07-01,qkMCHJ28vsI,2319,,
2026-07-01,qmcbY6Sr_mw,3110,,
2026-07-01,qqQxwunPfLo,5165,,
2026-07-01,qzy12XbaJQ4,1502,,
2026-07-01,r0ZddKvFa9w,7615,,
2026-07-01,r3P6BU0gEVU,7487,,
2026-07-01,r4YE2Zghgbc,2836,,
2026-07-01,rAxPIoC8bB4,12543,,
2026-07-01,rJ6YCE4gWS0,1629,,
2026-07-01,rJeHPb9VWP4,2363,,
2026-07-01,rLZUcW0DBTM,9792,,
2026-07-01,rLfvnvBj8Ls,4845,,
2026-07-01,rR2A9ezT_gg,16437,,
2026-07-01,rULrrI9GfWU,1340,,
2026-07-01,rV23IXWdDOY,17143,,
2026-07-01,rVEh3PGiggk,372,,
2026-07-01,r_lWb2SpHO4,10311,,
2026-07-01,rckZ2uBOGYs,4275,,
2026-07-01,rixzhpBKdfg,2619,,
2026-07-01,rlnx986Qxkc,12989,,
2026-07-01,rojYn7h_-U4,2252,,
2026-07-01,rqcOPT_Dg7A,7186,,
2026-07-01,ruxKM1qX0Dc,11471,,
2026-07-01,rzIPT2DPtvA,5669,,
2026-07-01,s2GjWfPbh9I,1966,,
2026-07-01,sHQg97i_Hp0,156,,
2026-07-01,sO1rprIWDas,4252,,
2026-07-01,sQH3xPVic6Y,3889,,
2026-07-01,sVwAWTxKDJ0,7831,,
2026-07-01,sXRGp_ttFI4,7101,,
2026-07-01,sZhgf8PQ5gc,8565,,
2026-07-01,scIFhQSvvlE,2726,,
2026-07-01,scM9aI9kTus,4900,,
2026-07-01,skABNIsQ3fA,12486,,
2026-07-01,sl11WONqgaQ,3466,,
2026-07-01,smATVd6dk-k,13987,,
2026-07-01,sqx6twZgR-k,3902,,
2026-07-01,ssIA_N2u50Y,7218,,
2026-07-01,syPu5HdMT4k,1016,,
2026-07-01,t01TItG_UAQ,594,,
2026-07-01,t1UIIjuMirY,8778,,
2026-07-01,t1kj63890o8,3504,,
2026-07-01,t3G_N5DO6us,6198,,
2026-07-01,t4gVVdxtNWE,8645,,
2026-07-01,tGsk0H21JgE,2141,,
2026-07-01,t_RBOUZAqGw,4469,,
2026-07-01,tcomjtcMjLE,1105,,
2026-07-01,tdc-zfxIlEY,32032,,
2026-07-01,tiDCtcHjdQU,7104,,
2026-07-01,trS0kTq6Tk8,1652,,
2026-07-01,txSX7-1XQOE,2643,,
2026-07-01,tyRJESdSDm4,14599,,
2026-07-01,tz7n--I4rDU,1479,,
2026-07-01,u00LAYagwGo,4468,,
2026-07-01,u4e1ijV4iRQ,5308,,
2026-07-01,u7xKzLuKt5I,17635,,
2026-07-01,uXbngiOXOD0,10307,,
2026-07-01,ub9JNL8EhJ4,1471,,
2026-07-01,uk5ADKNqHoc,1452,,
2026-07-01,ul9Sw7brukY,1567,,
2026-07-01,umNEJg2sj50,968,,
2026-07-01,un8Mt5f-mUE,10598,,
2026-07-01,usRrwR8CUb8,9065,,
2026-07-01,uxxwN68AJHE,5479,,
2026-07-01,v-ylvHTi_Mc,3364,,
2026-07-01,v0kp6W42yf4,2905,,
2026-07-01,v1J7bERLirA,3233,,
2026-07-01,v9INdKeBJEI,42017,,
2026-07-01,vDzWHTMsp_Y,1731,,
2026-07-01,vHvpM9nSO3Q,4055,,
2026-07-01,vIAhcX4SppA,3185,,
2026-07-01,vKYW7MTBAFg,10081,,
2026-07-01,vM5V9hoDKnQ,8933,,
2026-07-01,vQI78T3g4Gg,6156,,
2026-07-01,vUEmbLAxZ0Y,1099,,
2026-07-01,vWTTG9XlMoY,13341,,
2026-07-01,v_JJzLJ0eRw,4740,,
2026-07-01,vmSPrsKC8i8,49922,,
2026-07-01,vqsoh8y6xa8,5501,,
2026-07-01,vuvK_DUcqCk,7757,,
2026-07-01,vy88MX2ss_g,7392,,
2026-07-01,vyg196YvsgE,1027,,
2026-07-01,w3HciqK70s4,1646,,
2026-07-01,w68xGF_YIgU,24847,,
2026-07-01,w6b2AkddE8Y,2644,,
2026-07-01,w9kpcvkWngA,6600,,
2026-07-01,wBWXzI7uJYo,3686,,
2026-07-01,wGDSdaXZj00,44826,,
2026-07-01,wHcblaGXua8,10062,,
2026-07-01,wLB8pR4uME0,2734,,
2026-07-01,wSEMUoR4FS4,1496,,
2026-07-01,wSnq-Unha34,154929,,
2026-07-01,wX47G7oi_Z4,1960,,
2026-07-01,wg1R2_G_LEc,6194,,
2026-07-01,wnahjxPk5rk,2294,,
2026-07-01,wpHm4ARAChc,21334,,
2026-07-01,wpWCpGTZE2A,1896,,
2026-07-01,wuZgRtutoHQ,8186,,
2026-07-01,wutJAXwvMqo,9179,,
2026-07-01,wwtaQ_PNx1M,2964,,
2026-07-01,wxWz6zDC2wo,1483,,
2026-07-01,wzSn1b5XXtk,1873,,
2026-07-01,x3gjYoDR5tA,2629,,
2026-07-01,x5fPiJUOMk0,3879,,
2026-07-01,xGMFiacVSrk,4255,,
2026-07-01,xMbY5fkmK0A,3536,,
2026-07-01,xQKEy65zAso,64309,,
2026-07-01,xTpYdSgeWPc,1179,,
2026-07-01,xZIOdejjTlg,2927,,
2026-07-01,x_KffjhARa0,2789,,
2026-07-01,xe6w3VmUf5I,6061,,
2026-07-01,xs2J2KW1q8Q,8440,,
2026-07-01,xvdkNKQAbJ8,1826,,
2026-07-01,xwLoo8ThKHI,858,,
2026-07-01,xxC2s5JBYZM,332,,
2026-07-01,xya7ZlFJ-x8,2269,,
2026-07-01,y3rXMXG_UF8,3659,,
2026-07-01,y4Yqheg9DuY,15378,,
2026-07-01,y6T5kX1L0aw,1627,,
2026-07-01,y76fsYJCAO0,1640,,
2026-07-01,y8mTWAs2PPw,3175,,
2026-07-01,yF9W5KZ4lfs,6508,,
2026-07-01,yGc4NnBE6nY,4930,,
2026-07-01,yJTEsQi0G98,1494,,
2026-07-01,yKCrM_XkKaY,15329,,
2026-07-01,yKIM1UxtbpU,2036,,
2026-07-01,yPh9jEw5_Lw,2806,,
2026-07-01,ySg8CEjxwwo,5787,,
2026-07-01,yUQ4NYv_io0,3377,,
2026-07-01,yXWhKEoL3QU,3964,,
2026-07-01,yo-Wdxc6ng0,3502,,
2026-07-01,yrJ1mvA6eIM,10049,,
2026-07-01,yrcwoFLtS5Y,7393,,
2026-07-01,ytt9pEb78FA,4999,,
2026-07-01,z-n_vz4gFRw,14255,,
2026-07-01,z0A-aCcVXSA,3086,,
2026-07-01,z2SU31i7Uo4,9262,,
2026-07-01,z8MJYHsQh5c,16624,,
2026-07-01,zCk1p-hPBCs,158,,
2026-07-01,zDtacZ_qT0Y,12033,,
2026-07-01,zI6L_SkYqkU,1245,,
2026-07-01,zLgpLCYCbyA,2546,,
2026-07-01,zSvZdF7CBjU,6218,,
2026-07-01,zVMIZRDSvCc,1751,,
2026-07-01,zXbAf49C9vE,4188,,
2026-07-01,zceKtRTdgSo,12889,,
2026-07-01,zjYgzIlRmOk,7050,,
2026-07-01,zksWnpcM05I,4252,,
2026-07-01,zpX-Xs1a9MY,3136,,
2026-07-01,zrRTPvOBEnU,2822,,
2026-07-01,zsRQcswYx8w,2824,,
2026-07-01,zsYZHcSRvB8,25366,,
2026-07-01,zsaXdCEuYsY,2251,,
2026-07-01,zufjmNpcSlg,1610,,
2026-07-01,zvjhIylspTc,10146,,
2026-07-01,zx1Xu1eI_UM,2085,,
2026-07-01,zxwGfKCo6as,4764,,
2026-07-01,zyY2aRVZMp4,1260,,
2026-07-01,zzWIE6Sg_E0,22276,,
2026-07-02,0PBCtb7Va-c,1473,,
2026-07-02,3A0Gwb7nmw8,2748,,
2026-07-02,F5WCr1Md6mk,2050,,
2026-07-02,GME--_-r_lU,2719,,
2026-07-02,IM0HdpgIDq8,11138,,
2026-07-02,KNwEQXDv5XM,8364,,
2026-07-02,Kh_0ICA5cfg,5928,,
2026-07-02,MOmBOx1LEJU,37766,,
2026-07-02,PmY9rmZK_oM,1979,,
2026-07-02,SoVnrdQ7b_s,4935,,
2026-07-02,U9sNqbVd1L8,4280,,
2026-07-02,UVkQsLv7n2s,2306,,
2026-07-02,_ALc4VJkpjA,12781,,
2026-07-02,ccZaP6LEaLI,8880,,
2026-07-02,gAlQprevPh0,2859,,
2026-07-02,hJ3DwYLFjcY,3625,,
2026-07-02,iY0az_GdCiI,5603,,
2026-07-02,mOqGGh-ot08,11997,,
2026-07-02,p-Ig77st4KY,8034,,
2026-07-02,ppIXkOvS4WI,4014,,
2026-07-02,sl11WONqgaQ,3475,,
2026-07-02,xGMFiacVSrk,4315,,
2026-07-02,xZIOdejjTlg,2927,,
2026-07-02,yJTEsQi0G98,1508,,
2026-07-02,zXbAf49C9vE,4535,,
2026-07-02,zx1Xu1eI_UM,2087,,
2026-07-03,-Fkj0aK2dO8,5787,,
2026-07-03,0PBCtb7Va-c,2488,,
2026-07-03,3A0Gwb7nmw8,2747,,
2026-07-03,7sRKccOoPbY,8886,,
2026-07-03,Ati51CQqpKY,5741,,
2026-07-03,F5WCr1Md6mk,2055,,
2026-07-03,GME--_-r_lU,2756,,
2026-07-03,IM0HdpgIDq8,11240,,
2026-07-03,KNwEQXDv5XM,8366,,
2026-07-03,Kh_0ICA5cfg,5932,,
2026-07-03,MOmBOx1LEJU,37961,,
2026-07-03,PmY9rmZK_oM,1981,,
2026-07-03,QQh0twun7tg,46952,,
2026-07-03,SoVnrdQ7b_s,4940,,
2026-07-03,U9sNqbVd1L8,4285,,
2026-07-03,UVkQsLv7n2s,2307,,
2026-07-03,_ALc4VJkpjA,12793,,
2026-07-03,cMFi9XkhDDQ,2598,,
2026-07-03,ccZaP6LEaLI,8905,,
2026-07-03,eokbRB_Y2CU,4462,,
2026-07-03,f1eFQJocAow,7469,,
2026-07-03,gAlQprevPh0,2869,,
2026-07-03,hJ3DwYLFjcY,3640,,
2026-07-03,iY0az_GdCiI,5616,,
2026-07-03,mOqGGh-ot08,12027,,
2026-07-03,p-Ig77st4KY,8059,,
2026-07-03,pTqxjQV_PYU,9234,,
2026-07-03,pj41DZonKFU,5506,,
2026-07-03,ppIXkOvS4WI,4032,,
2026-07-03,sl11WONqgaQ,3481,,
2026-07-03,xGMFiacVSrk,4375,,
2026-07-03,xZIOdejjTlg,2928,,
2026-07-03,yJTEsQi0G98,1519,,
2026-07-03,zXbAf49C9vE,4756,,
2026-07-03,zx1Xu1eI_UM,2090,,
2026-07-04,0PBCtb7Va-c,3107,,
2026-07-04,3A0Gwb7nmw8,2748,,
2026-07-04,F5WCr1Md6mk,2059,,
2026-07-04,GME--_-r_lU,2781,,
2026-07-04,IM0HdpgIDq8,11422,,
2026-07-04,Kh_0ICA5cfg,5940,,
2026-07-04,MOmBOx1LEJU,38169,,
2026-07-04,PmY9rmZK_oM,1983,,
2026-07-04,SoVnrdQ7b_s,4944,,
2026-07-04,U9sNqbVd1L8,4291,,
2026-07-04,UVkQsLv7n2s,2308,,
2026-07-04,_ALc4VJkpjA,12812,,
2026-07-04,ccZaP6LEaLI,8934,,
2026-07-04,gAlQprevPh0,2882,,
2026-07-04,hJ3DwYLFjcY,3644,,
2026-07-04,iY0az_GdCiI,5634,,
2026-07-04,mOqGGh-ot08,12075,,
2026-07-04,p-Ig77st4KY,8078,,
2026-07-04,ppIXkOvS4WI,4042,,
2026-07-04,sl11WONqgaQ,3489,,
2026-07-04,xGMFiacVSrk,4420,,
2026-07-04,xZIOdejjTlg,2928,,
2026-07-04,yJTEsQi0G98,1529,,
2026-07-04,zXbAf49C9vE,4928,,
2026-07-04,zx1Xu1eI_UM,2095,,
2026-07-05,0PBCtb7Va-c,3839,,
2026-07-05,3A0Gwb7nmw8,2752,,
2026-07-05,F5WCr1Md6mk,2060,,
2026-07-05,GME--_-r_lU,2826,,
2026-07-05,IM0HdpgIDq8,11556,,
2026-07-05,Kh_0ICA5cfg,5946,,
2026-07-05,MOmBOx1LEJU,38338,,
2026-07-05,PmY9rmZK_oM,1985,,
2026-07-05,SoVnrdQ7b_s,4949,,
2026-07-05,U9sNqbVd1L8,4298,,
2026-07-05,UVkQsLv7n2s,2316,,
2026-07-05,_ALc4VJkpjA,12827,,
2026-07-05,ccZaP6LEaLI,8965,,
2026-07-05,gAlQprevPh0,2898,,
2026-07-05,hJ3DwYLFjcY,3652,,
2026-07-05,iY0az_GdCiI,5645,,
2026-07-05,mOqGGh-ot08,12104,,
2026-07-05,p-Ig77st4KY,8105,,
2026-07-05,ppIXkOvS4WI,4061,,
2026-07-05,sl11WONqgaQ,3497,,
2026-07-05,xGMFiacVSrk,4450,,
2026-07-05,xZIOdejjTlg,2928,,
2026-07-05,yJTEsQi0G98,1533,,
2026-07-05,zXbAf49C9vE,5063,,
2026-07-05,zx1Xu1eI_UM,2095,,
2026-07-06,0PBCtb7Va-c,4433,,
2026-07-06,3A0Gwb7nmw8,2762,,
2026-07-06,5b4RSDrkc8I,4619,,
2026-07-06,ClAz_Etby1k,3588,,
2026-07-06,F5WCr1Md6mk,2061,,
2026-07-06,GME--_-r_lU,2868,,
2026-07-06,IM0HdpgIDq8,11641,,
2026-07-06,Kh_0ICA5cfg,5954,,
2026-07-06,MOmBOx1LEJU,38517,,
2026-07-06,N9CZswDtnCA,3492,,
2026-07-06,Nhb3_wu7Ddk,13692,,
2026-07-06,PmY9rmZK_oM,1987,,
2026-07-06,SoVnrdQ7b_s,4954,,
2026-07-06,U9sNqbVd1L8,4306,,
2026-07-06,UVkQsLv7n2s,2321,,
2026-07-06,UxyCkiufJyg,3396,,
2026-07-06,WUchEyRFIxw,3901,,
2026-07-06,_ALc4VJkpjA,12841,,
2026-07-06,ccZaP6LEaLI,9011,,
2026-07-06,dA0DwmLmQ9s,6445,,
2026-07-06,gAlQprevPh0,2914,,
2026-07-06,hJ3DwYLFjcY,3663,,
2026-07-06,iY0az_GdCiI,5666,,
2026-07-06,mOqGGh-ot08,12152,,
2026-07-06,p-Ig77st4KY,8138,,
2026-07-06,ppIXkOvS4WI,4078,,
2026-07-06,sl11WONqgaQ,3507,,
2026-07-06,svTgRSTyypU,29753,,
2026-07-06,uNX13pgpGBU,1685,,
2026-07-06,xGMFiacVSrk,4486,,
2026-07-06,xZIOdejjTlg,2930,,
2026-07-06,yJTEsQi0G98,1544,,
2026-07-06,yeBCQurwTAM,3974,,
2026-07-06,zXbAf49C9vE,5156,,
2026-07-06,zx1Xu1eI_UM,2097,,
2026-07-07,0PBCtb7Va-c,4993,,
2026-07-07,3A0Gwb7nmw8,2763,,
2026-07-07,F5WCr1Md6mk,2067,,
2026-07-07,GME--_-r_lU,2887,,
2026-07-07,IM0HdpgIDq8,11671,,
2026-07-07,Kh_0ICA5cfg,5974,,
2026-07-07,MOmBOx1LEJU,38800,,
2026-07-07,PmY9rmZK_oM,1989,,
2026-07-07,SoVnrdQ7b_s,4969,,
2026-07-07,U9sNqbVd1L8,4311,,
2026-07-07,UVkQsLv7n2s,2325,,
2026-07-07,_ALc4VJkpjA,12862,,
2026-07-07,ccZaP6LEaLI,9050,,
2026-07-07,gAlQprevPh0,2932,,
2026-07-07,hJ3DwYLFjcY,3676,,
2026-07-07,iY0az_GdCiI,5689,,
2026-07-07,mOqGGh-ot08,12183,,
2026-07-07,p-Ig77st4KY,8177,,
2026-07-07,ppIXkOvS4WI,4097,,
2026-07-07,sl11WONqgaQ,3513,,
2026-07-07,uNX13pgpGBU,2890,,
2026-07-07,xGMFiacVSrk,4534,,
2026-07-07,yJTEsQi0G98,1550,,
2026-07-07,zXbAf49C9vE,5330,,
2026-07-07,zx1Xu1eI_UM,2100,,
2026-07-08,--eCZ5KJphU,1963,,
2026-07-08,-27X7n7IstM,6657,,
2026-07-08,-3dLSMzi38k,5056,,
2026-07-08,-FJcDEQ2CB0,14285,,
2026-07-08,-GYR8m5pqkI,10674,,
2026-07-08,-SxNX1_ipZ0,4497,,
2026-07-08,-WID9zHoKhE,372,,
2026-07-08,-pXsceBZ-uI,1959,,
2026-07-08,01F_B8RaurQ,364,,
2026-07-08,0A3d0lovA9c,2913,,
2026-07-08,0BvJ_8VSpAQ,19975,,
2026-07-08,0JFuxpSFiLo,20887,,
2026-07-08,0Mur3o4gJn4,5862,,
2026-07-08,0PBCtb7Va-c,5245,,
2026-07-08,0U0-9stDv2w,6801,,
2026-07-08,0YdWcjA5acg,8220,,
2026-07-08,0_I4PHJ-miw,21635,,
2026-07-08,0dqRFbgCuVg,6558,,
2026-07-08,0irTZK6Z_YI,986,,
2026-07-08,0jvB7_mRdVk,1538,,
2026-07-08,0luCN1MyFX8,10997,,
2026-07-08,0nv1NY1lx_E,5312,,
2026-07-08,0t_oTJZ6Irs,6704,,
2026-07-08,13jLs1WwfTY,4792,,
2026-07-08,14FLm6zvvlM,3288,,
2026-07-08,1APEiSZz2zM,320,,
2026-07-08,1M5hO5Iz4hQ,11529,,
2026-07-08,1WejSH57PSA,555,,
2026-07-08,1_CE104JHi8,4483,,
2026-07-08,1fn9RPaSFvM,4161,,
2026-07-08,1gAj8idUtrk,12954,,
2026-07-08,1k6Bzkiw48o,10773,,
2026-07-08,1qYWYaGdxt4,1427,,
2026-07-08,1uRRhugMzlE,4361,,
2026-07-08,1vJB1yOPOf0,7407,,
2026-07-08,1yK9VWnQpx4,21617,,
2026-07-08,24Ib0j0xDxE,15892,,
2026-07-08,2CnmP8lvGE4,6295,,
2026-07-08,2JqFe4tSOyk,9857,,
2026-07-08,2OdJHlmdu3A,3440,,
2026-07-08,2WaFFWc3lno,6187,,
2026-07-08,2bY_4Ut49J8,4102,,
2026-07-08,2l0-duQwSfI,5316,,
2026-07-08,2lZK2lUb6ew,10619,,
2026-07-08,2qLT-wnFaP0,7884,,
2026-07-08,2qZb4PtGQUg,3225,,
2026-07-08,2qron8l5-WA,2911,,
2026-07-08,2vAcCPS9-YE,3137,,
2026-07-08,3A0Gwb7nmw8,2766,,
2026-07-08,3BNqAqRukts,17449,,
2026-07-08,3Cm_qVj04z0,338,,
2026-07-08,3DNRCakknE0,4690,,
2026-07-08,3HUs08W6-8o,15740,,
2026-07-08,3KJwgGv_hq0,4050,,
2026-07-08,3Nh8y-oesJ0,7923,,
2026-07-08,3gPoLb5rT70,16920,,
2026-07-08,3iUH-OYuGIo,235,,
2026-07-08,3jZh-NYS564,6809,,
2026-07-08,3nGph8PX2-Q,3509,,
2026-07-08,3xtwXWyEfhk,1797,,
2026-07-08,49KORRES2ks,2318,,
2026-07-08,4Q1Xe92xmwI,9471,,
2026-07-08,4VN65sXHXSU,5780,,
2026-07-08,4WHM_GRby90,5790,,
2026-07-08,4aUWIhJE2n4,3637,,
2026-07-08,4b4THjNuDW0,605,,
2026-07-08,4n-UnjzY3B0,253,,
2026-07-08,4qtFClwSzc8,1466,,
2026-07-08,4r4Fv5i5zCI,7177,,
2026-07-08,4tli9Q4KZ3w,3155,,
2026-07-08,4vHxpaifn9w,25246,,
2026-07-08,4zfnW56TcvY,3011,,
2026-07-08,5I2-cQ7oa10,3606,,
2026-07-08,5MHf5WPH1v4,4386,,
2026-07-08,5R6l50LDlV4,3567,,
2026-07-08,5kFO9eUjRPk,12988,,
2026-07-08,5sVEspUzpGY,3789,,
2026-07-08,5t3KYPZKUe4,10738,,
2026-07-08,615ClJ5oqkw,1220,,
2026-07-08,62v6RgdBly0,2405,,
2026-07-08,69_RI4iZxuQ,6531,,
2026-07-08,6BegJIenaBE,9766,,
2026-07-08,6Bmjis1ofzE,6159,,
2026-07-08,6SV0Lm47pvY,2453,,
2026-07-08,6TcR8BFdyJM,2912,,
2026-07-08,6VUBa5NSLU8,965,,
2026-07-08,6Xmd08nL2G4,4721,,
2026-07-08,6d8jMrgjDuE,3238,,
2026-07-08,6iCAxQUz4aQ,5756,,
2026-07-08,6l3bIPltt3A,6850,,
2026-07-08,6ob9UwPviJA,5043,,
2026-07-08,6tcSoXsMs9c,6070,,
2026-07-08,6vhfb7LUUYc,3595,,
2026-07-08,6zLWdLXiJC8,13827,,
2026-07-08,73a6CtNTac4,10074,,
2026-07-08,7BXf6nTyiCQ,3887,,
2026-07-08,7BkLmVdcaJw,6343,,
2026-07-08,7EgU3ReHrIc,1259,,
2026-07-08,7FZrM9iMsCM,6357,,
2026-07-08,7IZ5eCJ3Vqc,2448,,
2026-07-08,7NZvpCqH7eA,2777,,
2026-07-08,7NbPwroPQ80,3045,,
2026-07-08,7Odyxk-S9f0,53082,,
2026-07-08,7PSt_Gouh6g,2812,,
2026-07-08,7cpCkvLwQsI,2098,,
2026-07-08,7dlhZLngdvM,8815,,
2026-07-08,7m_UlzkGLlA,34488,,
2026-07-08,7tKbMZqzLks,2855,,
2026-07-08,7ufObjxCBKI,13840,,
2026-07-08,7wuBlcFsfvc,4390,,
2026-07-08,7zHiFWEJfZY,8682,,
2026-07-08,87Vb6sa1KcY,1457,,
2026-07-08,8OPlCKgcSO8,6361,,
2026-07-08,8T1Pe58GJpw,4300,,
2026-07-08,8UOwBfCgZn8,1054,,
2026-07-08,8UWpsEyQwCU,3979,,
2026-07-08,8_fxIwJi8eI,12250,,
2026-07-08,8fwEHUkKTFc,1238,,
2026-07-08,8hbiWsIlhQ0,1285,,
2026-07-08,8pRl03u-hjI,7753,,
2026-07-08,8r9S_xIzqLk,4070,,
2026-07-08,8tmQ6wySUSI,4545,,
2026-07-08,900BOlBTFNg,36102,,
2026-07-08,99bQhxWPWuo,9168,,
2026-07-08,9BmwbWSPXwY,4753,,
2026-07-08,9Fhr7gYQPBM,1458,,
2026-07-08,9O3XYd0F6VI,11237,,
2026-07-08,9Ot1RhssfL0,769,,
2026-07-08,9TvuNO-fnXM,16152,,
2026-07-08,9_6yRxY8iiY,9873,,
2026-07-08,9cZh_IuGMyM,375,,
2026-07-08,9dFDeUNHViY,9313,,
2026-07-08,9gFQ9rFMKEA,38847,,
2026-07-08,9h2v-rVmwEA,8654,,
2026-07-08,9hOkPAYmpPM,6634,,
2026-07-08,9hgzA60ZGZg,5468,,
2026-07-08,9rVcXaVHCXw,2618,,
2026-07-08,9wgzzLCatp8,854,,
2026-07-08,9yg2AIYdu6E,1738,,
2026-07-08,A4wr-iI2hJU,21122,,
2026-07-08,A5ojgoN39Lc,6317,,
2026-07-08,A9RXB8YTc6Y,12538,,
2026-07-08,ADwtKtLtE8Q,1998,,
2026-07-08,AKDQisHl8Ek,3897,,
2026-07-08,AKJRVoJu_Q4,7414,,
2026-07-08,ANYrzwn5h_M,4668,,
2026-07-08,AO1WNfgIgiE,8572,,
2026-07-08,ASSnCNI-KlM,1261,,
2026-07-08,AU7Z9h1x1Ys,695,,
2026-07-08,AUG114ir5eQ,1241,,
2026-07-08,AUxR3aTc3ng,1503,,
2026-07-08,AaCd4amsV0U,2024,,
2026-07-08,Ac6AOC9yxJE,4319,,
2026-07-08,AcR00ZHbVKU,7506,,
2026-07-08,AgcnylfczPE,10511,,
2026-07-08,AmYVHRf2Aq8,8644,,
2026-07-08,Ao4VRNX_h4A,11766,,
2026-07-08,Aq3emUbqTbA,803,,
2026-07-08,B0IPEMdrCRA,3028,,
2026-07-08,B5xTJMahaK4,2528,,
2026-07-08,B9FbWxNdJPY,18956,,
2026-07-08,B9zmRMY6ISI,2700,,
2026-07-08,BNze82M59-E,7001,,
2026-07-08,BSum-2t0a28,4636,,
2026-07-08,B_OF2TYLnQw,6326,,
2026-07-08,B_rcAwySccg,3512,,
2026-07-08,BdCpg8-TlGg,3516,,
2026-07-08,BfLT1TlZInE,19947,,
2026-07-08,BfjZU1zyiOc,1882,,
2026-07-08,BkAhos9qrLQ,2128,,
2026-07-08,BsWIaYs09vc,5918,,
2026-07-08,BskXYIlyNzA,5979,,
2026-07-08,C5ETgNOq1gQ,14236,,
2026-07-08,C5Rh96Gz8yg,6937,,
2026-07-08,C9AMwVwgVPo,3007,,
2026-07-08,C9FJCiew0s8,4045,,
2026-07-08,CD6KcQMdzfc,2829,,
2026-07-08,CEF9v_JMVe8,7183,,
2026-07-08,CJkJWnPzguM,21066,,
2026-07-08,CKAGWlmyXbA,8905,,
2026-07-08,CMh4ttABaiE,1223,,
2026-07-08,CSTFP0gKnd8,5306,,
2026-07-08,CUpAWj1wVbU,24382,,
2026-07-08,CVFIzDp5iio,11214,,
2026-07-08,CYn4JoQTD1I,669,,
2026-07-08,CYvruxt8Ocw,5282,,
2026-07-08,CgzCQr9ilsw,387,,
2026-07-08,ChKL1KyjlZ4,5184,,
2026-07-08,CkghB9G4vOo,214,,
2026-07-08,Cpa04rQyl18,7988,,
2026-07-08,CufCJMTTKHk,1628,,
2026-07-08,Cy2qJ0Win1I,4344,,
2026-07-08,D-dgFUvl7YA,7821,,
2026-07-08,D4p6nv2t2FA,245,,
2026-07-08,D50nmITTLp8,1806,,
2026-07-08,DAuagmdRSOE,10743,,
2026-07-08,DBkInEbzPk0,2712,,
2026-07-08,DDd5prelU6A,8841,,
2026-07-08,DDiDtP-uOqU,2275,,
2026-07-08,DI-Oxm-J0W0,5538,,
2026-07-08,DIv0FHIZiko,3477,,
2026-07-08,DNsUjaDT3AQ,4125,,
2026-07-08,DPEZ-FtI4UI,8248,,
2026-07-08,DPz-ktdaHII,447,,
2026-07-08,DS_neiUmgrA,2716,,
2026-07-08,DY9enl751Hk,9021,,
2026-07-08,Dcu_IubxG8I,4956,,
2026-07-08,Df9q7HerAA4,4932,,
2026-07-08,DiLjnRqx0xo,3848,,
2026-07-08,DnXALAe3BtY,1596,,
2026-07-08,DohrPYUe11o,1535,,
2026-07-08,DouSkzKX7NE,6448,,
2026-07-08,Drqehd-O2ak,3659,,
2026-07-08,DxUH69hEi9k,452,,
2026-07-08,E6ac_QwimUk,3670,,
2026-07-08,EFc5_Nct8wE,4519,,
2026-07-08,EIKIx9Xpl7c,2733,,
2026-07-08,E_DqVHrHIxM,7833,,
2026-07-08,EckbfLRDGjE,1688,,
2026-07-08,EkKqSnrdG7U,2683,,
2026-07-08,Ezrw0VHCy7w,280,,
2026-07-08,F1hpeZ_T-ww,2747,,
2026-07-08,F5WCr1Md6mk,2070,,
2026-07-08,F5y8-ztKpCM,3793,,
2026-07-08,F8PMKa1dz9g,732,,
2026-07-08,FAIITnGT4wo,4841,,
2026-07-08,FAfQTG-v0Cs,3232,,
2026-07-08,FEqKnaBExZU,9341,,
2026-07-08,FG5G2G-XjhE,14421,,
2026-07-08,FIEy7T-kMmQ,1910,,
2026-07-08,FKbiHBctwwA,3851,,
2026-07-08,FNVB3Ndlrw8,430,,
2026-07-08,FSFC8O9LxRU,2484,,
2026-07-08,FYtl1LolxwQ,9941,,
2026-07-08,Fa8jGX5mvj4,3102,,
2026-07-08,FfCJfpHXt8c,4042,,
2026-07-08,FgTt2XD_ryA,13516,,
2026-07-08,FkK2Rp5xEIc,10954,,
2026-07-08,FlGf6zZGtkk,5251,,
2026-07-08,FlbiS6qn6oE,2732,,
2026-07-08,Fs8L9V90RDk,7759,,
2026-07-08,FsemZttxTN8,5382,,
2026-07-08,G2COlj5SS54,7888,,
2026-07-08,G76WtaecxB4,1183,,
2026-07-08,G9YcpN4TAZw,5133,,
2026-07-08,GEZg76Swgc8,426,,
2026-07-08,GJRAN3_x8U4,3572,,
2026-07-08,GME--_-r_lU,2902,,
2026-07-08,GTD7cyckPnA,270,,
2026-07-08,GYD-rQNG-rI,8885,,
2026-07-08,Gdybpz4wjgY,331,,
2026-07-08,GgtIBQCZxkQ,5256,,
2026-07-08,Gjf4AsYGwU8,11085,,
2026-07-08,GqAXRVF_edY,4096,,
2026-07-08,GqRwtWVepYw,8788,,
2026-07-08,GqWbo7Uo8Ec,5699,,
2026-07-08,Gs03wWJ6vFc,919,,
2026-07-08,Gx6Z5Aj875s,6600,,
2026-07-08,H-jiaEptrx0,4327,,
2026-07-08,H3JH96ZJWzM,786,,
2026-07-08,H5yOaNKxZ-4,20769,,
2026-07-08,H97Ldv1IXtw,17781,,
2026-07-08,HBhaj0_Zm34,4435,,
2026-07-08,HDN25GTdn40,3902,,
2026-07-08,HRQ4Ibbkkco,2265,,
2026-07-08,HUbRq3GR8SI,4993,,
2026-07-08,HbNx1HcTEk4,21786,,
2026-07-08,HlwfZ6atyLw,1887,,
2026-07-08,Hsv6dNsEO40,10865,,
2026-07-08,HvQpYQlLGzg,3803,,
2026-07-08,Hwi-jokx7aI,2682,,
2026-07-08,I-S-0EO3-FA,2854,,
2026-07-08,I1sccj6fjQs,3703,,
2026-07-08,I3T6O4ez75M,4054,,
2026-07-08,I66Prbdjcn0,3454,,
2026-07-08,I70TmekxAXE,2642,,
2026-07-08,IAdR2JdoGr8,10081,,
2026-07-08,IB_3oFDAULc,11567,,
2026-07-08,IE6oyFF67A0,15382,,
2026-07-08,IEIg6U_krbY,9572,,
2026-07-08,IF966yryyqY,264,,
2026-07-08,IH591H86iFQ,7138,,
2026-07-08,IHsdTOEuG4g,8535,,
2026-07-08,IJdPXXMpYPk,806,,
2026-07-08,IKIrneFKwJY,622,,
2026-07-08,IM0HdpgIDq8,11693,,
2026-07-08,IQ3zeRLgnt4,3341,,
2026-07-08,IQQViyty9zM,2038,,
2026-07-08,ISKY2Bgz_c0,1223,,
2026-07-08,IXOacyfD7V4,13242,,
2026-07-08,IrGSyH2wlK0,1595,,
2026-07-08,IuZyLH50TMQ,22883,,
2026-07-08,Ix6NRPPJhd8,1189,,
2026-07-08,J-aiAO8-Czk,12963,,
2026-07-08,J1tRJRX44zc,2053,,
2026-07-08,JH6X6472Gdk,3404,,
2026-07-08,JNuRoWbolfs,6355,,
2026-07-08,Jep6zVwriOA,7018,,
2026-07-08,Jl2XOwlw5Z4,5369,,
2026-07-08,JpfqYvUYNr8,2205,,
2026-07-08,Ju3_gwctpM8,16399,,
2026-07-08,Jyn59AgDf6o,7120,,
2026-07-08,JzsEVr4W5ng,11166,,
2026-07-08,K1YD12TDxwo,1706,,
2026-07-08,K2T8Cd4-ba8,699,,
2026-07-08,K4YFVRGWGEY,2837,,
2026-07-08,K8o_u0_iFJU,7671,,
2026-07-08,K9Asd1xasRc,790,,
2026-07-08,KEnYv8bMxXM,38640,,
2026-07-08,KLTqQaG2asM,4385,,
2026-07-08,KMTemVbHKS4,3429,,
2026-07-08,KNT1a6LakZI,4449,,
2026-07-08,KOF8EQ_YcOU,11946,,
2026-07-08,KOedI8Dr__Y,4490,,
2026-07-08,KTnAV2qb5CY,7851,,
2026-07-08,KVaKaf9FX5I,8359,,
2026-07-08,KXoxeoaSwOA,4341,,
2026-07-08,Kh_0ICA5cfg,5979,,
2026-07-08,KiOKGmcOb_g,10207,,
2026-07-08,KlnSnb7YFEY,2676,,
2026-07-08,Kn5RCzQ9ufc,3733,,
2026-07-08,KqZv27fFQlQ,139668,,
2026-07-08,KrjMNWiU52A,16825,,
2026-07-08,KtjAJuKUbDM,15473,,
2026-07-08,L0KEJ_zq0Ak,10276,,
2026-07-08,L5c4VvuaU7w,18024,,
2026-07-08,LD8rxn2RFNE,4373,,
2026-07-08,LMbdAdrLzXg,4289,,
2026-07-08,LMryIj-gt9A,2051,,
2026-07-08,LNWGlnt3wF4,19280,,
2026-07-08,LRySNa5Y0No,5639,,
2026-07-08,LSGYVCqNEjc,4295,,
2026-07-08,LXW_Z8rp3bU,2229,,
2026-07-08,L_mpuGgHhfE,4638,,
2026-07-08,LadLiCQaAwQ,5199,,
2026-07-08,Lbrq5ramx-A,4547,,
2026-07-08,LdYe9MF1QMs,1946,,
2026-07-08,Li2lFki33xM,9222,,
2026-07-08,Lk6JhpGO69M,9942,,
2026-07-08,LmDOOPuqYG8,7668,,
2026-07-08,LpqnF4FROjg,365,,
2026-07-08,Lswdyl9nZtE,9575,,
2026-07-08,M61DCig7ZJY,6139,,
2026-07-08,MA41DUCQWfw,2531,,
2026-07-08,MM879hqJf1U,17590,,
2026-07-08,MOmBOx1LEJU,38973,,
2026-07-08,MRxgJpEyabo,4979,,
2026-07-08,MVWyRSiH4uQ,2603,,
2026-07-08,MWkhT5GG75k,6879,,
2026-07-08,MhZ5AKwboh0,9838,,
2026-07-08,MsxCeW9nTb0,3354,,
2026-07-08,Mtqdsr2BC_A,5591,,
2026-07-08,MvMstvlNNzQ,402,,
2026-07-08,MxDzq8aLzTo,789,,
2026-07-08,N0_ptJC7W48,3788,,
2026-07-08,N54m3zy-uzk,3431,,
2026-07-08,N6qK7AUqn54,10697,,
2026-07-08,NELsP8DaEa8,9664,,
2026-07-08,NHGisiXq7eg,7762,,
2026-07-08,NJelRHbyeWw,7546,,
2026-07-08,NRlM9dhgPTg,4344,,
2026-07-08,NWOjsRjPomI,2713,,
2026-07-08,NX-1jJ1PuxY,7825,,
2026-07-08,Nc1nItUxpQQ,8161,,
2026-07-08,Nh7jDVmtg0I,1456,,
2026-07-08,NvFqtHcCCXs,3541,,
2026-07-08,Nz2xOcIryF4,9056,,
2026-07-08,O14qr6DPo4Q,7097,,
2026-07-08,O1awyI-zPJs,14899,,
2026-07-08,OD8Jm9Yk0WY,21616,,
2026-07-08,OH7Rlrq71To,34361,,
2026-07-08,OHt_00p2dmY,5709,,
2026-07-08,OLPoLPMdW_g,2147,,
2026-07-08,OVHP92ag6d4,4148,,
2026-07-08,OYxpHMuv29k,8804,,
2026-07-08,O_7ZySSl0mk,4128,,
2026-07-08,OcgJZnE1a6o,771,,
2026-07-08,Ocp1_PPM4sI,23347,,
2026-07-08,OddgScxecfA,6900,,
2026-07-08,Om4MsEtTrnw,1455,,
2026-07-08,OsN0NNVuu7o,20689,,
2026-07-08,Ou7NGOVJ8Pc,3213,,
2026-07-08,OwK8r2uyqHU,6780,,
2026-07-08,P5dvh5HrHaE,7828,,
2026-07-08,P6a8zyHf7YY,959,,
2026-07-08,P7i-qgVG7c4,1781,,
2026-07-08,PLFNoideC9s,11758,,
2026-07-08,PM4DofLA2g0,731,,
2026-07-08,PUTrIDHNxQs,2414,,
2026-07-08,PdO8UebbbSA,1659,,
2026-07-08,PgvLUj9yWDQ,692,,
2026-07-08,Pk77G5OfECU,5064,,
2026-07-08,PkjXvpbR1q8,9275,,
2026-07-08,PmY9rmZK_oM,1993,,
2026-07-08,Pt8zI30MFm8,6953,,
2026-07-08,PtL2ZgPSF5o,14302,,
2026-07-08,Pwf2T_cntdg,20776,,
2026-07-08,PxyjUIyE5YI,15580,,
2026-07-08,Q-dHeMod7T0,7322,,
2026-07-08,Q1zf4SC-AvQ,2842,,
2026-07-08,QLdp2ZNFM_s,5313,,
2026-07-08,QUNzVqhLUBw,2636,,
2026-07-08,QVi7Ze1DEz4,5572,,
2026-07-08,QY2ox96a1zA,5946,,
2026-07-08,QeCKLvz2tIM,5762,,
2026-07-08,QhRPaWYjWYc,4014,,
2026-07-08,Qrag4Jg-veo,3877,,
2026-07-08,R1S8PFUsVWg,5488,,
2026-07-08,R4hO35nd_OI,6447,,
2026-07-08,R6Ukz91VIAY,1186,,
2026-07-08,R7utAmGPE_M,632,,
2026-07-08,RO6gVW9tdbY,1594,,
2026-07-08,ROV6ce9dkfI,4198,,
2026-07-08,RUy1hElRuUQ,5092,,
2026-07-08,RVWlgBZt6h8,5004,,
2026-07-08,RXEipSzDgtc,21987,,
2026-07-08,Rb2-RE864YY,10643,,
2026-07-08,RdvRwihvUUM,3929,,
2026-07-08,RgeVF0tu6ng,898,,
2026-07-08,RhUoPPchFBU,487,,
2026-07-08,RrVaJ5z_3mU,2975,,
2026-07-08,Rs5p0EuuTDw,9822,,
2026-07-08,Ry8PCL00Sjc,2015,,
2026-07-08,RyckAyrt7xQ,29625,,
2026-07-08,S0W7nQ2q3Kg,7495,,
2026-07-08,SB5QPpcWDXk,8621,,
2026-07-08,SCwP-bR498o,2559,,
2026-07-08,SGOEY0I_FQA,33486,,
2026-07-08,SHzg-IgnKuI,26214,,
2026-07-08,SKEcZIJKPzc,3490,,
2026-07-08,SOXoRwvxcv0,10730,,
2026-07-08,SQdrkq_hBzE,1872,,
2026-07-08,SW7PfbETFx8,2797,,
2026-07-08,SWoYNH7OMZI,1087,,
2026-07-08,SeWXiEIm9oI,1655,,
2026-07-08,Sf25ENrbQGM,997,,
2026-07-08,ShJ_j2paClA,9155,,
2026-07-08,ShkacKGq5Vk,5398,,
2026-07-08,SkukxahhmRo,6845,,
2026-07-08,Sl5Fl_vOthI,3137,,
2026-07-08,Sl5sYEh_UoU,6176,,
2026-07-08,SoVnrdQ7b_s,4973,,
2026-07-08,Sq3rkK6GhuE,245,,
2026-07-08,St5jhqEeasY,4544,,
2026-07-08,T2tuMBwhuKc,6935,,
2026-07-08,TDOWMduvE1o,3082,,
2026-07-08,TEqu2JH5dYc,905,,
2026-07-08,TMvgKj-2Z9k,1011,,
2026-07-08,TP7VDtErEvY,5404,,
2026-07-08,TS9rxa7-CXg,7137,,
2026-07-08,TV3fWx4rQh0,2326,,
2026-07-08,TWUoFcCtDhA,6523,,
2026-07-08,TXAe5nqafRY,1511,,
2026-07-08,T_jQIJSkjGo,7265,,
2026-07-08,TaY5NrLNABM,1331,,
2026-07-08,Tb4JB3eFPXw,5448,,
2026-07-08,Te57wukDp8g,4570,,
2026-07-08,TgJqTy_mCR4,7452,,
2026-07-08,Tj9CJM4ti2w,1732,,
2026-07-08,TqAy1jbJ9w8,8395,,
2026-07-08,TtCijTAgvPc,5059,,
2026-07-08,TvvDTvo-L74,7816,,
2026-07-08,TwfHRcdWHRg,4142,,
2026-07-08,U4zBHwf2MTw,1704,,
2026-07-08,U9sNqbVd1L8,4317,,
2026-07-08,UCaZFYzYm9k,6497,,
2026-07-08,UHGfFw-ZT98,3804,,
2026-07-08,UJOAvX_FD7o,251,,
2026-07-08,UKzsE2t00Jw,412,,
2026-07-08,UOOBf83nIco,37139,,
2026-07-08,UQIBN4D_qIs,2668,,
2026-07-08,UUUH5xnM-Mc,6055,,
2026-07-08,UVdc7kYPJEs,1066,,
2026-07-08,UVkQsLv7n2s,2328,,
2026-07-08,UZ3583GSSOo,3969,,
2026-07-08,UhuJQBAZv84,10315,,
2026-07-08,UiD0-skn904,812,,
2026-07-08,Ulotto-Re6w,4379,,
2026-07-08,UqLF2eIaDxg,7825,,
2026-07-08,V1jmHGrVs_k,8873,,
2026-07-08,V2d8qoEGyEU,232,,
2026-07-08,V3IHs2DwX0U,700,,
2026-07-08,V3nsGV2yOV8,2296,,
2026-07-08,V50CUypS7UM,2951,,
2026-07-08,V6AOpDTpCO4,4987,,
2026-07-08,V6Lm17-mfxA,4406,,
2026-07-08,V6d2Dc1l7BA,7153,,
2026-07-08,VKJLsmW95wc,3732,,
2026-07-08,VKMMVQtaDrM,11503,,
2026-07-08,VLJJ9zvdj2Y,4984,,
2026-07-08,VTOl1gAKo44,3199,,
2026-07-08,VTszds8Y7rU,7995,,
2026-07-08,Vb5gSRAHXCA,3875,,
2026-07-08,VlgtaUj_dho,4027,,
2026-07-08,VoU-7YGmoo0,1852,,
2026-07-08,VvVtNiE0bjA,4003,,
2026-07-08,VwTMGmXxghU,18798,,
2026-07-08,W3I8gwLv0Ro,2939,,
2026-07-08,W6U3fBgQoVg,1974,,
2026-07-08,WD7EzA2sbnI,2106,,
2026-07-08,WIP6ZDjQmww,9586,,
2026-07-08,WKMTSCW51fI,5214,,
2026-07-08,WNFEf_ZwNFw,434,,
2026-07-08,WNhZUBZ8tUc,44065,,
2026-07-08,WWIB8ZW1i6w,2914,,
2026-07-08,WYGsRorORyI,16589,,
2026-07-08,WjgW6u9Tde8,2007,,
2026-07-08,Wu4lafiHjh0,7399,,
2026-07-08,WvVMuiXrqcI,7458,,
2026-07-08,X22UHszz5Dg,4429,,
2026-07-08,X5L0LaarTLg,10545,,
2026-07-08,XAQ_GYsV52A,10016,,
2026-07-08,XEqxbZoaqUw,5157,,
2026-07-08,XIhM9oLObuU,2524,,
2026-07-08,XVwO4OvjwI4,2440,,
2026-07-08,XWSWCP3TBrc,2837,,
2026-07-08,Xm4ScqSNV10,4430,,
2026-07-08,XsCgtUDrxck,2166,,
2026-07-08,Y66yYblAsq8,1867,,
2026-07-08,Y7Rm_Bmu-K0,37996,,
2026-07-08,Y8YjZOGrhJI,3895,,
2026-07-08,YA85ddRTnus,4980,,
2026-07-08,YA_LFvsyLoU,2260,,
2026-07-08,YBMZINlORaw,5928,,
2026-07-08,YDlHWsYd23o,4356,,
2026-07-08,YDmxUb_oNLI,2739,,
2026-07-08,YFjQz7FijWM,15137,,
2026-07-08,YOe2PL-1gT0,671,,
2026-07-08,YXqYOapYqYc,7650,,
2026-07-08,Y_mkJt3oY_k,3549,,
2026-07-08,YiKIKU-5KpY,0,,
2026-07-08,YpCAi9ofhjs,4320,,
2026-07-08,YpMxtemC5y8,4819,,
2026-07-08,YqZzdPYfnso,3604,,
2026-07-08,Ytbx-7bzEGc,4301,,
2026-07-08,Z-s3rXFeosc,6593,,
2026-07-08,Z12fVM_cnaI,10561,,
2026-07-08,Z2njQkTQDKY,5155,,
2026-07-08,Z9Jjrb6xQeo,3549,,
2026-07-08,ZA_G9BP9HLY,488,,
2026-07-08,ZE2dghmFE8Y,22506,,
2026-07-08,ZE3jHXXiSBY,9314,,
2026-07-08,ZE9ENcHPRr8,24168,,
2026-07-08,ZG72S1_wBC0,4985,,
2026-07-08,ZY_oCjE95Ss,393,,
2026-07-08,ZZBZkqJqvu8,10982,,
2026-07-08,Z_REKs508KY,6623,,
2026-07-08,ZaksbmqvxNM,8347,,
2026-07-08,ZcdQLCEyjjU,8563,,
2026-07-08,ZfQ7oKzL-Pw,12451,,
2026-07-08,ZgN1aMmXELI,4785,,
2026-07-08,Zq-NFi8kxlo,48741,,
2026-07-08,ZrqtNoiNSdw,4779,,
2026-07-08,ZsIml_y5qU4,146,,
2026-07-08,ZtUTR0E7VPY,45396,,
2026-07-08,ZvUISEnjqbQ,5344,,
2026-07-08,ZzYTRvOWH1I,4370,,
2026-07-08,_3MWGJ7MUTA,2811,,
2026-07-08,_8p1UyvwmhI,3851,,
2026-07-08,_9BI3P-OH84,1717,,
2026-07-08,_ALc4VJkpjA,12871,,
2026-07-08,_BvUrcl5tls,3147,,
2026-07-08,_EZK5vA1EX0,5186,,
2026-07-08,_FzLqe9KziY,2512,,
2026-07-08,_Jlf2Q0xGZ8,5803,,
2026-07-08,_LzDM8xt_dA,7815,,
2026-07-08,_NHlgOF-WU0,405,,
2026-07-08,_OsQEaApgwY,2525,,
2026-07-08,_UWA2fCxRHI,3737,,
2026-07-08,_auL36M33Aw,2639,,
2026-07-08,_eLkGBx1XiE,1067,,
2026-07-08,_fcTS5NosDs,1561,,
2026-07-08,_r9bm8JLsKc,3331,,
2026-07-08,_wWswU9t8HU,212,,
2026-07-08,_xEjpsA_iVg,2028,,
2026-07-08,_zVLb3rpe5I,6070,,
2026-07-08,_zuQYhMwTgs,5576,,
2026-07-08,a2L6AbyANjw,13262,,
2026-07-08,a2n31BGGWFI,4166,,
2026-07-08,a65XoIF7K7Y,7892,,
2026-07-08,a6qWlOZtG3E,2131,,
2026-07-08,a8g5MvFPwxo,6201,,
2026-07-08,aD-WkrzMJrk,2306,,
2026-07-08,aDDnbn7KVls,12804,,
2026-07-08,aIcW25HaFsI,5072,,
2026-07-08,aMG8tqZ6bW0,2886,,
2026-07-08,aOOR5vp4Kl0,3627,,
2026-07-08,aQF7qqm1iHE,2381,,
2026-07-08,aYgFb-fiwxA,11730,,
2026-07-08,acvpoQwncqI,3050,,
2026-07-08,ad5pxORFPfk,2441,,
2026-07-08,adsB3sGIcVQ,5654,,
2026-07-08,afLeJEbZs2k,6401,,
2026-07-08,ahyTF-4Agkg,985,,
2026-07-08,akC-r5hlDkc,2157,,
2026-07-08,aoh738yJBRA,6389,,
2026-07-08,aqbo0yu_l6g,15889,,
2026-07-08,ar-bXQYvUhs,2451,,
2026-07-08,ath0o3oOJCs,6325,,
2026-07-08,b4fNiXZPqRQ,10084,,
2026-07-08,bHJfRtPpY6E,1651,,
2026-07-08,bHuv7kKqe-A,8190,,
2026-07-08,bJHikj8skz4,2983,,
2026-07-08,bQaZqs74i2Y,5273,,
2026-07-08,bT7qGpnOpo4,4751,,
2026-07-08,b_Obp5cBRZk,5552,,
2026-07-08,bi3ZAQbw8EI,1865,,
2026-07-08,bqTNuZQOziA,9959,,
2026-07-08,bqf0zywB-Wo,11796,,
2026-07-08,c2ket6Qczzw,1473,,
2026-07-08,c3rRnSi93Lw,8721,,
2026-07-08,c6WqvHRlRkc,4355,,
2026-07-08,c9CotszUwYQ,2357,,
2026-07-08,cFn-fD2GmYU,2546,,
2026-07-08,cJwXjAKA0-k,5435,,
2026-07-08,cR199eKHJ4k,347,,
2026-07-08,cWyP2mrcwdM,782,,
2026-07-08,ccZaP6LEaLI,9081,,
2026-07-08,cevjHgZRbrg,292,,
2026-07-08,cfGpIvLPcPw,4943,,
2026-07-08,cga1y52KSCk,2982,,
2026-07-08,cjpnhsKzs1Q,2856,,
2026-07-08,coqZMUFd2C0,35558,,
2026-07-08,cpd3lbm5tL8,3552,,
2026-07-08,cqPVe0nQ1A0,5170,,
2026-07-08,cuZsMnQlDQU,13638,,
2026-07-08,d-msiY5zz5A,3080,,
2026-07-08,d-zJskCnHpI,3093,,
2026-07-08,d09nbbfOIA8,5079,,
2026-07-08,dFH36q7iWiU,243,,
2026-07-08,dHJbG72Itp8,15910,,
2026-07-08,dIqUY3R2_3A,7965,,
2026-07-08,dSmFHbtrZ7g,17654,,
2026-07-08,dURDUSYCm68,15110,,
2026-07-08,dWatNWKO9uk,3519,,
2026-07-08,de7gpeHMS1Q,381,,
2026-07-08,dgkZoy66esM,5292,,
2026-07-08,dijHVnTV0aM,6207,,
2026-07-08,dl3KzRCU-aQ,6550,,
2026-07-08,dlABqtYhbMk,6069,,
2026-07-08,dmbvfKzFSLo,3042,,
2026-07-08,dn-xSg_FT0A,17494,,
2026-07-08,dnI29M9CE44,3904,,
2026-07-08,dnUUMRDbasE,1874,,
2026-07-08,dp7vq7hweXs,1925,,
2026-07-08,dtdf5AeXwB8,420,,
2026-07-08,dtoZraGBx54,15434,,
2026-07-08,dv-40oFi5ak,6549,,
2026-07-08,dx9Qe_629yE,8761,,
2026-07-08,e061vqWD0lQ,1007,,
2026-07-08,e6iHP-UMZnk,5228,,
2026-07-08,e83i1spluHo,6375,,
2026-07-08,eGnLjzejgI4,3003,,
2026-07-08,eK7uM-EeLIk,7701,,
2026-07-08,eLcRSVAncfc,1337,,
2026-07-08,eLhCLA0Jndo,2230,,
2026-07-08,eM2S4pWeczs,150259,,
2026-07-08,eOxOgo6VNzQ,3625,,
2026-07-08,eUkmg5xOC7c,2386,,
2026-07-08,eYY-goMG0N0,4413,,
2026-07-08,ebpANnTL0zw,13319,,
2026-07-08,ecutxRcKQ6I,6450,,
2026-07-08,enR1CfAS5zo,2047,,
2026-07-08,ensnUIxTUHE,14024,,
2026-07-08,er-8YWX70rk,12092,,
2026-07-08,etbk0Z69oDs,815,,
2026-07-08,eu92DDq5snw,5515,,
2026-07-08,eymQ0rXs7d8,6157,,
2026-07-08,f-aH0vpaoyo,10077,,
2026-07-08,f7yvLMqdMJo,4123,,
2026-07-08,f8fN8Uqbb8s,6084,,
2026-07-08,fFdiFTfeCwE,6169,,
2026-07-08,fFgFYRumrDU,11109,,
2026-07-08,fG1-74pj6A4,16132,,
2026-07-08,fHYBRGdrXo0,1947,,
2026-07-08,fIo8SE2ky98,2969,,
2026-07-08,fKvvShsdaWU,18819,,
2026-07-08,fMmn4SMuSdE,4677,,
2026-07-08,fQwyeIriRx8,8400,,
2026-07-08,fZ7RRiEw54E,6343,,
2026-07-08,fbZea8wkoe8,9723,,
2026-07-08,ff5ZGdHsgIA,1096,,
2026-07-08,fg72xV_ZX8g,783,,
2026-07-08,fj2SC2FA324,2035,,
2026-07-08,flJTAxtk67w,11162,,
2026-07-08,flbyvShpL18,4891,,
2026-07-08,fsI10W24Ya8,8035,,
2026-07-08,gAPX20Ja0zk,2657,,
2026-07-08,gAlQprevPh0,2941,,
2026-07-08,gENAeokhMHI,4000,,
2026-07-08,gK1VHYEXt_0,223,,
2026-07-08,gNEGNjVWO0Q,2866,,
2026-07-08,gVj7YvOUjfc,1032,,
2026-07-08,gWdtuyZNxeQ,11157,,
2026-07-08,gXT5p-IBNMg,6044,,
2026-07-08,goQs8La8e94,29030,,
2026-07-08,gpKioDijRD4,1525,,
2026-07-08,gtGmlmLZ3Ps,1216,,
2026-07-08,gy_rDsWx8_4,4949,,
2026-07-08,h1qNF-YaHX8,4882,,
2026-07-08,hBhD4lpfrvw,4141,,
2026-07-08,hBqhV23fZnE,3958,,
2026-07-08,hD4BjVn9YXw,4544,,
2026-07-08,hJ3DwYLFjcY,3680,,
2026-07-08,hRgIER_2tZg,1188,,
2026-07-08,hSuSN9-UZUY,15041,,
2026-07-08,hUQqvZGsp6A,3523,,
2026-07-08,hVMJN3o6-5g,10812,,
2026-07-08,hX5lVJXMurI,6359,,
2026-07-08,h_v3GcIgbvM,18824,,
2026-07-08,hhwrtf3g0yY,4685,,
2026-07-08,hnnt5l96vVE,3558,,
2026-07-08,hrA_TspDTyM,2738,,
2026-07-08,hsiq1QlJqCs,37087,,
2026-07-08,htuK8cgwC-E,2577,,
2026-07-08,hwX4Jil8AFY,2226,,
2026-07-08,hy7L_a8J9z4,6069,,
2026-07-08,hyisCTgnS0g,805,,
2026-07-08,i4tThjQW98w,1476,,
2026-07-08,i5Ufb0FYkDM,2834,,
2026-07-08,i6kooD4epJ0,9737,,
2026-07-08,iCV7kvzQ_bA,19334,,
2026-07-08,iCrYuW2ixu8,2166,,
2026-07-08,iEHsfr9bvpg,12463,,
2026-07-08,iFu9J3h8RBY,8154,,
2026-07-08,iHt3VLuizj4,3677,,
2026-07-08,iKMz8ICRe8I,20506,,
2026-07-08,iNIxuEi7V54,2231,,
2026-07-08,iRyAJEXB_hE,3220,,
2026-07-08,iY0az_GdCiI,5697,,
2026-07-08,iYHt1pdScK0,204847,,
2026-07-08,i_bfUG57Je8,10583,,
2026-07-08,ipf-y1PaGBg,3745,,
2026-07-08,iuZ57o6ph1A,2417,,
2026-07-08,ixG3RWG-Xdw,10539,,
2026-07-08,j3BrzaBGJqY,3139,,
2026-07-08,j50kYrWuR6U,1332,,
2026-07-08,j9lMyW5Emo0,7352,,
2026-07-08,jBZnliX8R7M,5278,,
2026-07-08,jCGuQ1T3kUE,11201,,
2026-07-08,jQiLi6ev9zM,4947,,
2026-07-08,jTEvYjhQKTM,3500,,
2026-07-08,jV8i3ErC3MA,10274,,
2026-07-08,jdAA_65-h0E,16919,,
2026-07-08,jfEMLlPzKEU,7929,,
2026-07-08,jgfWTFUl_58,1436,,
2026-07-08,jh22fly0d-k,5208,,
2026-07-08,jlV4MmBxgPI,13371,,
2026-07-08,jrnfWiLWFJw,382,,
2026-07-08,k1SjNJaOJcA,7022,,
2026-07-08,k3yhL30Kpnw,1610,,
2026-07-08,k4GBTLOy9aE,11178,,
2026-07-08,k73d1z4sXCE,2631,,
2026-07-08,kCTe19NTny4,2081,,
2026-07-08,kCcXFPN8bK0,2700,,
2026-07-08,kETEBzJrtSA,7353,,
2026-07-08,kFWumpkL5yI,3294,,
2026-07-08,kO5VQOB3sxI,6286,,
2026-07-08,kSbp6GNfK7Y,4463,,
2026-07-08,kUDZK_9QPtA,14269,,
2026-07-08,kYmLSudfROM,5651,,
2026-07-08,kb2G7jcB3Ls,4275,,
2026-07-08,keYeekasjI8,20051,,
2026-07-08,kjl_jo_1HTg,2457,,
2026-07-08,ko82nHa36U4,8796,,
2026-07-08,kpcxQ1XCrq8,254,,
2026-07-08,kr9WECLcJWU,3723,,
2026-07-08,ktZgSqvfl8o,455,,
2026-07-08,kuoLAhyeaJQ,4053,,
2026-07-08,kzApFdb-KEs,777,,
2026-07-08,kzQhIJnlTsI,96675,,
2026-07-08,l4OOeF2yo9Y,3780,,
2026-07-08,lADjNtrJtIo,3136,,
2026-07-08,lCTSpZlGMb4,3728,,
2026-07-08,lN4Nv7R4sBI,10347,,
2026-07-08,lOciy5N92Lg,1560,,
2026-07-08,lOomWUxwNlQ,4479,,
2026-07-08,lSkunEYX5Go,1738,,
2026-07-08,lTCDfNnY4u8,5760,,
2026-07-08,lZj5qfUurLw,4017,,
2026-07-08,lZm2ZwjEy38,2984,,
2026-07-08,lgNWcFP2Ltg,12137,,
2026-07-08,lr1GJQXbj4c,1956,,
2026-07-08,lvOd4uyJkFE,30765,,
2026-07-08,lvtS_HSjXUA,10353,,
2026-07-08,m1gcxwLGPos,5679,,
2026-07-08,m6233lu5J9Q,11782,,
2026-07-08,m9q3qhKxbk4,2465,,
2026-07-08,mDDcQa5yCfI,20671,,
2026-07-08,mHE2XXExu7Q,1252,,
2026-07-08,mHSNcvaQ8YU,1017,,
2026-07-08,mM4k2pf-l9E,6031,,
2026-07-08,mNKdQ1YwHPc,2887,,
2026-07-08,mOqGGh-ot08,12216,,
2026-07-08,m_vvvpnOHfw,406,,
2026-07-08,mhXS2cpJlRo,1956,,
2026-07-08,mkJ-QgvLtyk,12283,,
2026-07-08,mnu4iJG72y8,5483,,
2026-07-08,n5WXv528CII,17806,,
2026-07-08,n93OGgP941o,2352,,
2026-07-08,n9XvIj6hOjc,2135,,
2026-07-08,nDLFzy9hIow,9696,,
2026-07-08,nF0VXXPcAh4,3046,,
2026-07-08,nMQCA_C9zoQ,102579,,
2026-07-08,nPV7ftm2WSg,2181,,
2026-07-08,nRTuARH-N9A,639,,
2026-07-08,nZ-Yf21ufww,9594,,
2026-07-08,n_8ek8wvHc8,5500,,
2026-07-08,nbqcaybmEe8,11628,,
2026-07-08,neQ91eM5hw4,21405,,
2026-07-08,nuEwWBGiQ4c,3880,,
2026-07-08,nwbp-b7PO4g,7262,,
2026-07-08,nxJqaJgDQIE,4316,,
2026-07-08,nyHN_s3QpkY,6998,,
2026-07-08,o0dULDtKQ-8,9968,,
2026-07-08,o4tmiD22BLI,18544,,
2026-07-08,oCAyG5S7cIw,10381,,
2026-07-08,oDeAAnpEEXU,1935,,
2026-07-08,oKTvQ7d9gYw,27473,,
2026-07-08,oPCHIAxcTHw,37949,,
2026-07-08,oRXt4EmUmKk,4271,,
2026-07-08,oUdstwXRu2c,2789,,
2026-07-08,oZh7YlRGlqA,5124,,
2026-07-08,oZjiL501lAY,1413,,
2026-07-08,o_FRQ02nigQ,5534,,
2026-07-08,ofwkfFci1iI,3337,,
2026-07-08,ol2a1T0BgrM,4421,,
2026-07-08,ol_M2L_mjBI,2633,,
2026-07-08,onlJoxwtQec,1389,,
2026-07-08,oo0K4ydn4rw,5987,,
2026-07-08,p-Ig77st4KY,8201,,
2026-07-08,p23Rm9i_EIg,6518,,
2026-07-08,p6uuiKju1Gc,4274,,
2026-07-08,p8GqOFBpR5w,4798,,
2026-07-08,p8ZK2nre57U,3806,,
2026-07-08,pC_lpEworvo,1029,,
2026-07-08,pGUjxBQqY5E,4057,,
2026-07-08,pKvwesJ8-t0,8739,,
2026-07-08,pRB23hC8dZY,3117,,
2026-07-08,pUPzkqLt5WM,4565,,
2026-07-08,pWY2T3MqfCw,3435,,
2026-07-08,pdIXWsxp0_g,3815,,
2026-07-08,pms2oKZcuqo,3423,,
2026-07-08,ppIXkOvS4WI,4120,,
2026-07-08,ptv9GRoEKs0,3738,,
2026-07-08,pyuB406DLuo,11451,,
2026-07-08,pzLWWa96_lE,5893,,
2026-07-08,q4mgxHWrmLM,6369,,
2026-07-08,q52xE5uCNT0,11610,,
2026-07-08,qIxGLqP2ZBA,3342,,
2026-07-08,qJ6pJMN4eiA,2638,,
2026-07-08,qMz0UbGJq4Y,6812,,
2026-07-08,qZi9yeRBf94,3784,,
2026-07-08,q_TknmNwvqA,6031,,
2026-07-08,qabDQ1ebZbQ,5953,,
2026-07-08,qbXC7hLKuGM,260,,
2026-07-08,qd6gmV0qrrk,14380,,
2026-07-08,qiI-rwVGiYQ,1983,,
2026-07-08,qkMCHJ28vsI,2322,,
2026-07-08,qmcbY6Sr_mw,3120,,
2026-07-08,qqQxwunPfLo,5166,,
2026-07-08,qzy12XbaJQ4,1502,,
2026-07-08,r0ZddKvFa9w,7622,,
2026-07-08,r3P6BU0gEVU,7493,,
2026-07-08,r4YE2Zghgbc,2842,,
2026-07-08,rAxPIoC8bB4,12558,,
2026-07-08,rJ6YCE4gWS0,1629,,
2026-07-08,rJeHPb9VWP4,2363,,
2026-07-08,rLZUcW0DBTM,9798,,
2026-07-08,rLfvnvBj8Ls,4853,,
2026-07-08,rR2A9ezT_gg,16460,,
2026-07-08,rULrrI9GfWU,1340,,
2026-07-08,rV23IXWdDOY,17165,,
2026-07-08,rVEh3PGiggk,372,,
2026-07-08,r_lWb2SpHO4,10320,,
2026-07-08,rckZ2uBOGYs,4279,,
2026-07-08,rixzhpBKdfg,2630,,
2026-07-08,rlnx986Qxkc,13031,,
2026-07-08,rojYn7h_-U4,2257,,
2026-07-08,rqcOPT_Dg7A,7200,,
2026-07-08,ruxKM1qX0Dc,11495,,
2026-07-08,rzIPT2DPtvA,5676,,
2026-07-08,s2GjWfPbh9I,1970,,
2026-07-08,sHQg97i_Hp0,156,,
2026-07-08,sO1rprIWDas,4257,,
2026-07-08,sQH3xPVic6Y,3892,,
2026-07-08,sVwAWTxKDJ0,7847,,
2026-07-08,sXRGp_ttFI4,7107,,
2026-07-08,sZhgf8PQ5gc,8566,,
2026-07-08,scIFhQSvvlE,2726,,
2026-07-08,scM9aI9kTus,4910,,
2026-07-08,skABNIsQ3fA,12497,,
2026-07-08,sl11WONqgaQ,3528,,
2026-07-08,smATVd6dk-k,14006,,
2026-07-08,sqx6twZgR-k,3904,,
2026-07-08,ssIA_N2u50Y,7229,,
2026-07-08,syPu5HdMT4k,1016,,
2026-07-08,t01TItG_UAQ,594,,
2026-07-08,t1UIIjuMirY,8779,,
2026-07-08,t1kj63890o8,3506,,
2026-07-08,t3G_N5DO6us,6206,,
2026-07-08,t4gVVdxtNWE,8651,,
2026-07-08,tGsk0H21JgE,2142,,
2026-07-08,t_RBOUZAqGw,4475,,
2026-07-08,tcomjtcMjLE,1105,,
2026-07-08,tdc-zfxIlEY,32089,,
2026-07-08,tiDCtcHjdQU,7113,,
2026-07-08,trS0kTq6Tk8,1652,,
2026-07-08,txSX7-1XQOE,2643,,
2026-07-08,tyRJESdSDm4,14608,,
2026-07-08,tz7n--I4rDU,1479,,
2026-07-08,u00LAYagwGo,4469,,
2026-07-08,u4e1ijV4iRQ,5320,,
2026-07-08,u7xKzLuKt5I,17637,,
2026-07-08,uNX13pgpGBU,3373,,
2026-07-08,uXbngiOXOD0,10323,,
2026-07-08,ub9JNL8EhJ4,1471,,
2026-07-08,uk5ADKNqHoc,1456,,
2026-07-08,ul9Sw7brukY,1570,,
2026-07-08,umNEJg2sj50,968,,
2026-07-08,un8Mt5f-mUE,10612,,
2026-07-08,usRrwR8CUb8,9099,,
2026-07-08,uxxwN68AJHE,5483,,
2026-07-08,v-ylvHTi_Mc,3367,,
2026-07-08,v0kp6W42yf4,2906,,
2026-07-08,v1J7bERLirA,3235,,
2026-07-08,v9INdKeBJEI,42136,,
2026-07-08,vDzWHTMsp_Y,1731,,
2026-07-08,vHvpM9nSO3Q,4058,,
2026-07-08,vIAhcX4SppA,3189,,
2026-07-08,vKYW7MTBAFg,10091,,
2026-07-08,vM5V9hoDKnQ,8942,,
2026-07-08,vQI78T3g4Gg,6175,,
2026-07-08,vUEmbLAxZ0Y,1099,,
2026-07-08,vWTTG9XlMoY,13402,,
2026-07-08,v_JJzLJ0eRw,4744,,
2026-07-08,vmSPrsKC8i8,50185,,
2026-07-08,vqsoh8y6xa8,5515,,
2026-07-08,vuvK_DUcqCk,7780,,
2026-07-08,vy88MX2ss_g,7412,,
2026-07-08,vyg196YvsgE,1027,,
2026-07-08,w3HciqK70s4,1647,,
2026-07-08,w68xGF_YIgU,24902,,
2026-07-08,w6b2AkddE8Y,2645,,
2026-07-08,w9kpcvkWngA,6611,,
2026-07-08,wBWXzI7uJYo,3687,,
2026-07-08,wGDSdaXZj00,44884,,
2026-07-08,wHcblaGXua8,10075,,
2026-07-08,wLB8pR4uME0,2743,,
2026-07-08,wSEMUoR4FS4,1496,,
2026-07-08,wSnq-Unha34,157931,,
2026-07-08,wX47G7oi_Z4,1961,,
2026-07-08,wg1R2_G_LEc,6217,,
2026-07-08,wnahjxPk5rk,2294,,
2026-07-08,wpHm4ARAChc,21444,,
2026-07-08,wpWCpGTZE2A,1901,,
2026-07-08,wuZgRtutoHQ,8195,,
2026-07-08,wutJAXwvMqo,9199,,
2026-07-08,wwtaQ_PNx1M,2965,,
2026-07-08,wxWz6zDC2wo,1485,,
2026-07-08,wzSn1b5XXtk,1875,,
2026-07-08,x3gjYoDR5tA,2629,,
2026-07-08,x5fPiJUOMk0,3881,,
2026-07-08,xGMFiacVSrk,4569,,
2026-07-08,xMbY5fkmK0A,3537,,
2026-07-08,xQKEy65zAso,64377,,
2026-07-08,xTpYdSgeWPc,1179,,
2026-07-08,x_KffjhARa0,2791,,
2026-07-08,xe6w3VmUf5I,6068,,
2026-07-08,xs2J2KW1q8Q,8448,,
2026-07-08,xvdkNKQAbJ8,1826,,
2026-07-08,xwLoo8ThKHI,859,,
2026-07-08,xxC2s5JBYZM,332,,
2026-07-08,xya7ZlFJ-x8,2269,,
2026-07-08,y3rXMXG_UF8,3675,,
2026-07-08,y4Yqheg9DuY,15398,,
2026-07-08,y6T5kX1L0aw,1627,,
2026-07-08,y76fsYJCAO0,1641,,
2026-07-08,y8mTWAs2PPw,3176,,
2026-07-08,yF9W5KZ4lfs,6510,,
2026-07-08,yGc4NnBE6nY,4932,,
2026-07-08,yJTEsQi0G98,1557,,
2026-07-08,yKCrM_XkKaY,15423,,
2026-07-08,yKIM1UxtbpU,2038,,
2026-07-08,yPh9jEw5_Lw,2808,,
2026-07-08,ySg8CEjxwwo,5787,,
2026-07-08,yUQ4NYv_io0,3404,,
2026-07-08,yXWhKEoL3QU,3966,,
2026-07-08,yo-Wdxc6ng0,3502,,
2026-07-08,yrJ1mvA6eIM,10060,,
2026-07-08,yrcwoFLtS5Y,7405,,
2026-07-08,ytt9pEb78FA,5011,,
2026-07-08,z-n_vz4gFRw,14297,,
2026-07-08,z0A-aCcVXSA,3086,,
2026-07-08,z2SU31i7Uo4,9285,,
2026-07-08,z8MJYHsQh5c,16671,,
2026-07-08,zCk1p-hPBCs,158,,
2026-07-08,zDtacZ_qT0Y,12067,,
2026-07-08,zI6L_SkYqkU,1245,,
2026-07-08,zLgpLCYCbyA,2551,,
2026-07-08,zSvZdF7CBjU,6227,,
2026-07-08,zVMIZRDSvCc,1757,,
2026-07-08,zXbAf49C9vE,5378,,
2026-07-08,zceKtRTdgSo,13029,,
2026-07-08,zjYgzIlRmOk,7063,,
2026-07-08,zksWnpcM05I,4267,,
2026-07-08,zpX-Xs1a9MY,3137,,
2026-07-08,zrRTPvOBEnU,2823,,
2026-07-08,zsRQcswYx8w,2826,,
2026-07-08,zsYZHcSRvB8,25400,,
2026-07-08,zsaXdCEuYsY,2251,,
2026-07-08,zufjmNpcSlg,1610,,
2026-07-08,zvjhIylspTc,10147,,
2026-07-08,zx1Xu1eI_UM,2105,,
2026-07-08,zxwGfKCo6as,4764,,
2026-07-08,zyY2aRVZMp4,1260,,
2026-07-08,zzWIE6Sg_E0,22317,,
2026-07-09,0PBCtb7Va-c,5541,,
2026-07-09,3A0Gwb7nmw8,2772,,
2026-07-09,F5WCr1Md6mk,2072,,
2026-07-09,GME--_-r_lU,2916,,
2026-07-09,IM0HdpgIDq8,11725,,
2026-07-09,Kh_0ICA5cfg,5992,,
2026-07-09,MOmBOx1LEJU,39220,,
2026-07-09,PmY9rmZK_oM,1996,,
2026-07-09,SoVnrdQ7b_s,4979,,
2026-07-09,U9sNqbVd1L8,4321,,
2026-07-09,UVkQsLv7n2s,2330,,
2026-07-09,_ALc4VJkpjA,12880,,
2026-07-09,ccZaP6LEaLI,9103,,
2026-07-09,gAlQprevPh0,2951,,
2026-07-09,hJ3DwYLFjcY,3690,,
2026-07-09,iY0az_GdCiI,5745,,
2026-07-09,mOqGGh-ot08,12241,,
2026-07-09,p-Ig77st4KY,8221,,
2026-07-09,ppIXkOvS4WI,4141,,
2026-07-09,roO2HBjdtQw,1942,,
2026-07-09,sl11WONqgaQ,3537,,
2026-07-09,uNX13pgpGBU,3804,,
2026-07-09,xGMFiacVSrk,4602,,
2026-07-09,yJTEsQi0G98,1563,,
2026-07-09,zXbAf49C9vE,5439,,
2026-07-09,zx1Xu1eI_UM,2107,,
2026-07-10,-Fkj0aK2dO8,5816,,
2026-07-10,0PBCtb7Va-c,5724,,
2026-07-10,3A0Gwb7nmw8,2776,,
2026-07-10,7sRKccOoPbY,8925,,
2026-07-10,Ati51CQqpKY,5773,,
2026-07-10,F5WCr1Md6mk,2073,,
2026-07-10,GME--_-r_lU,2932,,
2026-07-10,IM0HdpgIDq8,11749,,
2026-07-10,KNwEQXDv5XM,8398,,
2026-07-10,Kh_0ICA5cfg,5997,,
2026-07-10,MOmBOx1LEJU,39407,,
2026-07-10,PmY9rmZK_oM,2000,,
2026-07-10,QQh0twun7tg,47143,,
2026-07-10,SoVnrdQ7b_s,4983,,
2026-07-10,U9sNqbVd1L8,4326,,
2026-07-10,UVkQsLv7n2s,2338,,
2026-07-10,_ALc4VJkpjA,12901,,
2026-07-10,cMFi9XkhDDQ,2603,,
2026-07-10,ccZaP6LEaLI,9112,,
2026-07-10,eokbRB_Y2CU,4493,,
2026-07-10,f1eFQJocAow,7519,,
2026-07-10,gAlQprevPh0,2961,,
2026-07-10,hJ3DwYLFjcY,3694,,
2026-07-10,iY0az_GdCiI,5770,,
2026-07-10,mOqGGh-ot08,12269,,
2026-07-10,p-Ig77st4KY,8249,,
2026-07-10,pTqxjQV_PYU,9324,,
2026-07-10,pj41DZonKFU,5580,,
2026-07-10,ppIXkOvS4WI,4157,,
2026-07-10,roO2HBjdtQw,3210,,
2026-07-10,sl11WONqgaQ,3548,,
2026-07-10,uNX13pgpGBU,4042,,
2026-07-10,xGMFiacVSrk,4628,,
2026-07-10,yJTEsQi0G98,1567,,
2026-07-10,zXbAf49C9vE,5487,,
2026-07-10,zx1Xu1eI_UM,2110,,
2026-07-11,0PBCtb7Va-c,5911,,
2026-07-11,3A0Gwb7nmw8,2782,,
2026-07-11,F5WCr1Md6mk,2073,,
2026-07-11,GME--_-r_lU,2945,,
2026-07-11,IM0HdpgIDq8,11767,,
2026-07-11,Kh_0ICA5cfg,6001,,
2026-07-11,MOmBOx1LEJU,39642,,
2026-07-11,PmY9rmZK_oM,2003,,
2026-07-11,SoVnrdQ7b_s,4991,,
2026-07-11,UVkQsLv7n2s,2341,,
2026-07-11,_ALc4VJkpjA,12915,,
2026-07-11,ccZaP6LEaLI,9137,,
2026-07-11,gAlQprevPh0,2971,,
2026-07-11,hJ3DwYLFjcY,3702,,
2026-07-11,iY0az_GdCiI,5786,,
2026-07-11,mOqGGh-ot08,12295,,
2026-07-11,p-Ig77st4KY,8277,,
2026-07-11,ppIXkOvS4WI,4172,,
2026-07-11,roO2HBjdtQw,3625,,
2026-07-11,sl11WONqgaQ,3555,,
2026-07-11,uNX13pgpGBU,4199,,
2026-07-11,xGMFiacVSrk,4642,,
2026-07-11,yJTEsQi0G98,1575,,
2026-07-11,zXbAf49C9vE,5527,,
2026-07-11,zx1Xu1eI_UM,2110,,
2026-07-12,0PBCtb7Va-c,6028,,
2026-07-12,3A0Gwb7nmw8,2784,,
2026-07-12,F5WCr1Md6mk,2075,,
2026-07-12,GME--_-r_lU,2956,,
2026-07-12,IM0HdpgIDq8,11781,,
2026-07-12,Kh_0ICA5cfg,6002,,
2026-07-12,MOmBOx1LEJU,39818,,
2026-07-12,PmY9rmZK_oM,2005,,
2026-07-12,SoVnrdQ7b_s,5000,,
2026-07-12,UVkQsLv7n2s,2345,,
2026-07-12,_ALc4VJkpjA,12920,,
2026-07-12,ccZaP6LEaLI,9163,,
2026-07-12,gAlQprevPh0,2978,,
2026-07-12,hJ3DwYLFjcY,3706,,
2026-07-12,iY0az_GdCiI,5797,,
2026-07-12,mOqGGh-ot08,12315,,
2026-07-12,p-Ig77st4KY,8289,,
2026-07-12,ppIXkOvS4WI,4188,,
2026-07-12,roO2HBjdtQw,3858,,
2026-07-12,sl11WONqgaQ,3561,,
2026-07-12,uNX13pgpGBU,4317,,
2026-07-12,xGMFiacVSrk,4657,,
2026-07-12,yJTEsQi0G98,1579,,
2026-07-12,zXbAf49C9vE,5564,,
2026-07-12,zx1Xu1eI_UM,2112,,
2026-07-13,0PBCtb7Va-c,6126,,
2026-07-13,3A0Gwb7nmw8,2784,,
2026-07-13,5b4RSDrkc8I,4640,,
2026-07-13,ClAz_Etby1k,3594,,
2026-07-13,F5WCr1Md6mk,2080,,
2026-07-13,GME--_-r_lU,2968,,
2026-07-13,IM0HdpgIDq8,11803,,
2026-07-13,Kh_0ICA5cfg,6013,,
2026-07-13,MOmBOx1LEJU,40003,,
2026-07-13,N9CZswDtnCA,3513,,
2026-07-13,Nhb3_wu7Ddk,13736,,
2026-07-13,PmY9rmZK_oM,2008,,
2026-07-13,SoVnrdQ7b_s,5003,,
2026-07-13,UVkQsLv7n2s,2346,,
2026-07-13,UxyCkiufJyg,3416,,
2026-07-13,WUchEyRFIxw,3934,,
2026-07-13,_ALc4VJkpjA,12936,,
2026-07-13,ccZaP6LEaLI,9180,,
2026-07-13,dA0DwmLmQ9s,6537,,
2026-07-13,gAlQprevPh0,2982,,
2026-07-13,hJ3DwYLFjcY,3717,,
2026-07-13,iY0az_GdCiI,5809,,
2026-07-13,mOqGGh-ot08,12345,,
2026-07-13,p-Ig77st4KY,8312,,
2026-07-13,ppIXkOvS4WI,4201,,
2026-07-13,roO2HBjdtQw,4020,,
2026-07-13,sl11WONqgaQ,3567,,
2026-07-13,svTgRSTyypU,29880,,
2026-07-13,uNX13pgpGBU,4407,,
2026-07-13,xGMFiacVSrk,4691,,
2026-07-13,xZIOdejjTlg,2947,,
2026-07-13,yJTEsQi0G98,1588,,
2026-07-13,yeBCQurwTAM,3989,,
2026-07-13,zXbAf49C9vE,5606,,
2026-07-13,zx1Xu1eI_UM,2112,,
2026-07-14,0PBCtb7Va-c,6240,,
2026-07-14,3A0Gwb7nmw8,2784,,
2026-07-14,F5WCr1Md6mk,2083,,
2026-07-14,GME--_-r_lU,2981,,
2026-07-14,IM0HdpgIDq8,11826,,
2026-07-14,Kh_0ICA5cfg,6022,,
2026-07-14,MOmBOx1LEJU,40235,,
2026-07-14,NEahGL5R0HI,4196,,
2026-07-14,SoVnrdQ7b_s,5014,,
2026-07-14,UVkQsLv7n2s,2348,,
2026-07-14,_ALc4VJkpjA,12954,,
2026-07-14,ccZaP6LEaLI,9201,,
2026-07-14,gAlQprevPh0,2992,,
2026-07-14,hJ3DwYLFjcY,3728,,
2026-07-14,iY0az_GdCiI,5825,,
2026-07-14,mOqGGh-ot08,12371,,
2026-07-14,p-Ig77st4KY,8335,,
2026-07-14,ppIXkOvS4WI,4213,,
2026-07-14,roO2HBjdtQw,4121,,
2026-07-14,sl11WONqgaQ,3569,,
2026-07-14,uNX13pgpGBU,4484,,
2026-07-14,xGMFiacVSrk,4711,,
2026-07-14,yJTEsQi0G98,1594,,
2026-07-14,zXbAf49C9vE,5662,,
2026-07-14,zx1Xu1eI_UM,2114,,
2026-07-15,--eCZ5KJphU,1965,,
2026-07-15,-27X7n7IstM,6686,,
2026-07-15,-3dLSMzi38k,5063,,
2026-07-15,-FJcDEQ2CB0,14313,,
2026-07-15,-GYR8m5pqkI,10696,,
2026-07-15,-SxNX1_ipZ0,4502,,
2026-07-15,-WID9zHoKhE,372,,
2026-07-15,-pXsceBZ-uI,1959,,
2026-07-15,01F_B8RaurQ,364,,
2026-07-15,0A3d0lovA9c,2924,,
2026-07-15,0BvJ_8VSpAQ,19992,,
2026-07-15,0JFuxpSFiLo,20950,,
2026-07-15,0Mur3o4gJn4,5863,,
2026-07-15,0PBCtb7Va-c,6277,,
2026-07-15,0U0-9stDv2w,6809,,
2026-07-15,0YdWcjA5acg,8230,,
2026-07-15,0_I4PHJ-miw,21644,,
2026-07-15,0dqRFbgCuVg,6572,,
2026-07-15,0irTZK6Z_YI,986,,
2026-07-15,0jvB7_mRdVk,1542,,
2026-07-15,0luCN1MyFX8,11039,,
2026-07-15,0nv1NY1lx_E,5327,,
2026-07-15,0t_oTJZ6Irs,6713,,
2026-07-15,13jLs1WwfTY,4796,,
2026-07-15,14FLm6zvvlM,3290,,
2026-07-15,1APEiSZz2zM,320,,
2026-07-15,1M5hO5Iz4hQ,11552,,
2026-07-15,1WejSH57PSA,555,,
2026-07-15,1_CE104JHi8,4483,,
2026-07-15,1fn9RPaSFvM,4170,,
2026-07-15,1gAj8idUtrk,12962,,
2026-07-15,1k6Bzkiw48o,10795,,
2026-07-15,1qYWYaGdxt4,1429,,
2026-07-15,1uRRhugMzlE,4363,,
2026-07-15,1vJB1yOPOf0,7410,,
2026-07-15,1yK9VWnQpx4,21677,,
2026-07-15,24Ib0j0xDxE,15904,,
2026-07-15,2CnmP8lvGE4,6309,,
2026-07-15,2JqFe4tSOyk,9941,,
2026-07-15,2OdJHlmdu3A,3440,,
2026-07-15,2WaFFWc3lno,6189,,
2026-07-15,2bY_4Ut49J8,4104,,
2026-07-15,2l0-duQwSfI,5335,,
2026-07-15,2lZK2lUb6ew,10632,,
2026-07-15,2qLT-wnFaP0,7895,,
2026-07-15,2qZb4PtGQUg,3228,,
2026-07-15,2qron8l5-WA,2912,,
2026-07-15,2vAcCPS9-YE,3137,,
2026-07-15,3A0Gwb7nmw8,2787,,
2026-07-15,3BNqAqRukts,17488,,
2026-07-15,3Cm_qVj04z0,338,,
2026-07-15,3DNRCakknE0,4690,,
2026-07-15,3HUs08W6-8o,15757,,
2026-07-15,3KJwgGv_hq0,4052,,
2026-07-15,3Nh8y-oesJ0,7933,,
2026-07-15,3gPoLb5rT70,16927,,
2026-07-15,3iUH-OYuGIo,235,,
2026-07-15,3jZh-NYS564,6819,,
2026-07-15,3nGph8PX2-Q,3513,,
2026-07-15,3xtwXWyEfhk,1797,,
2026-07-15,49KORRES2ks,2319,,
2026-07-15,4Q1Xe92xmwI,9501,,
2026-07-15,4VN65sXHXSU,5784,,
2026-07-15,4WHM_GRby90,5799,,
2026-07-15,4aUWIhJE2n4,3641,,
2026-07-15,4b4THjNuDW0,606,,
2026-07-15,4n-UnjzY3B0,253,,
2026-07-15,4qtFClwSzc8,1466,,
2026-07-15,4r4Fv5i5zCI,7185,,
2026-07-15,4tli9Q4KZ3w,3172,,
2026-07-15,4vHxpaifn9w,25261,,
2026-07-15,4zfnW56TcvY,3014,,
2026-07-15,5I2-cQ7oa10,3610,,
2026-07-15,5MHf5WPH1v4,4402,,
2026-07-15,5R6l50LDlV4,3570,,
2026-07-15,5kFO9eUjRPk,12995,,
2026-07-15,5sVEspUzpGY,3793,,
2026-07-15,5t3KYPZKUe4,10748,,
2026-07-15,615ClJ5oqkw,1221,,
2026-07-15,62v6RgdBly0,2408,,
2026-07-15,69_RI4iZxuQ,6535,,
2026-07-15,6BegJIenaBE,9781,,
2026-07-15,6Bmjis1ofzE,6168,,
2026-07-15,6SV0Lm47pvY,2455,,
2026-07-15,6TcR8BFdyJM,2914,,
2026-07-15,6VUBa5NSLU8,966,,
2026-07-15,6Xmd08nL2G4,4724,,
2026-07-15,6d8jMrgjDuE,3241,,
2026-07-15,6iCAxQUz4aQ,5774,,
2026-07-15,6l3bIPltt3A,6869,,
2026-07-15,6ob9UwPviJA,5057,,
2026-07-15,6tcSoXsMs9c,6086,,
2026-07-15,6vhfb7LUUYc,3597,,
2026-07-15,6zLWdLXiJC8,13874,,
2026-07-15,73a6CtNTac4,10099,,
2026-07-15,7BXf6nTyiCQ,3888,,
2026-07-15,7BkLmVdcaJw,6359,,
2026-07-15,7EgU3ReHrIc,1261,,
2026-07-15,7FZrM9iMsCM,6360,,
2026-07-15,7IZ5eCJ3Vqc,2450,,
2026-07-15,7NZvpCqH7eA,2777,,
2026-07-15,7NbPwroPQ80,3045,,
2026-07-15,7Odyxk-S9f0,53124,,
2026-07-15,7PSt_Gouh6g,2813,,
2026-07-15,7cpCkvLwQsI,2098,,
2026-07-15,7dlhZLngdvM,8823,,
2026-07-15,7m_UlzkGLlA,34678,,
2026-07-15,7tKbMZqzLks,2856,,
2026-07-15,7ufObjxCBKI,13957,,
2026-07-15,7wuBlcFsfvc,4390,,
2026-07-15,7zHiFWEJfZY,8714,,
2026-07-15,87Vb6sa1KcY,1457,,
2026-07-15,8OPlCKgcSO8,6367,,
2026-07-15,8T1Pe58GJpw,4300,,
2026-07-15,8UOwBfCgZn8,1054,,
2026-07-15,8UWpsEyQwCU,3981,,
2026-07-15,8_fxIwJi8eI,12264,,
2026-07-15,8fwEHUkKTFc,1238,,
2026-07-15,8hbiWsIlhQ0,1285,,
2026-07-15,8pRl03u-hjI,7790,,
2026-07-15,8r9S_xIzqLk,4072,,
2026-07-15,8tmQ6wySUSI,4556,,
2026-07-15,900BOlBTFNg,36154,,
2026-07-15,99bQhxWPWuo,9186,,
2026-07-15,9BmwbWSPXwY,4755,,
2026-07-15,9Fhr7gYQPBM,1458,,
2026-07-15,9O3XYd0F6VI,11260,,
2026-07-15,9Ot1RhssfL0,769,,
2026-07-15,9TvuNO-fnXM,16167,,
2026-07-15,9_6yRxY8iiY,9884,,
2026-07-15,9cZh_IuGMyM,375,,
2026-07-15,9dFDeUNHViY,9321,,
2026-07-15,9gFQ9rFMKEA,38923,,
2026-07-15,9h2v-rVmwEA,8659,,
2026-07-15,9hOkPAYmpPM,6641,,
2026-07-15,9hgzA60ZGZg,5474,,
2026-07-15,9rVcXaVHCXw,2619,,
2026-07-15,9wgzzLCatp8,854,,
2026-07-15,9yg2AIYdu6E,1738,,
2026-07-15,A4wr-iI2hJU,21189,,
2026-07-15,A5ojgoN39Lc,6329,,
2026-07-15,A9RXB8YTc6Y,12580,,
2026-07-15,ADwtKtLtE8Q,1998,,
2026-07-15,AKDQisHl8Ek,3898,,
2026-07-15,AKJRVoJu_Q4,7419,,
2026-07-15,ANYrzwn5h_M,4668,,
2026-07-15,AO1WNfgIgiE,8573,,
2026-07-15,ASSnCNI-KlM,1262,,
2026-07-15,AU7Z9h1x1Ys,695,,
2026-07-15,AUG114ir5eQ,1241,,
2026-07-15,AUxR3aTc3ng,1503,,
2026-07-15,AaCd4amsV0U,2024,,
2026-07-15,Ac6AOC9yxJE,4319,,
2026-07-15,AcR00ZHbVKU,7513,,
2026-07-15,AgcnylfczPE,10537,,
2026-07-15,AmYVHRf2Aq8,8651,,
2026-07-15,Ao4VRNX_h4A,11805,,
2026-07-15,Aq3emUbqTbA,803,,
2026-07-15,B0IPEMdrCRA,3030,,
2026-07-15,B5xTJMahaK4,2528,,
2026-07-15,B9FbWxNdJPY,19021,,
2026-07-15,B9zmRMY6ISI,2700,,
2026-07-15,BNze82M59-E,7005,,
2026-07-15,BSum-2t0a28,4639,,
2026-07-15,B_OF2TYLnQw,6330,,
2026-07-15,B_rcAwySccg,3517,,
2026-07-15,BdCpg8-TlGg,3519,,
2026-07-15,BfLT1TlZInE,19971,,
2026-07-15,BfjZU1zyiOc,1882,,
2026-07-15,BkAhos9qrLQ,2132,,
2026-07-15,BsWIaYs09vc,5945,,
2026-07-15,BskXYIlyNzA,5980,,
2026-07-15,C5ETgNOq1gQ,14265,,
2026-07-15,C5Rh96Gz8yg,6941,,
2026-07-15,C9AMwVwgVPo,3014,,
2026-07-15,C9FJCiew0s8,4048,,
2026-07-15,CD6KcQMdzfc,2829,,
2026-07-15,CEF9v_JMVe8,7192,,
2026-07-15,CJkJWnPzguM,21189,,
2026-07-15,CKAGWlmyXbA,8906,,
2026-07-15,CMh4ttABaiE,1223,,
2026-07-15,CSTFP0gKnd8,5308,,
2026-07-15,CUpAWj1wVbU,24445,,
2026-07-15,CVFIzDp5iio,11229,,
2026-07-15,CYn4JoQTD1I,669,,
2026-07-15,CYvruxt8Ocw,5291,,
2026-07-15,CgzCQr9ilsw,387,,
2026-07-15,ChKL1KyjlZ4,5184,,
2026-07-15,CkghB9G4vOo,214,,
2026-07-15,Cpa04rQyl18,8093,,
2026-07-15,CufCJMTTKHk,1629,,
2026-07-15,Cy2qJ0Win1I,4354,,
2026-07-15,D-dgFUvl7YA,7836,,
2026-07-15,D4p6nv2t2FA,245,,
2026-07-15,D50nmITTLp8,1806,,
2026-07-15,DAuagmdRSOE,10761,,
2026-07-15,DBkInEbzPk0,2717,,
2026-07-15,DDd5prelU6A,8862,,
2026-07-15,DDiDtP-uOqU,2275,,
2026-07-15,DI-Oxm-J0W0,5548,,
2026-07-15,DIv0FHIZiko,3477,,
2026-07-15,DNsUjaDT3AQ,4133,,
2026-07-15,DPEZ-FtI4UI,8285,,
2026-07-15,DPz-ktdaHII,447,,
2026-07-15,DS_neiUmgrA,2716,,
2026-07-15,DY9enl751Hk,9036,,
2026-07-15,Dcu_IubxG8I,4959,,
2026-07-15,Df9q7HerAA4,4941,,
2026-07-15,DiLjnRqx0xo,3850,,
2026-07-15,DnXALAe3BtY,1596,,
2026-07-15,DohrPYUe11o,1536,,
2026-07-15,DouSkzKX7NE,6457,,
2026-07-15,Drqehd-O2ak,3665,,
2026-07-15,DxUH69hEi9k,452,,
2026-07-15,E6ac_QwimUk,3676,,
2026-07-15,EFc5_Nct8wE,4522,,
2026-07-15,EIKIx9Xpl7c,2734,,
2026-07-15,E_DqVHrHIxM,7843,,
2026-07-15,EckbfLRDGjE,1688,,
2026-07-15,EkKqSnrdG7U,2683,,
2026-07-15,Ezrw0VHCy7w,280,,
2026-07-15,F1hpeZ_T-ww,2749,,
2026-07-15,F5WCr1Md6mk,2084,,
2026-07-15,F5y8-ztKpCM,3794,,
2026-07-15,F8PMKa1dz9g,732,,
2026-07-15,FAIITnGT4wo,4857,,
2026-07-15,FAfQTG-v0Cs,3239,,
2026-07-15,FEqKnaBExZU,9359,,
2026-07-15,FG5G2G-XjhE,14446,,
2026-07-15,FIEy7T-kMmQ,1913,,
2026-07-15,FKbiHBctwwA,3855,,
2026-07-15,FNVB3Ndlrw8,430,,
2026-07-15,FSFC8O9LxRU,2484,,
2026-07-15,FYtl1LolxwQ,9969,,
2026-07-15,Fa8jGX5mvj4,3108,,
2026-07-15,FfCJfpHXt8c,4045,,
2026-07-15,FgTt2XD_ryA,13541,,
2026-07-15,FkK2Rp5xEIc,10973,,
2026-07-15,FlGf6zZGtkk,5257,,
2026-07-15,FlbiS6qn6oE,2732,,
2026-07-15,Fs8L9V90RDk,7773,,
2026-07-15,FsemZttxTN8,5392,,
2026-07-15,G2COlj5SS54,7903,,
2026-07-15,G76WtaecxB4,1185,,
2026-07-15,G9YcpN4TAZw,5140,,
2026-07-15,GEZg76Swgc8,426,,
2026-07-15,GJRAN3_x8U4,3572,,
2026-07-15,GME--_-r_lU,2994,,
2026-07-15,GTD7cyckPnA,270,,
2026-07-15,GYD-rQNG-rI,8890,,
2026-07-15,Gdybpz4wjgY,331,,
2026-07-15,GgtIBQCZxkQ,5263,,
2026-07-15,Gjf4AsYGwU8,11102,,
2026-07-15,GqAXRVF_edY,4096,,
2026-07-15,GqRwtWVepYw,8826,,
2026-07-15,GqWbo7Uo8Ec,5704,,
2026-07-15,Gs03wWJ6vFc,919,,
2026-07-15,Gx6Z5Aj875s,6619,,
2026-07-15,H-jiaEptrx0,4333,,
2026-07-15,H3JH96ZJWzM,786,,
2026-07-15,H5yOaNKxZ-4,20872,,
2026-07-15,H97Ldv1IXtw,17837,,
2026-07-15,HBhaj0_Zm34,4438,,
2026-07-15,HDN25GTdn40,3909,,
2026-07-15,HRQ4Ibbkkco,2265,,
2026-07-15,HUbRq3GR8SI,4995,,
2026-07-15,HbNx1HcTEk4,21795,,
2026-07-15,HlwfZ6atyLw,1888,,
2026-07-15,Hsv6dNsEO40,10885,,
2026-07-15,HvQpYQlLGzg,3806,,
2026-07-15,Hwi-jokx7aI,2682,,
2026-07-15,I-S-0EO3-FA,2854,,
2026-07-15,I1sccj6fjQs,3703,,
2026-07-15,I3T6O4ez75M,4054,,
2026-07-15,I66Prbdjcn0,3458,,
2026-07-15,I70TmekxAXE,2642,,
2026-07-15,IAdR2JdoGr8,10102,,
2026-07-15,IB_3oFDAULc,11608,,
2026-07-15,IE6oyFF67A0,15435,,
2026-07-15,IEIg6U_krbY,9580,,
2026-07-15,IF966yryyqY,264,,
2026-07-15,IH591H86iFQ,7151,,
2026-07-15,IHsdTOEuG4g,8557,,
2026-07-15,IJdPXXMpYPk,806,,
2026-07-15,IKIrneFKwJY,622,,
2026-07-15,IM0HdpgIDq8,11838,,
2026-07-15,IQ3zeRLgnt4,3341,,
2026-07-15,IQQViyty9zM,2041,,
2026-07-15,ISKY2Bgz_c0,1223,,
2026-07-15,IXOacyfD7V4,13274,,
2026-07-15,IrGSyH2wlK0,1596,,
2026-07-15,IuZyLH50TMQ,22934,,
2026-07-15,Ix6NRPPJhd8,1189,,
2026-07-15,J-aiAO8-Czk,12989,,
2026-07-15,J1tRJRX44zc,2053,,
2026-07-15,JH6X6472Gdk,3405,,
2026-07-15,JNuRoWbolfs,6368,,
2026-07-15,Jep6zVwriOA,7022,,
2026-07-15,Jl2XOwlw5Z4,5396,,
2026-07-15,JpfqYvUYNr8,2205,,
2026-07-15,Ju3_gwctpM8,16416,,
2026-07-15,Jyn59AgDf6o,7130,,
2026-07-15,JzsEVr4W5ng,11201,,
2026-07-15,K1YD12TDxwo,1706,,
2026-07-15,K2T8Cd4-ba8,699,,
2026-07-15,K4YFVRGWGEY,2840,,
2026-07-15,K8o_u0_iFJU,7686,,
2026-07-15,K9Asd1xasRc,792,,
2026-07-15,KEnYv8bMxXM,38696,,
2026-07-15,KLTqQaG2asM,4388,,
2026-07-15,KMTemVbHKS4,3430,,
2026-07-15,KNT1a6LakZI,4453,,
2026-07-15,KOF8EQ_YcOU,11953,,
2026-07-15,KOedI8Dr__Y,4492,,
2026-07-15,KTnAV2qb5CY,7861,,
2026-07-15,KVaKaf9FX5I,8361,,
2026-07-15,KXoxeoaSwOA,4344,,
2026-07-15,Kh_0ICA5cfg,6031,,
2026-07-15,KiOKGmcOb_g,10215,,
2026-07-15,KlnSnb7YFEY,2677,,
2026-07-15,Kn5RCzQ9ufc,3736,,
2026-07-15,KqZv27fFQlQ,140056,,
2026-07-15,KrjMNWiU52A,16845,,
2026-07-15,KtjAJuKUbDM,15504,,
2026-07-15,L0KEJ_zq0Ak,10298,,
2026-07-15,L5c4VvuaU7w,18061,,
2026-07-15,LD8rxn2RFNE,4383,,
2026-07-15,LMbdAdrLzXg,4294,,
2026-07-15,LMryIj-gt9A,2051,,
2026-07-15,LNWGlnt3wF4,19322,,
2026-07-15,LRySNa5Y0No,5646,,
2026-07-15,LSGYVCqNEjc,4301,,
2026-07-15,LXW_Z8rp3bU,2229,,
2026-07-15,L_mpuGgHhfE,4657,,
2026-07-15,LadLiCQaAwQ,5201,,
2026-07-15,Lbrq5ramx-A,4548,,
2026-07-15,LdYe9MF1QMs,1946,,
2026-07-15,Li2lFki33xM,9233,,
2026-07-15,Lk6JhpGO69M,10021,,
2026-07-15,LmDOOPuqYG8,7670,,
2026-07-15,LpqnF4FROjg,365,,
2026-07-15,Lswdyl9nZtE,9590,,
2026-07-15,M61DCig7ZJY,6149,,
2026-07-15,MA41DUCQWfw,2531,,
2026-07-15,MM879hqJf1U,17635,,
2026-07-15,MOmBOx1LEJU,40383,,
2026-07-15,MRxgJpEyabo,4986,,
2026-07-15,MVWyRSiH4uQ,2604,,
2026-07-15,MWkhT5GG75k,6880,,
2026-07-15,MhZ5AKwboh0,9857,,
2026-07-15,MsxCeW9nTb0,3354,,
2026-07-15,Mtqdsr2BC_A,5593,,
2026-07-15,MvMstvlNNzQ,402,,
2026-07-15,MxDzq8aLzTo,789,,
2026-07-15,N0_ptJC7W48,3790,,
2026-07-15,N54m3zy-uzk,3432,,
2026-07-15,N6qK7AUqn54,10715,,
2026-07-15,NELsP8DaEa8,9694,,
2026-07-15,NEahGL5R0HI,5266,,
2026-07-15,NHGisiXq7eg,7768,,
2026-07-15,NJelRHbyeWw,7559,,
2026-07-15,NRlM9dhgPTg,4344,,
2026-07-15,NWOjsRjPomI,2722,,
2026-07-15,NX-1jJ1PuxY,7848,,
2026-07-15,Nc1nItUxpQQ,8163,,
2026-07-15,Nh7jDVmtg0I,1458,,
2026-07-15,NvFqtHcCCXs,3544,,
2026-07-15,Nz2xOcIryF4,9092,,
2026-07-15,O14qr6DPo4Q,7164,,
2026-07-15,O1awyI-zPJs,14945,,
2026-07-15,OD8Jm9Yk0WY,21688,,
2026-07-15,OH7Rlrq71To,34454,,
2026-07-15,OHt_00p2dmY,5712,,
2026-07-15,OLPoLPMdW_g,2147,,
2026-07-15,OVHP92ag6d4,4151,,
2026-07-15,OYxpHMuv29k,8813,,
2026-07-15,O_7ZySSl0mk,4131,,
2026-07-15,OcgJZnE1a6o,771,,
2026-07-15,Ocp1_PPM4sI,23402,,
2026-07-15,OddgScxecfA,6900,,
2026-07-15,Om4MsEtTrnw,1455,,
2026-07-15,OsN0NNVuu7o,20867,,
2026-07-15,Ou7NGOVJ8Pc,3214,,
2026-07-15,OwK8r2uyqHU,6802,,
2026-07-15,P5dvh5HrHaE,7874,,
2026-07-15,P6a8zyHf7YY,959,,
2026-07-15,P7i-qgVG7c4,1783,,
2026-07-15,PLFNoideC9s,11795,,
2026-07-15,PM4DofLA2g0,732,,
2026-07-15,PUTrIDHNxQs,2419,,
2026-07-15,PdO8UebbbSA,1660,,
2026-07-15,PgvLUj9yWDQ,692,,
2026-07-15,Pk77G5OfECU,5067,,
2026-07-15,PkjXvpbR1q8,9301,,
2026-07-15,Pt8zI30MFm8,6974,,
2026-07-15,PtL2ZgPSF5o,14329,,
2026-07-15,Pwf2T_cntdg,20800,,
2026-07-15,PxyjUIyE5YI,15633,,
2026-07-15,Q-dHeMod7T0,7331,,
2026-07-15,Q1zf4SC-AvQ,2847,,
2026-07-15,QLdp2ZNFM_s,5313,,
2026-07-15,QUNzVqhLUBw,2638,,
2026-07-15,QVi7Ze1DEz4,5573,,
2026-07-15,QY2ox96a1zA,5953,,
2026-07-15,QeCKLvz2tIM,5768,,
2026-07-15,QhRPaWYjWYc,4021,,
2026-07-15,Qrag4Jg-veo,3878,,
2026-07-15,R1S8PFUsVWg,5508,,
2026-07-15,R4hO35nd_OI,6473,,
2026-07-15,R6Ukz91VIAY,1186,,
2026-07-15,R7utAmGPE_M,632,,
2026-07-15,RO6gVW9tdbY,1594,,
2026-07-15,ROV6ce9dkfI,4202,,
2026-07-15,RUy1hElRuUQ,5113,,
2026-07-15,RVWlgBZt6h8,5007,,
2026-07-15,RXEipSzDgtc,22002,,
2026-07-15,Rb2-RE864YY,10657,,
2026-07-15,RdvRwihvUUM,3929,,
2026-07-15,RgeVF0tu6ng,898,,
2026-07-15,RhUoPPchFBU,487,,
2026-07-15,RrVaJ5z_3mU,2977,,
2026-07-15,Rs5p0EuuTDw,9825,,
2026-07-15,Ry8PCL00Sjc,2015,,
2026-07-15,RyckAyrt7xQ,29686,,
2026-07-15,S0W7nQ2q3Kg,7525,,
2026-07-15,SB5QPpcWDXk,8641,,
2026-07-15,SCwP-bR498o,2563,,
2026-07-15,SGOEY0I_FQA,33519,,
2026-07-15,SHzg-IgnKuI,26291,,
2026-07-15,SKEcZIJKPzc,3496,,
2026-07-15,SOXoRwvxcv0,10758,,
2026-07-15,SQdrkq_hBzE,1874,,
2026-07-15,SW7PfbETFx8,2799,,
2026-07-15,SWoYNH7OMZI,1087,,
2026-07-15,SeWXiEIm9oI,1656,,
2026-07-15,Sf25ENrbQGM,997,,
2026-07-15,ShJ_j2paClA,9177,,
2026-07-15,ShkacKGq5Vk,5406,,
2026-07-15,SkukxahhmRo,6859,,
2026-07-15,Sl5Fl_vOthI,3149,,
2026-07-15,Sl5sYEh_UoU,6179,,
2026-07-15,SoVnrdQ7b_s,5016,,
2026-07-15,Sq3rkK6GhuE,245,,
2026-07-15,St5jhqEeasY,4544,,
2026-07-15,T2tuMBwhuKc,6938,,
2026-07-15,TDOWMduvE1o,3082,,
2026-07-15,TEqu2JH5dYc,906,,
2026-07-15,TMvgKj-2Z9k,1011,,
2026-07-15,TP7VDtErEvY,5407,,
2026-07-15,TS9rxa7-CXg,7139,,
2026-07-15,TV3fWx4rQh0,2328,,
2026-07-15,TWUoFcCtDhA,6528,,
2026-07-15,TXAe5nqafRY,1513,,
2026-07-15,T_jQIJSkjGo,7278,,
2026-07-15,TaY5NrLNABM,1331,,
2026-07-15,Tb4JB3eFPXw,5473,,
2026-07-15,Te57wukDp8g,4570,,
2026-07-15,TgJqTy_mCR4,7510,,
2026-07-15,Tj9CJM4ti2w,1734,,
2026-07-15,TqAy1jbJ9w8,8407,,
2026-07-15,TtCijTAgvPc,5064,,
2026-07-15,TvvDTvo-L74,7844,,
2026-07-15,TwfHRcdWHRg,4145,,
2026-07-15,U4zBHwf2MTw,1705,,
2026-07-15,UCaZFYzYm9k,6506,,
2026-07-15,UHGfFw-ZT98,3807,,
2026-07-15,UJOAvX_FD7o,251,,
2026-07-15,UKzsE2t00Jw,412,,
2026-07-15,UOOBf83nIco,37203,,
2026-07-15,UQIBN4D_qIs,2671,,
2026-07-15,UUUH5xnM-Mc,6069,,
2026-07-15,UVdc7kYPJEs,1069,,
2026-07-15,UVkQsLv7n2s,2350,,
2026-07-15,UZ3583GSSOo,3973,,
2026-07-15,UhuJQBAZv84,10340,,
2026-07-15,UiD0-skn904,812,,
2026-07-15,Ulotto-Re6w,4380,,
2026-07-15,UqLF2eIaDxg,7826,,
2026-07-15,V1jmHGrVs_k,8911,,
2026-07-15,V2d8qoEGyEU,232,,
2026-07-15,V3IHs2DwX0U,700,,
2026-07-15,V3nsGV2yOV8,2304,,
2026-07-15,V50CUypS7UM,2955,,
2026-07-15,V6AOpDTpCO4,4993,,
2026-07-15,V6Lm17-mfxA,4411,,
2026-07-15,V6d2Dc1l7BA,7153,,
2026-07-15,VKJLsmW95wc,3744,,
2026-07-15,VKMMVQtaDrM,11537,,
2026-07-15,VLJJ9zvdj2Y,4991,,
2026-07-15,VTOl1gAKo44,3203,,
2026-07-15,VTszds8Y7rU,7995,,
2026-07-15,Vb5gSRAHXCA,3877,,
2026-07-15,VlgtaUj_dho,4028,,
2026-07-15,VoU-7YGmoo0,1852,,
2026-07-15,VvVtNiE0bjA,4007,,
2026-07-15,VwTMGmXxghU,18834,,
2026-07-15,W3I8gwLv0Ro,2944,,
2026-07-15,W6U3fBgQoVg,1975,,
2026-07-15,WD7EzA2sbnI,2106,,
2026-07-15,WIP6ZDjQmww,9606,,
2026-07-15,WKMTSCW51fI,5214,,
2026-07-15,WNFEf_ZwNFw,434,,
2026-07-15,WNhZUBZ8tUc,44172,,
2026-07-15,WWIB8ZW1i6w,2916,,
2026-07-15,WYGsRorORyI,16636,,
2026-07-15,WjgW6u9Tde8,2007,,
2026-07-15,Wu4lafiHjh0,7418,,
2026-07-15,WvVMuiXrqcI,7463,,
2026-07-15,X22UHszz5Dg,4430,,
2026-07-15,X5L0LaarTLg,10555,,
2026-07-15,XAQ_GYsV52A,10018,,
2026-07-15,XEqxbZoaqUw,5158,,
2026-07-15,XIhM9oLObuU,2529,,
2026-07-15,XVwO4OvjwI4,2444,,
2026-07-15,XWSWCP3TBrc,2839,,
2026-07-15,Xm4ScqSNV10,4433,,
2026-07-15,XsCgtUDrxck,2166,,
2026-07-15,Y66yYblAsq8,1872,,
2026-07-15,Y7Rm_Bmu-K0,38131,,
2026-07-15,Y8YjZOGrhJI,3903,,
2026-07-15,YA85ddRTnus,4990,,
2026-07-15,YA_LFvsyLoU,2260,,
2026-07-15,YBMZINlORaw,5938,,
2026-07-15,YDlHWsYd23o,4362,,
2026-07-15,YDmxUb_oNLI,2742,,
2026-07-15,YFjQz7FijWM,15161,,
2026-07-15,YOe2PL-1gT0,671,,
2026-07-15,YXqYOapYqYc,7658,,
2026-07-15,Y_mkJt3oY_k,3551,,
2026-07-15,YiKIKU-5KpY,0,,
2026-07-15,YpCAi9ofhjs,4320,,
2026-07-15,YpMxtemC5y8,4833,,
2026-07-15,YqZzdPYfnso,3606,,
2026-07-15,Ytbx-7bzEGc,4307,,
2026-07-15,Z-s3rXFeosc,6601,,
2026-07-15,Z12fVM_cnaI,10576,,
2026-07-15,Z2njQkTQDKY,5157,,
2026-07-15,Z9Jjrb6xQeo,3551,,
2026-07-15,ZA_G9BP9HLY,490,,
2026-07-15,ZE2dghmFE8Y,22522,,
2026-07-15,ZE3jHXXiSBY,9347,,
2026-07-15,ZE9ENcHPRr8,24205,,
2026-07-15,ZG72S1_wBC0,4994,,
2026-07-15,ZY_oCjE95Ss,393,,
2026-07-15,ZZBZkqJqvu8,11006,,
2026-07-15,Z_REKs508KY,6636,,
2026-07-15,ZaksbmqvxNM,8359,,
2026-07-15,ZcdQLCEyjjU,8566,,
2026-07-15,ZfQ7oKzL-Pw,12459,,
2026-07-15,ZgN1aMmXELI,4792,,
2026-07-15,Zq-NFi8kxlo,48828,,
2026-07-15,ZrqtNoiNSdw,4787,,
2026-07-15,ZsIml_y5qU4,146,,
2026-07-15,ZtUTR0E7VPY,45465,,
2026-07-15,ZvUISEnjqbQ,5353,,
2026-07-15,ZzYTRvOWH1I,4374,,
2026-07-15,_3MWGJ7MUTA,2819,,
2026-07-15,_8p1UyvwmhI,3865,,
2026-07-15,_9BI3P-OH84,1717,,
2026-07-15,_ALc4VJkpjA,12968,,
2026-07-15,_BvUrcl5tls,3148,,
2026-07-15,_EZK5vA1EX0,5214,,
2026-07-15,_FzLqe9KziY,2514,,
2026-07-15,_Jlf2Q0xGZ8,5809,,
2026-07-15,_LzDM8xt_dA,7825,,
2026-07-15,_NHlgOF-WU0,406,,
2026-07-15,_OsQEaApgwY,2525,,
2026-07-15,_UWA2fCxRHI,3744,,
2026-07-15,_auL36M33Aw,2646,,
2026-07-15,_eLkGBx1XiE,1067,,
2026-07-15,_fcTS5NosDs,1561,,
2026-07-15,_r9bm8JLsKc,3336,,
2026-07-15,_wWswU9t8HU,212,,
2026-07-15,_xEjpsA_iVg,2028,,
2026-07-15,_zVLb3rpe5I,6072,,
2026-07-15,_zuQYhMwTgs,5605,,
2026-07-15,a2L6AbyANjw,13267,,
2026-07-15,a2n31BGGWFI,4171,,
2026-07-15,a65XoIF7K7Y,7912,,
2026-07-15,a6qWlOZtG3E,2132,,
2026-07-15,a8g5MvFPwxo,6229,,
2026-07-15,aD-WkrzMJrk,2307,,
2026-07-15,aDDnbn7KVls,12855,,
2026-07-15,aIcW25HaFsI,5085,,
2026-07-15,aMG8tqZ6bW0,2887,,
2026-07-15,aOOR5vp4Kl0,3629,,
2026-07-15,aQF7qqm1iHE,2382,,
2026-07-15,aYgFb-fiwxA,11749,,
2026-07-15,acvpoQwncqI,3051,,
2026-07-15,ad5pxORFPfk,2441,,
2026-07-15,adsB3sGIcVQ,5659,,
2026-07-15,afLeJEbZs2k,6404,,
2026-07-15,ahyTF-4Agkg,985,,
2026-07-15,akC-r5hlDkc,2160,,
2026-07-15,aoh738yJBRA,6400,,
2026-07-15,aqbo0yu_l6g,15916,,
2026-07-15,ar-bXQYvUhs,2457,,
2026-07-15,ath0o3oOJCs,6328,,
2026-07-15,b4fNiXZPqRQ,10089,,
2026-07-15,bHJfRtPpY6E,1654,,
2026-07-15,bHuv7kKqe-A,8192,,
2026-07-15,bJHikj8skz4,2985,,
2026-07-15,bQaZqs74i2Y,5277,,
2026-07-15,bT7qGpnOpo4,4754,,
2026-07-15,b_Obp5cBRZk,5559,,
2026-07-15,bi3ZAQbw8EI,1865,,
2026-07-15,bqTNuZQOziA,9964,,
2026-07-15,bqf0zywB-Wo,11815,,
2026-07-15,c2ket6Qczzw,1473,,
2026-07-15,c3rRnSi93Lw,8727,,
2026-07-15,c6WqvHRlRkc,4357,,
2026-07-15,c9CotszUwYQ,2359,,
2026-07-15,cFn-fD2GmYU,2546,,
2026-07-15,cJwXjAKA0-k,5447,,
2026-07-15,cR199eKHJ4k,347,,
2026-07-15,cWyP2mrcwdM,784,,
2026-07-15,ccZaP6LEaLI,9214,,
2026-07-15,cevjHgZRbrg,292,,
2026-07-15,cfGpIvLPcPw,4948,,
2026-07-15,cga1y52KSCk,2984,,
2026-07-15,cjpnhsKzs1Q,2862,,
2026-07-15,coqZMUFd2C0,35624,,
2026-07-15,cpd3lbm5tL8,3557,,
2026-07-15,cqPVe0nQ1A0,5171,,
2026-07-15,cuZsMnQlDQU,13674,,
2026-07-15,d-msiY5zz5A,3082,,
2026-07-15,d-zJskCnHpI,3097,,
2026-07-15,d09nbbfOIA8,5080,,
2026-07-15,dFH36q7iWiU,243,,
2026-07-15,dHJbG72Itp8,15962,,
2026-07-15,dIqUY3R2_3A,7972,,
2026-07-15,dSmFHbtrZ7g,17698,,
2026-07-15,dURDUSYCm68,15113,,
2026-07-15,dWatNWKO9uk,3520,,
2026-07-15,de7gpeHMS1Q,381,,
2026-07-15,dgkZoy66esM,5294,,
2026-07-15,dijHVnTV0aM,6229,,
2026-07-15,dl3KzRCU-aQ,6551,,
2026-07-15,dlABqtYhbMk,6074,,
2026-07-15,dmbvfKzFSLo,3044,,
2026-07-15,dn-xSg_FT0A,17554,,
2026-07-15,dnI29M9CE44,3912,,
2026-07-15,dnUUMRDbasE,1874,,
2026-07-15,dp7vq7hweXs,1927,,
2026-07-15,dtdf5AeXwB8,420,,
2026-07-15,dtoZraGBx54,15515,,
2026-07-15,dv-40oFi5ak,6592,,
2026-07-15,dx9Qe_629yE,8770,,
2026-07-15,e061vqWD0lQ,1007,,
2026-07-15,e6iHP-UMZnk,5228,,
2026-07-15,e83i1spluHo,6379,,
2026-07-15,eGnLjzejgI4,3004,,
2026-07-15,eK7uM-EeLIk,7709,,
2026-07-15,eLcRSVAncfc,1338,,
2026-07-15,eLhCLA0Jndo,2233,,
2026-07-15,eM2S4pWeczs,150796,,
2026-07-15,eOxOgo6VNzQ,3633,,
2026-07-15,eUkmg5xOC7c,2395,,
2026-07-15,eYY-goMG0N0,4444,,
2026-07-15,ebpANnTL0zw,13365,,
2026-07-15,ecutxRcKQ6I,6454,,
2026-07-15,enR1CfAS5zo,2050,,
2026-07-15,ensnUIxTUHE,14039,,
2026-07-15,er-8YWX70rk,12146,,
2026-07-15,etbk0Z69oDs,815,,
2026-07-15,eu92DDq5snw,5515,,
2026-07-15,eymQ0rXs7d8,6159,,
2026-07-15,f-aH0vpaoyo,10092,,
2026-07-15,f7yvLMqdMJo,4125,,
2026-07-15,f8fN8Uqbb8s,6089,,
2026-07-15,fFdiFTfeCwE,6175,,
2026-07-15,fFgFYRumrDU,11136,,
2026-07-15,fG1-74pj6A4,16181,,
2026-07-15,fHYBRGdrXo0,1947,,
2026-07-15,fIo8SE2ky98,2969,,
2026-07-15,fKvvShsdaWU,18841,,
2026-07-15,fMmn4SMuSdE,4683,,
2026-07-15,fQwyeIriRx8,8407,,
2026-07-15,fZ7RRiEw54E,6358,,
2026-07-15,fbZea8wkoe8,9728,,
2026-07-15,ff5ZGdHsgIA,1096,,
2026-07-15,fg72xV_ZX8g,783,,
2026-07-15,fj2SC2FA324,2038,,
2026-07-15,flJTAxtk67w,11177,,
2026-07-15,flbyvShpL18,4897,,
2026-07-15,fsI10W24Ya8,8047,,
2026-07-15,gAPX20Ja0zk,2662,,
2026-07-15,gAlQprevPh0,3007,,
2026-07-15,gENAeokhMHI,4007,,
2026-07-15,gK1VHYEXt_0,223,,
2026-07-15,gNEGNjVWO0Q,2870,,
2026-07-15,gVj7YvOUjfc,1033,,
2026-07-15,gWdtuyZNxeQ,11178,,
2026-07-15,gXT5p-IBNMg,6048,,
2026-07-15,goQs8La8e94,29119,,
2026-07-15,gpKioDijRD4,1526,,
2026-07-15,gtGmlmLZ3Ps,1217,,
2026-07-15,gy_rDsWx8_4,4956,,
2026-07-15,h1qNF-YaHX8,4885,,
2026-07-15,hBhD4lpfrvw,4147,,
2026-07-15,hBqhV23fZnE,3967,,
2026-07-15,hD4BjVn9YXw,4553,,
2026-07-15,hJ3DwYLFjcY,3733,,
2026-07-15,hRgIER_2tZg,1188,,
2026-07-15,hSuSN9-UZUY,15076,,
2026-07-15,hUQqvZGsp6A,3535,,
2026-07-15,hVMJN3o6-5g,10833,,
2026-07-15,hX5lVJXMurI,6377,,
2026-07-15,h_v3GcIgbvM,18827,,
2026-07-15,hhwrtf3g0yY,4692,,
2026-07-15,hnnt5l96vVE,3566,,
2026-07-15,hrA_TspDTyM,2741,,
2026-07-15,hsiq1QlJqCs,37109,,
2026-07-15,htuK8cgwC-E,2577,,
2026-07-15,hwX4Jil8AFY,2226,,
2026-07-15,hy7L_a8J9z4,6074,,
2026-07-15,hyisCTgnS0g,805,,
2026-07-15,i4tThjQW98w,1477,,
2026-07-15,i5Ufb0FYkDM,2834,,
2026-07-15,i6kooD4epJ0,9792,,
2026-07-15,iCV7kvzQ_bA,19407,,
2026-07-15,iCrYuW2ixu8,2169,,
2026-07-15,iEHsfr9bvpg,12535,,
2026-07-15,iFu9J3h8RBY,8178,,
2026-07-15,iHt3VLuizj4,3687,,
2026-07-15,iKMz8ICRe8I,20550,,
2026-07-15,iNIxuEi7V54,2236,,
2026-07-15,iRyAJEXB_hE,3226,,
2026-07-15,iY0az_GdCiI,5832,,
2026-07-15,iYHt1pdScK0,205412,,
2026-07-15,i_bfUG57Je8,10587,,
2026-07-15,ipf-y1PaGBg,3751,,
2026-07-15,iuZ57o6ph1A,2419,,
2026-07-15,ixG3RWG-Xdw,10556,,
2026-07-15,j3BrzaBGJqY,3143,,
2026-07-15,j50kYrWuR6U,1332,,
2026-07-15,j9lMyW5Emo0,7360,,
2026-07-15,jBZnliX8R7M,5280,,
2026-07-15,jCGuQ1T3kUE,11238,,
2026-07-15,jQiLi6ev9zM,4956,,
2026-07-15,jTEvYjhQKTM,3505,,
2026-07-15,jV8i3ErC3MA,10285,,
2026-07-15,jdAA_65-h0E,16957,,
2026-07-15,jfEMLlPzKEU,7944,,
2026-07-15,jgfWTFUl_58,1439,,
2026-07-15,jh22fly0d-k,5215,,
2026-07-15,jlV4MmBxgPI,13397,,
2026-07-15,jrnfWiLWFJw,382,,
2026-07-15,k1SjNJaOJcA,7030,,
2026-07-15,k3yhL30Kpnw,1610,,
2026-07-15,k4GBTLOy9aE,11199,,
2026-07-15,k73d1z4sXCE,2649,,
2026-07-15,kCTe19NTny4,2081,,
2026-07-15,kCcXFPN8bK0,2703,,
2026-07-15,kETEBzJrtSA,7363,,
2026-07-15,kFWumpkL5yI,3301,,
2026-07-15,kO5VQOB3sxI,6293,,
2026-07-15,kSbp6GNfK7Y,4474,,
2026-07-15,kUDZK_9QPtA,14315,,
2026-07-15,kYmLSudfROM,5652,,
2026-07-15,kb2G7jcB3Ls,4275,,
2026-07-15,keYeekasjI8,20092,,
2026-07-15,kjl_jo_1HTg,2460,,
2026-07-15,ko82nHa36U4,8817,,
2026-07-15,kpcxQ1XCrq8,254,,
2026-07-15,kr9WECLcJWU,3729,,
2026-07-15,ktZgSqvfl8o,455,,
2026-07-15,kuoLAhyeaJQ,4097,,
2026-07-15,kzApFdb-KEs,777,,
2026-07-15,kzQhIJnlTsI,96847,,
2026-07-15,l4OOeF2yo9Y,3783,,
2026-07-15,lADjNtrJtIo,3140,,
2026-07-15,lCTSpZlGMb4,3732,,
2026-07-15,lN4Nv7R4sBI,10358,,
2026-07-15,lOciy5N92Lg,1560,,
2026-07-15,lOomWUxwNlQ,4489,,
2026-07-15,lSkunEYX5Go,1739,,
2026-07-15,lTCDfNnY4u8,5780,,
2026-07-15,lZj5qfUurLw,4021,,
2026-07-15,lZm2ZwjEy38,2992,,
2026-07-15,lgNWcFP2Ltg,12143,,
2026-07-15,lr1GJQXbj4c,1959,,
2026-07-15,lvOd4uyJkFE,30786,,
2026-07-15,lvtS_HSjXUA,10372,,
2026-07-15,m1gcxwLGPos,5679,,
2026-07-15,m6233lu5J9Q,11820,,
2026-07-15,m9q3qhKxbk4,2470,,
2026-07-15,mDDcQa5yCfI,20702,,
2026-07-15,mHE2XXExu7Q,1252,,
2026-07-15,mHSNcvaQ8YU,1017,,
2026-07-15,mM4k2pf-l9E,6034,,
2026-07-15,mNKdQ1YwHPc,2892,,
2026-07-15,mOqGGh-ot08,12403,,
2026-07-15,m_vvvpnOHfw,406,,
2026-07-15,mhXS2cpJlRo,1959,,
2026-07-15,mkJ-QgvLtyk,12303,,
2026-07-15,mnu4iJG72y8,5488,,
2026-07-15,n5WXv528CII,17823,,
2026-07-15,n93OGgP941o,2355,,
2026-07-15,n9XvIj6hOjc,2135,,
2026-07-15,nDLFzy9hIow,9706,,
2026-07-15,nF0VXXPcAh4,3046,,
2026-07-15,nMQCA_C9zoQ,102717,,
2026-07-15,nPV7ftm2WSg,2181,,
2026-07-15,nRTuARH-N9A,639,,
2026-07-15,nZ-Yf21ufww,9617,,
2026-07-15,n_8ek8wvHc8,5507,,
2026-07-15,nbqcaybmEe8,11636,,
2026-07-15,neQ91eM5hw4,21450,,
2026-07-15,nuEwWBGiQ4c,3892,,
2026-07-15,nwbp-b7PO4g,7277,,
2026-07-15,nxJqaJgDQIE,4324,,
2026-07-15,nyHN_s3QpkY,7001,,
2026-07-15,o0dULDtKQ-8,9968,,
2026-07-15,o4tmiD22BLI,18583,,
2026-07-15,oCAyG5S7cIw,10389,,
2026-07-15,oDeAAnpEEXU,1938,,
2026-07-15,oKTvQ7d9gYw,27552,,
2026-07-15,oPCHIAxcTHw,38026,,
2026-07-15,oRXt4EmUmKk,4276,,
2026-07-15,oUdstwXRu2c,2790,,
2026-07-15,oZh7YlRGlqA,5129,,
2026-07-15,oZjiL501lAY,1413,,
2026-07-15,o_FRQ02nigQ,5535,,
2026-07-15,ofwkfFci1iI,3338,,
2026-07-15,ol2a1T0BgrM,4426,,
2026-07-15,ol_M2L_mjBI,2637,,
2026-07-15,onlJoxwtQec,1393,,
2026-07-15,oo0K4ydn4rw,5990,,
2026-07-15,p-Ig77st4KY,8359,,
2026-07-15,p23Rm9i_EIg,6540,,
2026-07-15,p6uuiKju1Gc,4274,,
2026-07-15,p8GqOFBpR5w,4803,,
2026-07-15,p8ZK2nre57U,3812,,
2026-07-15,pC_lpEworvo,1029,,
2026-07-15,pGUjxBQqY5E,4069,,
2026-07-15,pKvwesJ8-t0,8743,,
2026-07-15,pRB23hC8dZY,3118,,
2026-07-15,pUPzkqLt5WM,4565,,
2026-07-15,pWY2T3MqfCw,3436,,
2026-07-15,pdIXWsxp0_g,3818,,
2026-07-15,pms2oKZcuqo,3423,,
2026-07-15,ppIXkOvS4WI,4226,,
2026-07-15,ptv9GRoEKs0,3742,,
2026-07-15,pyuB406DLuo,11459,,
2026-07-15,pzLWWa96_lE,5904,,
2026-07-15,q4mgxHWrmLM,6370,,
2026-07-15,q52xE5uCNT0,11626,,
2026-07-15,qIxGLqP2ZBA,3353,,
2026-07-15,qJ6pJMN4eiA,2638,,
2026-07-15,qMz0UbGJq4Y,6839,,
2026-07-15,qZi9yeRBf94,3787,,
2026-07-15,q_TknmNwvqA,6047,,
2026-07-15,qabDQ1ebZbQ,5967,,
2026-07-15,qbXC7hLKuGM,260,,
2026-07-15,qd6gmV0qrrk,14406,,
2026-07-15,qiI-rwVGiYQ,1985,,
2026-07-15,qkMCHJ28vsI,2327,,
2026-07-15,qmcbY6Sr_mw,3128,,
2026-07-15,qqQxwunPfLo,5168,,
2026-07-15,qzy12XbaJQ4,1502,,
2026-07-15,r0ZddKvFa9w,7631,,
2026-07-15,r3P6BU0gEVU,7504,,
2026-07-15,r4YE2Zghgbc,2847,,
2026-07-15,rAxPIoC8bB4,12574,,
2026-07-15,rJ6YCE4gWS0,1629,,
2026-07-15,rJeHPb9VWP4,2364,,
2026-07-15,rLZUcW0DBTM,9807,,
2026-07-15,rLfvnvBj8Ls,4866,,
2026-07-15,rR2A9ezT_gg,16483,,
2026-07-15,rULrrI9GfWU,1341,,
2026-07-15,rV23IXWdDOY,17184,,
2026-07-15,rVEh3PGiggk,372,,
2026-07-15,r_lWb2SpHO4,10335,,
2026-07-15,rckZ2uBOGYs,4282,,
2026-07-15,rixzhpBKdfg,2636,,
2026-07-15,rlnx986Qxkc,13060,,
2026-07-15,roO2HBjdtQw,4226,,
2026-07-15,rojYn7h_-U4,2258,,
2026-07-15,rqcOPT_Dg7A,7221,,
2026-07-15,ruxKM1qX0Dc,11513,,
2026-07-15,rzIPT2DPtvA,5686,,
2026-07-15,s2GjWfPbh9I,1977,,
2026-07-15,sHQg97i_Hp0,156,,
2026-07-15,sO1rprIWDas,4257,,
2026-07-15,sQH3xPVic6Y,3893,,
2026-07-15,sVwAWTxKDJ0,7856,,
2026-07-15,sXRGp_ttFI4,7114,,
2026-07-15,sZhgf8PQ5gc,8567,,
2026-07-15,scIFhQSvvlE,2727,,
2026-07-15,scM9aI9kTus,4914,,
2026-07-15,skABNIsQ3fA,12500,,
2026-07-15,sl11WONqgaQ,3577,,
2026-07-15,smATVd6dk-k,14029,,
2026-07-15,sqx6twZgR-k,3908,,
2026-07-15,ssIA_N2u50Y,7238,,
2026-07-15,syPu5HdMT4k,1016,,
2026-07-15,t01TItG_UAQ,595,,
2026-07-15,t1UIIjuMirY,8779,,
2026-07-15,t1kj63890o8,3514,,
2026-07-15,t3G_N5DO6us,6215,,
2026-07-15,t4gVVdxtNWE,8656,,
2026-07-15,tGsk0H21JgE,2145,,
2026-07-15,t_RBOUZAqGw,4479,,
2026-07-15,tcomjtcMjLE,1105,,
2026-07-15,tdc-zfxIlEY,32154,,
2026-07-15,tiDCtcHjdQU,7122,,
2026-07-15,trS0kTq6Tk8,1652,,
2026-07-15,txSX7-1XQOE,2643,,
2026-07-15,tyRJESdSDm4,14618,,
2026-07-15,tz7n--I4rDU,1482,,
2026-07-15,u00LAYagwGo,4479,,
2026-07-15,u4e1ijV4iRQ,5328,,
2026-07-15,u7xKzLuKt5I,17637,,
2026-07-15,uNX13pgpGBU,4539,,
2026-07-15,uXbngiOXOD0,10342,,
2026-07-15,ub9JNL8EhJ4,1471,,
2026-07-15,uk5ADKNqHoc,1458,,
2026-07-15,ul9Sw7brukY,1572,,
2026-07-15,umNEJg2sj50,969,,
2026-07-15,un8Mt5f-mUE,10626,,
2026-07-15,usRrwR8CUb8,9128,,
2026-07-15,uxxwN68AJHE,5497,,
2026-07-15,v-ylvHTi_Mc,3368,,
2026-07-15,v0kp6W42yf4,2909,,
2026-07-15,v1J7bERLirA,3243,,
2026-07-15,v9INdKeBJEI,42244,,
2026-07-15,vDzWHTMsp_Y,1734,,
2026-07-15,vHvpM9nSO3Q,4061,,
2026-07-15,vIAhcX4SppA,3190,,
2026-07-15,vKYW7MTBAFg,10102,,
2026-07-15,vM5V9hoDKnQ,8951,,
2026-07-15,vQI78T3g4Gg,6200,,
2026-07-15,vUEmbLAxZ0Y,1099,,
2026-07-15,vWTTG9XlMoY,13448,,
2026-07-15,v_JJzLJ0eRw,4748,,
2026-07-15,vmSPrsKC8i8,50605,,
2026-07-15,vqsoh8y6xa8,5527,,
2026-07-15,vuvK_DUcqCk,7805,,
2026-07-15,vy88MX2ss_g,7423,,
2026-07-15,vyg196YvsgE,1028,,
2026-07-15,w3HciqK70s4,1650,,
2026-07-15,w68xGF_YIgU,24956,,
2026-07-15,w6b2AkddE8Y,2648,,
2026-07-15,w9kpcvkWngA,6628,,
2026-07-15,wBWXzI7uJYo,3694,,
2026-07-15,wGDSdaXZj00,44952,,
2026-07-15,wHcblaGXua8,10105,,
2026-07-15,wLB8pR4uME0,2758,,
2026-07-15,wSEMUoR4FS4,1496,,
2026-07-15,wSnq-Unha34,161145,,
2026-07-15,wX47G7oi_Z4,1962,,
2026-07-15,wg1R2_G_LEc,6244,,
2026-07-15,wnahjxPk5rk,2294,,
2026-07-15,wpHm4ARAChc,21551,,
2026-07-15,wpWCpGTZE2A,1907,,
2026-07-15,wuZgRtutoHQ,8199,,
2026-07-15,wutJAXwvMqo,9240,,
2026-07-15,wwtaQ_PNx1M,2966,,
2026-07-15,wxWz6zDC2wo,1489,,
2026-07-15,wzSn1b5XXtk,1875,,
2026-07-15,x3gjYoDR5tA,2629,,
2026-07-15,x5fPiJUOMk0,3886,,
2026-07-15,xGMFiacVSrk,4729,,
2026-07-15,xMbY5fkmK0A,3541,,
2026-07-15,xQKEy65zAso,64431,,
2026-07-15,xTpYdSgeWPc,1179,,
2026-07-15,x_KffjhARa0,2791,,
2026-07-15,xe6w3VmUf5I,6073,,
2026-07-15,xs2J2KW1q8Q,8461,,
2026-07-15,xvdkNKQAbJ8,1826,,
2026-07-15,xwLoo8ThKHI,859,,
2026-07-15,xxC2s5JBYZM,332,,
2026-07-15,xya7ZlFJ-x8,2269,,
2026-07-15,y3rXMXG_UF8,3686,,
2026-07-15,y4Yqheg9DuY,15434,,
2026-07-15,y6T5kX1L0aw,1627,,
2026-07-15,y76fsYJCAO0,1642,,
2026-07-15,y8mTWAs2PPw,3179,,
2026-07-15,yF9W5KZ4lfs,6511,,
2026-07-15,yGc4NnBE6nY,4934,,
2026-07-15,yJTEsQi0G98,1597,,
2026-07-15,yKCrM_XkKaY,15494,,
2026-07-15,yKIM1UxtbpU,2049,,
2026-07-15,yPh9jEw5_Lw,2815,,
2026-07-15,ySg8CEjxwwo,5788,,
2026-07-15,yUQ4NYv_io0,3421,,
2026-07-15,yXWhKEoL3QU,3969,,
2026-07-15,yo-Wdxc6ng0,3502,,
2026-07-15,yrJ1mvA6eIM,10075,,
2026-07-15,yrcwoFLtS5Y,7418,,
2026-07-15,ytt9pEb78FA,5012,,
2026-07-15,z-n_vz4gFRw,14346,,
2026-07-15,z0A-aCcVXSA,3089,,
2026-07-15,z2SU31i7Uo4,9314,,
2026-07-15,z8MJYHsQh5c,16716,,
2026-07-15,zCk1p-hPBCs,158,,
2026-07-15,zDtacZ_qT0Y,12089,,
2026-07-15,zI6L_SkYqkU,1246,,
2026-07-15,zLgpLCYCbyA,2554,,
2026-07-15,zSvZdF7CBjU,6232,,
2026-07-15,zVMIZRDSvCc,1759,,
2026-07-15,zXbAf49C9vE,5688,,
2026-07-15,zceKtRTdgSo,13184,,
2026-07-15,zjYgzIlRmOk,7071,,
2026-07-15,zksWnpcM05I,4276,,
2026-07-15,zpX-Xs1a9MY,3138,,
2026-07-15,zrRTPvOBEnU,2825,,
2026-07-15,zsRQcswYx8w,2828,,
2026-07-15,zsYZHcSRvB8,25423,,
2026-07-15,zsaXdCEuYsY,2256,,
2026-07-15,zufjmNpcSlg,1610,,
2026-07-15,zvjhIylspTc,10149,,
2026-07-15,zx1Xu1eI_UM,2114,,
2026-07-15,zxwGfKCo6as,4765,,
2026-07-15,zyY2aRVZMp4,1263,,
2026-07-15,zzWIE6Sg_E0,22348,,
2026-07-16,0PBCtb7Va-c,6395,,
2026-07-16,3A0Gwb7nmw8,2788,,
2026-07-16,F5WCr1Md6mk,2091,,
2026-07-16,GME--_-r_lU,3009,,
2026-07-16,IM0HdpgIDq8,11855,,
2026-07-16,Kh_0ICA5cfg,6042,,
2026-07-16,MOmBOx1LEJU,40601,,
2026-07-16,NEahGL5R0HI,6034,,
2026-07-16,SoVnrdQ7b_s,5020,,
2026-07-16,UVkQsLv7n2s,2352,,
2026-07-16,_ALc4VJkpjA,12986,,
2026-07-16,ccZaP6LEaLI,9236,,
2026-07-16,gAlQprevPh0,3012,,
2026-07-16,hJ3DwYLFjcY,3738,,
2026-07-16,iY0az_GdCiI,5844,,
2026-07-16,mOqGGh-ot08,12423,,
2026-07-16,p-Ig77st4KY,8376,,
2026-07-16,ppIXkOvS4WI,4240,,
2026-07-16,roO2HBjdtQw,4330,,
2026-07-16,sl11WONqgaQ,3584,,
2026-07-16,uNX13pgpGBU,4610,,
2026-07-16,xGMFiacVSrk,4754,,
2026-07-16,yJTEsQi0G98,1602,,
2026-07-16,zXbAf49C9vE,5723,,
2026-07-16,zx1Xu1eI_UM,2117,,
2026-07-17,-Fkj0aK2dO8,5834,,
2026-07-17,0PBCtb7Va-c,6489,,
2026-07-17,3A0Gwb7nmw8,2789,,
2026-07-17,7sRKccOoPbY,8955,,
2026-07-17,Ati51CQqpKY,5804,,
2026-07-17,F5WCr1Md6mk,2093,,
2026-07-17,GME--_-r_lU,3011,,
2026-07-17,IM0HdpgIDq8,11872,,
2026-07-17,KNwEQXDv5XM,8426,,
2026-07-17,Kh_0ICA5cfg,6056,,
2026-07-17,MOmBOx1LEJU,40830,,
2026-07-17,NEahGL5R0HI,6652,,
2026-07-17,QQh0twun7tg,47342,,
2026-07-17,SoVnrdQ7b_s,5027,,
2026-07-17,U9sNqbVd1L8,4350,,
2026-07-17,UVkQsLv7n2s,2352,,
2026-07-17,_ALc4VJkpjA,13001,,
2026-07-17,cMFi9XkhDDQ,2610,,
2026-07-17,ccZaP6LEaLI,9258,,
2026-07-17,eokbRB_Y2CU,4526,,
2026-07-17,f1eFQJocAow,7564,,
2026-07-17,gAlQprevPh0,3022,,
2026-07-17,hJ3DwYLFjcY,3745,,
2026-07-17,iY0az_GdCiI,5855,,
2026-07-17,mOqGGh-ot08,12457,,
2026-07-17,p-Ig77st4KY,8401,,
2026-07-17,pTqxjQV_PYU,9415,,
2026-07-17,pj41DZonKFU,5637,,
2026-07-17,ppIXkOvS4WI,4265,,
2026-07-17,roO2HBjdtQw,4422,,
2026-07-17,sl11WONqgaQ,3597,,
2026-07-17,uNX13pgpGBU,4681,,
2026-07-17,xGMFiacVSrk,4776,,
2026-07-17,yJTEsQi0G98,1603,,
2026-07-17,zXbAf49C9vE,5755,,
2026-07-17,zx1Xu1eI_UM,2120,,
2026-07-18,0PBCtb7Va-c,6511,,
2026-07-18,3A0Gwb7nmw8,2790,,
2026-07-18,F5WCr1Md6mk,2098,,
2026-07-18,GME--_-r_lU,3031,,
2026-07-18,IM0HdpgIDq8,11880,,
2026-07-18,Kh_0ICA5cfg,6062,,
2026-07-18,MOmBOx1LEJU,41041,,
2026-07-18,NEahGL5R0HI,7249,,
2026-07-18,SoVnrdQ7b_s,5028,,
2026-07-18,UVkQsLv7n2s,2355,,
2026-07-18,ccZaP6LEaLI,9281,,
2026-07-18,gAlQprevPh0,3025,,
2026-07-18,hJ3DwYLFjcY,3753,,
2026-07-18,iY0az_GdCiI,5863,,
2026-07-18,mOqGGh-ot08,12491,,
2026-07-18,p-Ig77st4KY,8418,,
2026-07-18,ppIXkOvS4WI,4280,,
2026-07-18,roO2HBjdtQw,4493,,
2026-07-18,sl11WONqgaQ,3605,,
2026-07-18,uNX13pgpGBU,4727,,
2026-07-18,xGMFiacVSrk,4791,,
2026-07-18,yJTEsQi0G98,1603,,
2026-07-18,zXbAf49C9vE,5779,,
2026-07-18,zx1Xu1eI_UM,2122,,
2026-07-19,0PBCtb7Va-c,6540,,
2026-07-19,3A0Gwb7nmw8,2792,,
2026-07-19,F5WCr1Md6mk,2100,,
2026-07-19,GME--_-r_lU,3041,,
2026-07-19,IM0HdpgIDq8,11891,,
2026-07-19,Kh_0ICA5cfg,6066,,
2026-07-19,MOmBOx1LEJU,41267,,
2026-07-19,NEahGL5R0HI,7695,,
2026-07-19,SoVnrdQ7b_s,5036,,
2026-07-19,UVkQsLv7n2s,2357,,
2026-07-19,ccZaP6LEaLI,9303,,
2026-07-19,gAlQprevPh0,3029,,
2026-07-19,hJ3DwYLFjcY,3761,,
2026-07-19,iY0az_GdCiI,5873,,
2026-07-19,mOqGGh-ot08,12521,,
2026-07-19,p-Ig77st4KY,8437,,
2026-07-19,ppIXkOvS4WI,4294,,
2026-07-19,roO2HBjdtQw,4555,,
2026-07-19,sl11WONqgaQ,3607,,
2026-07-19,uNX13pgpGBU,4783,,
2026-07-19,xGMFiacVSrk,4808,,
2026-07-19,yJTEsQi0G98,1614,,
2026-07-19,zXbAf49C9vE,5811,,
2026-07-19,zx1Xu1eI_UM,2123,,
2026-07-20,0PBCtb7Va-c,6561,,
2026-07-20,3A0Gwb7nmw8,2795,,
2026-07-20,5b4RSDrkc8I,4659,,
2026-07-20,ClAz_Etby1k,3610,,
2026-07-20,F5WCr1Md6mk,2102,,
2026-07-20,GME--_-r_lU,3047,,
2026-07-20,IM0HdpgIDq8,11912,,
2026-07-20,Kh_0ICA5cfg,6075,,
2026-07-20,MOmBOx1LEJU,41485,,
2026-07-20,N9CZswDtnCA,3531,,
2026-07-20,NEahGL5R0HI,8279,,
2026-07-20,Nhb3_wu7Ddk,13773,,
2026-07-20,PmY9rmZK_oM,2017,,
2026-07-20,SoVnrdQ7b_s,5045,,
2026-07-20,UVkQsLv7n2s,2361,,
2026-07-20,UxyCkiufJyg,3427,,
2026-07-20,WUchEyRFIxw,3960,,
2026-07-20,ccZaP6LEaLI,9333,,
2026-07-20,dA0DwmLmQ9s,6658,,
2026-07-20,gAlQprevPh0,3035,,
2026-07-20,hJ3DwYLFjcY,3765,,
2026-07-20,iY0az_GdCiI,5882,,
2026-07-20,mOqGGh-ot08,12532,,
2026-07-20,p-Ig77st4KY,8447,,
2026-07-20,ppIXkOvS4WI,4305,,
2026-07-20,roO2HBjdtQw,4617,,
2026-07-20,sl11WONqgaQ,3609,,
2026-07-20,svTgRSTyypU,30010,,
2026-07-20,uNX13pgpGBU,4817,,
2026-07-20,xGMFiacVSrk,4822,,
2026-07-20,xZIOdejjTlg,2967,,
2026-07-20,yJTEsQi0G98,1619,,
2026-07-20,yeBCQurwTAM,3999,,
2026-07-20,zXbAf49C9vE,5846,,
2026-07-20,zx1Xu1eI_UM,2127,,
2026-07-21,0PBCtb7Va-c,6569,,
2026-07-21,3A0Gwb7nmw8,2799,,
2026-07-21,F5WCr1Md6mk,2103,,
2026-07-21,GME--_-r_lU,3057,,
2026-07-21,IM0HdpgIDq8,11932,,
2026-07-21,Kh_0ICA5cfg,6081,,
2026-07-21,MOmBOx1LEJU,41833,,
2026-07-21,NEahGL5R0HI,8667,,
2026-07-21,NJXuNpJ26us,2082,,
2026-07-21,SoVnrdQ7b_s,5048,,
2026-07-21,UVkQsLv7n2s,2362,,
2026-07-21,aVKjY_uB3tA,2139,,
2026-07-21,ccZaP6LEaLI,9353,,
2026-07-21,gAlQprevPh0,3040,,
2026-07-21,hJ3DwYLFjcY,3773,,
2026-07-21,iY0az_GdCiI,5895,,
2026-07-21,mOqGGh-ot08,12546,,
2026-07-21,p-Ig77st4KY,8467,,
2026-07-21,ppIXkOvS4WI,4309,,
2026-07-21,roO2HBjdtQw,4659,,
2026-07-21,sl11WONqgaQ,3615,,
2026-07-21,uNX13pgpGBU,4854,,
2026-07-21,xGMFiacVSrk,4838,,
2026-07-21,yJTEsQi0G98,1626,,
2026-07-21,zXbAf49C9vE,5868,,
2026-07-21,zx1Xu1eI_UM,2128,,
2026-07-22,--eCZ5KJphU,1975,,
2026-07-22,-27X7n7IstM,6716,,
2026-07-22,-3dLSMzi38k,5078,,
2026-07-22,-FJcDEQ2CB0,14342,,
2026-07-22,-GYR8m5pqkI,10704,,
2026-07-22,-SxNX1_ipZ0,4509,,
2026-07-22,-WID9zHoKhE,372,,
2026-07-22,-pXsceBZ-uI,1960,,
2026-07-22,01F_B8RaurQ,364,,
2026-07-22,0A3d0lovA9c,2932,,
2026-07-22,0BvJ_8VSpAQ,20015,,
2026-07-22,0JFuxpSFiLo,20993,,
2026-07-22,0Mur3o4gJn4,5871,,
2026-07-22,0PBCtb7Va-c,6589,,
2026-07-22,0U0-9stDv2w,6821,,
2026-07-22,0YdWcjA5acg,8250,,
2026-07-22,0_I4PHJ-miw,21658,,
2026-07-22,0dqRFbgCuVg,6591,,
2026-07-22,0irTZK6Z_YI,986,,
2026-07-22,0jvB7_mRdVk,1545,,
2026-07-22,0luCN1MyFX8,11068,,
2026-07-22,0nv1NY1lx_E,5338,,
2026-07-22,0t_oTJZ6Irs,6723,,
2026-07-22,13jLs1WwfTY,4802,,
2026-07-22,14FLm6zvvlM,3303,,
2026-07-22,1APEiSZz2zM,320,,
2026-07-22,1M5hO5Iz4hQ,11584,,
2026-07-22,1WejSH57PSA,555,,
2026-07-22,1_CE104JHi8,4488,,
2026-07-22,1fn9RPaSFvM,4180,,
2026-07-22,1gAj8idUtrk,12968,,
2026-07-22,1k6Bzkiw48o,10825,,
2026-07-22,1qYWYaGdxt4,1431,,
2026-07-22,1uRRhugMzlE,4372,,
2026-07-22,1vJB1yOPOf0,7433,,
2026-07-22,1yK9VWnQpx4,21772,,
2026-07-22,24Ib0j0xDxE,15918,,
2026-07-22,2CnmP8lvGE4,6315,,
2026-07-22,2JqFe4tSOyk,9990,,
2026-07-22,2OdJHlmdu3A,3440,,
2026-07-22,2WaFFWc3lno,6196,,
2026-07-22,2bY_4Ut49J8,4108,,
2026-07-22,2l0-duQwSfI,5348,,
2026-07-22,2lZK2lUb6ew,10641,,
2026-07-22,2qLT-wnFaP0,7902,,
2026-07-22,2qZb4PtGQUg,3230,,
2026-07-22,2qron8l5-WA,2916,,
2026-07-22,2vAcCPS9-YE,3140,,
2026-07-22,3A0Gwb7nmw8,2800,,
2026-07-22,3BNqAqRukts,17541,,
2026-07-22,3Cm_qVj04z0,338,,
2026-07-22,3DNRCakknE0,4692,,
2026-07-22,3HUs08W6-8o,15774,,
2026-07-22,3KJwgGv_hq0,4059,,
2026-07-22,3Nh8y-oesJ0,7943,,
2026-07-22,3gPoLb5rT70,16930,,
2026-07-22,3iUH-OYuGIo,235,,
2026-07-22,3jZh-NYS564,6829,,
2026-07-22,3nGph8PX2-Q,3517,,
2026-07-22,3xtwXWyEfhk,1800,,
2026-07-22,49KORRES2ks,2319,,
2026-07-22,4Q1Xe92xmwI,9552,,
2026-07-22,4VN65sXHXSU,5787,,
2026-07-22,4WHM_GRby90,5803,,
2026-07-22,4aUWIhJE2n4,3644,,
2026-07-22,4b4THjNuDW0,607,,
2026-07-22,4n-UnjzY3B0,253,,
2026-07-22,4qtFClwSzc8,1466,,
2026-07-22,4r4Fv5i5zCI,7188,,
2026-07-22,4tli9Q4KZ3w,3184,,
2026-07-22,4vHxpaifn9w,25283,,
2026-07-22,4zfnW56TcvY,3015,,
2026-07-22,5I2-cQ7oa10,3613,,
2026-07-22,5MHf5WPH1v4,4416,,
2026-07-22,5R6l50LDlV4,3574,,
2026-07-22,5kFO9eUjRPk,13003,,
2026-07-22,5sVEspUzpGY,3795,,
2026-07-22,5t3KYPZKUe4,10762,,
2026-07-22,615ClJ5oqkw,1221,,
2026-07-22,62v6RgdBly0,2410,,
2026-07-22,69_RI4iZxuQ,6542,,
2026-07-22,6BegJIenaBE,9802,,
2026-07-22,6Bmjis1ofzE,6172,,
2026-07-22,6SV0Lm47pvY,2463,,
2026-07-22,6TcR8BFdyJM,2917,,
2026-07-22,6VUBa5NSLU8,967,,
2026-07-22,6Xmd08nL2G4,4727,,
2026-07-22,6d8jMrgjDuE,3247,,
2026-07-22,6iCAxQUz4aQ,5793,,
2026-07-22,6l3bIPltt3A,6894,,
2026-07-22,6ob9UwPviJA,5065,,
2026-07-22,6tcSoXsMs9c,6098,,
2026-07-22,6vhfb7LUUYc,3604,,
2026-07-22,6zLWdLXiJC8,13916,,
2026-07-22,73a6CtNTac4,10112,,
2026-07-22,7BXf6nTyiCQ,3893,,
2026-07-22,7BkLmVdcaJw,6375,,
2026-07-22,7EgU3ReHrIc,1262,,
2026-07-22,7FZrM9iMsCM,6360,,
2026-07-22,7IZ5eCJ3Vqc,2452,,
2026-07-22,7NZvpCqH7eA,2777,,
2026-07-22,7NbPwroPQ80,3046,,
2026-07-22,7Odyxk-S9f0,53200,,
2026-07-22,7PSt_Gouh6g,2814,,
2026-07-22,7cpCkvLwQsI,2101,,
2026-07-22,7dlhZLngdvM,8835,,
2026-07-22,7m_UlzkGLlA,34972,,
2026-07-22,7tKbMZqzLks,2861,,
2026-07-22,7ufObjxCBKI,14066,,
2026-07-22,7wuBlcFsfvc,4390,,
2026-07-22,7zHiFWEJfZY,8738,,
2026-07-22,87Vb6sa1KcY,1459,,
2026-07-22,8OPlCKgcSO8,6378,,
2026-07-22,8T1Pe58GJpw,4301,,
2026-07-22,8UOwBfCgZn8,1054,,
2026-07-22,8UWpsEyQwCU,3984,,
2026-07-22,8_fxIwJi8eI,12284,,
2026-07-22,8fwEHUkKTFc,1238,,
2026-07-22,8hbiWsIlhQ0,1285,,
2026-07-22,8pRl03u-hjI,7820,,
2026-07-22,8r9S_xIzqLk,4073,,
2026-07-22,8tmQ6wySUSI,4558,,
2026-07-22,900BOlBTFNg,36211,,
2026-07-22,99bQhxWPWuo,9203,,
2026-07-22,9BmwbWSPXwY,4763,,
2026-07-22,9Fhr7gYQPBM,1459,,
2026-07-22,9O3XYd0F6VI,11298,,
2026-07-22,9Ot1RhssfL0,769,,
2026-07-22,9TvuNO-fnXM,16193,,
2026-07-22,9_6yRxY8iiY,9891,,
2026-07-22,9cZh_IuGMyM,378,,
2026-07-22,9dFDeUNHViY,9334,,
2026-07-22,9gFQ9rFMKEA,38986,,
2026-07-22,9h2v-rVmwEA,8672,,
2026-07-22,9hOkPAYmpPM,6646,,
2026-07-22,9hgzA60ZGZg,5481,,
2026-07-22,9rVcXaVHCXw,2620,,
2026-07-22,9wgzzLCatp8,854,,
2026-07-22,9yg2AIYdu6E,1740,,
2026-07-22,A4wr-iI2hJU,21238,,
2026-07-22,A5ojgoN39Lc,6345,,
2026-07-22,A9RXB8YTc6Y,12619,,
2026-07-22,ADwtKtLtE8Q,1998,,
2026-07-22,AKDQisHl8Ek,3901,,
2026-07-22,AKJRVoJu_Q4,7425,,
2026-07-22,ANYrzwn5h_M,4668,,
2026-07-22,AO1WNfgIgiE,8574,,
2026-07-22,ASSnCNI-KlM,1263,,
2026-07-22,AU7Z9h1x1Ys,695,,
2026-07-22,AUG114ir5eQ,1241,,
2026-07-22,AUxR3aTc3ng,1505,,
2026-07-22,AaCd4amsV0U,2025,,
2026-07-22,Ac6AOC9yxJE,4320,,
2026-07-22,AcR00ZHbVKU,7518,,
2026-07-22,AgcnylfczPE,10554,,
2026-07-22,AmYVHRf2Aq8,8655,,
2026-07-22,Ao4VRNX_h4A,11871,,
2026-07-22,Aq3emUbqTbA,803,,
2026-07-22,B0IPEMdrCRA,3035,,
2026-07-22,B5xTJMahaK4,2529,,
2026-07-22,B9FbWxNdJPY,19088,,
2026-07-22,B9zmRMY6ISI,2705,,
2026-07-22,BNze82M59-E,7010,,
2026-07-22,BSum-2t0a28,4641,,
2026-07-22,B_OF2TYLnQw,6332,,
2026-07-22,B_rcAwySccg,3523,,
2026-07-22,BdCpg8-TlGg,3524,,
2026-07-22,BfLT1TlZInE,19995,,
2026-07-22,BfjZU1zyiOc,1882,,
2026-07-22,BkAhos9qrLQ,2132,,
2026-07-22,BsWIaYs09vc,5955,,
2026-07-22,BskXYIlyNzA,5981,,
2026-07-22,C5ETgNOq1gQ,14290,,
2026-07-22,C5Rh96Gz8yg,6946,,
2026-07-22,C9AMwVwgVPo,3021,,
2026-07-22,C9FJCiew0s8,4048,,
2026-07-22,CD6KcQMdzfc,2830,,
2026-07-22,CEF9v_JMVe8,7199,,
2026-07-22,CJkJWnPzguM,21286,,
2026-07-22,CKAGWlmyXbA,8910,,
2026-07-22,CMh4ttABaiE,1223,,
2026-07-22,CSTFP0gKnd8,5316,,
2026-07-22,CUpAWj1wVbU,24529,,
2026-07-22,CVFIzDp5iio,11240,,
2026-07-22,CYn4JoQTD1I,669,,
2026-07-22,CYvruxt8Ocw,5302,,
2026-07-22,CgzCQr9ilsw,387,,
2026-07-22,ChKL1KyjlZ4,5196,,
2026-07-22,CkghB9G4vOo,214,,
2026-07-22,Cpa04rQyl18,8189,,
2026-07-22,CufCJMTTKHk,1630,,
2026-07-22,Cy2qJ0Win1I,4372,,
2026-07-22,D-dgFUvl7YA,7858,,
2026-07-22,D4p6nv2t2FA,245,,
2026-07-22,D50nmITTLp8,1806,,
2026-07-22,DAuagmdRSOE,10783,,
2026-07-22,DBkInEbzPk0,2719,,
2026-07-22,DDd5prelU6A,8885,,
2026-07-22,DDiDtP-uOqU,2275,,
2026-07-22,DI-Oxm-J0W0,5551,,
2026-07-22,DIv0FHIZiko,3477,,
2026-07-22,DNsUjaDT3AQ,4136,,
2026-07-22,DPEZ-FtI4UI,8315,,
2026-07-22,DPz-ktdaHII,447,,
2026-07-22,DS_neiUmgrA,2716,,
2026-07-22,DY9enl751Hk,9045,,
2026-07-22,Dcu_IubxG8I,4962,,
2026-07-22,Df9q7HerAA4,4945,,
2026-07-22,DiLjnRqx0xo,3852,,
2026-07-22,DnXALAe3BtY,1597,,
2026-07-22,DohrPYUe11o,1536,,
2026-07-22,DouSkzKX7NE,6465,,
2026-07-22,Drqehd-O2ak,3669,,
2026-07-22,DxUH69hEi9k,453,,
2026-07-22,E6ac_QwimUk,3683,,
2026-07-22,EFc5_Nct8wE,4530,,
2026-07-22,EIKIx9Xpl7c,2737,,
2026-07-22,E_DqVHrHIxM,7849,,
2026-07-22,EckbfLRDGjE,1688,,
2026-07-22,EkKqSnrdG7U,2683,,
2026-07-22,Ezrw0VHCy7w,280,,
2026-07-22,F1hpeZ_T-ww,2754,,
2026-07-22,F5WCr1Md6mk,2104,,
2026-07-22,F5y8-ztKpCM,3797,,
2026-07-22,F8PMKa1dz9g,732,,
2026-07-22,FAIITnGT4wo,4864,,
2026-07-22,FAfQTG-v0Cs,3240,,
2026-07-22,FEqKnaBExZU,9365,,
2026-07-22,FG5G2G-XjhE,14478,,
2026-07-22,FIEy7T-kMmQ,1915,,
2026-07-22,FKbiHBctwwA,3866,,
2026-07-22,FNVB3Ndlrw8,431,,
2026-07-22,FSFC8O9LxRU,2485,,
2026-07-22,FYtl1LolxwQ,10003,,
2026-07-22,Fa8jGX5mvj4,3113,,
2026-07-22,FfCJfpHXt8c,4049,,
2026-07-22,FgTt2XD_ryA,13569,,
2026-07-22,FkK2Rp5xEIc,10985,,
2026-07-22,FlGf6zZGtkk,5263,,
2026-07-22,FlbiS6qn6oE,2732,,
2026-07-22,Fs8L9V90RDk,7794,,
2026-07-22,FsemZttxTN8,5396,,
2026-07-22,G2COlj5SS54,7921,,
2026-07-22,G76WtaecxB4,1186,,
2026-07-22,G9YcpN4TAZw,5153,,
2026-07-22,GEZg76Swgc8,426,,
2026-07-22,GJRAN3_x8U4,3572,,
2026-07-22,GME--_-r_lU,3070,,
2026-07-22,GTD7cyckPnA,271,,
2026-07-22,GYD-rQNG-rI,8895,,
2026-07-22,Gdybpz4wjgY,331,,
2026-07-22,GgtIBQCZxkQ,5269,,
2026-07-22,Gjf4AsYGwU8,11134,,
2026-07-22,GqAXRVF_edY,4097,,
2026-07-22,GqRwtWVepYw,8880,,
2026-07-22,GqWbo7Uo8Ec,5704,,
2026-07-22,Gs03wWJ6vFc,923,,
2026-07-22,Gx6Z5Aj875s,6628,,
2026-07-22,H-jiaEptrx0,4334,,
2026-07-22,H3JH96ZJWzM,786,,
2026-07-22,H5yOaNKxZ-4,20941,,
2026-07-22,H97Ldv1IXtw,17885,,
2026-07-22,HBhaj0_Zm34,4444,,
2026-07-22,HDN25GTdn40,3913,,
2026-07-22,HRQ4Ibbkkco,2267,,
2026-07-22,HUbRq3GR8SI,4995,,
2026-07-22,HbNx1HcTEk4,21808,,
2026-07-22,HlwfZ6atyLw,1890,,
2026-07-22,Hsv6dNsEO40,10908,,
2026-07-22,HvQpYQlLGzg,3815,,
2026-07-22,Hwi-jokx7aI,2682,,
2026-07-22,I-S-0EO3-FA,2858,,
2026-07-22,I1sccj6fjQs,3705,,
2026-07-22,I3T6O4ez75M,4054,,
2026-07-22,I66Prbdjcn0,3464,,
2026-07-22,I70TmekxAXE,2642,,
2026-07-22,IAdR2JdoGr8,10123,,
2026-07-22,IB_3oFDAULc,11634,,
2026-07-22,IE6oyFF67A0,15471,,
2026-07-22,IEIg6U_krbY,9593,,
2026-07-22,IF966yryyqY,264,,
2026-07-22,IH591H86iFQ,7167,,
2026-07-22,IHsdTOEuG4g,8585,,
2026-07-22,IJdPXXMpYPk,806,,
2026-07-22,IKIrneFKwJY,622,,
2026-07-22,IM0HdpgIDq8,11943,,
2026-07-22,IQ3zeRLgnt4,3342,,
2026-07-22,IQQViyty9zM,2043,,
2026-07-22,ISKY2Bgz_c0,1224,,
2026-07-22,IXOacyfD7V4,13321,,
2026-07-22,IrGSyH2wlK0,1596,,
2026-07-22,IuZyLH50TMQ,22978,,
2026-07-22,Ix6NRPPJhd8,1191,,
2026-07-22,J-aiAO8-Czk,13010,,
2026-07-22,J1tRJRX44zc,2053,,
2026-07-22,JH6X6472Gdk,3407,,
2026-07-22,JNuRoWbolfs,6375,,
2026-07-22,Jep6zVwriOA,7029,,
2026-07-22,Jl2XOwlw5Z4,5428,,
2026-07-22,JpfqYvUYNr8,2205,,
2026-07-22,Ju3_gwctpM8,16425,,
2026-07-22,Jyn59AgDf6o,7136,,
2026-07-22,JzsEVr4W5ng,11234,,
2026-07-22,K1YD12TDxwo,1707,,
2026-07-22,K2T8Cd4-ba8,699,,
2026-07-22,K4YFVRGWGEY,2843,,
2026-07-22,K8o_u0_iFJU,7704,,
2026-07-22,K9Asd1xasRc,794,,
2026-07-22,KEnYv8bMxXM,38745,,
2026-07-22,KLTqQaG2asM,4392,,
2026-07-22,KMTemVbHKS4,3432,,
2026-07-22,KNT1a6LakZI,4453,,
2026-07-22,KOF8EQ_YcOU,11960,,
2026-07-22,KOedI8Dr__Y,4495,,
2026-07-22,KTnAV2qb5CY,7867,,
2026-07-22,KVaKaf9FX5I,8367,,
2026-07-22,KXoxeoaSwOA,4349,,
2026-07-22,Kh_0ICA5cfg,6093,,
2026-07-22,KiOKGmcOb_g,10234,,
2026-07-22,KlnSnb7YFEY,2680,,
2026-07-22,Kn5RCzQ9ufc,3741,,
2026-07-22,KqZv27fFQlQ,140639,,
2026-07-22,KrjMNWiU52A,16859,,
2026-07-22,KtjAJuKUbDM,15545,,
2026-07-22,L0KEJ_zq0Ak,10320,,
2026-07-22,L5c4VvuaU7w,18111,,
2026-07-22,LD8rxn2RFNE,4387,,
2026-07-22,LMbdAdrLzXg,4298,,
2026-07-22,LMryIj-gt9A,2051,,
2026-07-22,LNWGlnt3wF4,19380,,
2026-07-22,LRySNa5Y0No,5650,,
2026-07-22,LSGYVCqNEjc,4305,,
2026-07-22,LXW_Z8rp3bU,2230,,
2026-07-22,L_mpuGgHhfE,4667,,
2026-07-22,LadLiCQaAwQ,5202,,
2026-07-22,Lbrq5ramx-A,4549,,
2026-07-22,LdYe9MF1QMs,1954,,
2026-07-22,Li2lFki33xM,9242,,
2026-07-22,Lk6JhpGO69M,10091,,
2026-07-22,LmDOOPuqYG8,7678,,
2026-07-22,LpqnF4FROjg,365,,
2026-07-22,Lswdyl9nZtE,9602,,
2026-07-22,M61DCig7ZJY,6155,,
2026-07-22,MA41DUCQWfw,2531,,
2026-07-22,MM879hqJf1U,17669,,
2026-07-22,MOmBOx1LEJU,42135,,
2026-07-22,MRxgJpEyabo,4988,,
2026-07-22,MVWyRSiH4uQ,2611,,
2026-07-22,MWkhT5GG75k,6882,,
2026-07-22,MhZ5AKwboh0,9869,,
2026-07-22,MsxCeW9nTb0,3354,,
2026-07-22,Mtqdsr2BC_A,5598,,
2026-07-22,MvMstvlNNzQ,402,,
2026-07-22,MxDzq8aLzTo,789,,
2026-07-22,N0_ptJC7W48,3792,,
2026-07-22,N54m3zy-uzk,3432,,
2026-07-22,N6qK7AUqn54,10740,,
2026-07-22,NELsP8DaEa8,9734,,
2026-07-22,NEahGL5R0HI,9011,,
2026-07-22,NHGisiXq7eg,7777,,
2026-07-22,NJXuNpJ26us,2487,,
2026-07-22,NJelRHbyeWw,7583,,
2026-07-22,NRlM9dhgPTg,4344,,
2026-07-22,NWOjsRjPomI,2731,,
2026-07-22,NX-1jJ1PuxY,7864,,
2026-07-22,Nc1nItUxpQQ,8164,,
2026-07-22,Nh7jDVmtg0I,1459,,
2026-07-22,NvFqtHcCCXs,3547,,
2026-07-22,Nz2xOcIryF4,9137,,
2026-07-22,O14qr6DPo4Q,7226,,
2026-07-22,O1awyI-zPJs,14994,,
2026-07-22,OD8Jm9Yk0WY,21757,,
2026-07-22,OH7Rlrq71To,34532,,
2026-07-22,OHt_00p2dmY,5714,,
2026-07-22,OLPoLPMdW_g,2149,,
2026-07-22,OVHP92ag6d4,4151,,
2026-07-22,OYxpHMuv29k,8817,,
2026-07-22,O_7ZySSl0mk,4135,,
2026-07-22,OcgJZnE1a6o,771,,
2026-07-22,Ocp1_PPM4sI,23467,,
2026-07-22,OddgScxecfA,6901,,
2026-07-22,Om4MsEtTrnw,1456,,
2026-07-22,OsN0NNVuu7o,21078,,
2026-07-22,Ou7NGOVJ8Pc,3214,,
2026-07-22,OwK8r2uyqHU,6822,,
2026-07-22,P5dvh5HrHaE,7940,,
2026-07-22,P6a8zyHf7YY,959,,
2026-07-22,P7i-qgVG7c4,1785,,
2026-07-22,PLFNoideC9s,11861,,
2026-07-22,PM4DofLA2g0,732,,
2026-07-22,PUTrIDHNxQs,2421,,
2026-07-22,PdO8UebbbSA,1660,,
2026-07-22,PgvLUj9yWDQ,692,,
2026-07-22,Pk77G5OfECU,5081,,
2026-07-22,PkjXvpbR1q8,9331,,
2026-07-22,Pt8zI30MFm8,6992,,
2026-07-22,PtL2ZgPSF5o,14351,,
2026-07-22,Pwf2T_cntdg,20830,,
2026-07-22,PxyjUIyE5YI,15688,,
2026-07-22,Q-dHeMod7T0,7345,,
2026-07-22,Q1zf4SC-AvQ,2849,,
2026-07-22,QLdp2ZNFM_s,5314,,
2026-07-22,QUNzVqhLUBw,2641,,
2026-07-22,QVi7Ze1DEz4,5582,,
2026-07-22,QY2ox96a1zA,5968,,
2026-07-22,QeCKLvz2tIM,5779,,
2026-07-22,QhRPaWYjWYc,4039,,
2026-07-22,Qrag4Jg-veo,3881,,
2026-07-22,R1S8PFUsVWg,5520,,
2026-07-22,R4hO35nd_OI,6496,,
2026-07-22,R6Ukz91VIAY,1186,,
2026-07-22,R7utAmGPE_M,633,,
2026-07-22,RO6gVW9tdbY,1594,,
2026-07-22,ROV6ce9dkfI,4204,,
2026-07-22,RUy1hElRuUQ,5131,,
2026-07-22,RVWlgBZt6h8,5009,,
2026-07-22,RXEipSzDgtc,22012,,
2026-07-22,Rb2-RE864YY,10665,,
2026-07-22,RdvRwihvUUM,3929,,
2026-07-22,RgeVF0tu6ng,898,,
2026-07-22,RhUoPPchFBU,488,,
2026-07-22,RrVaJ5z_3mU,2982,,
2026-07-22,Rs5p0EuuTDw,9830,,
2026-07-22,Ry8PCL00Sjc,2016,,
2026-07-22,RyckAyrt7xQ,29744,,
2026-07-22,S0W7nQ2q3Kg,7553,,
2026-07-22,SB5QPpcWDXk,8650,,
2026-07-22,SCwP-bR498o,2566,,
2026-07-22,SGOEY0I_FQA,33547,,
2026-07-22,SHzg-IgnKuI,26392,,
2026-07-22,SKEcZIJKPzc,3510,,
2026-07-22,SOXoRwvxcv0,10773,,
2026-07-22,SQdrkq_hBzE,1878,,
2026-07-22,SW7PfbETFx8,2800,,
2026-07-22,SWoYNH7OMZI,1087,,
2026-07-22,SeWXiEIm9oI,1656,,
2026-07-22,Sf25ENrbQGM,997,,
2026-07-22,ShJ_j2paClA,9193,,
2026-07-22,ShkacKGq5Vk,5409,,
2026-07-22,SkukxahhmRo,6865,,
2026-07-22,Sl5Fl_vOthI,3157,,
2026-07-22,Sl5sYEh_UoU,6185,,
2026-07-22,Sq3rkK6GhuE,245,,
2026-07-22,St5jhqEeasY,4544,,
2026-07-22,T2tuMBwhuKc,6947,,
2026-07-22,TDOWMduvE1o,3082,,
2026-07-22,TEqu2JH5dYc,907,,
2026-07-22,TMvgKj-2Z9k,1011,,
2026-07-22,TP7VDtErEvY,5411,,
2026-07-22,TS9rxa7-CXg,7147,,
2026-07-22,TV3fWx4rQh0,2330,,
2026-07-22,TWUoFcCtDhA,6530,,
2026-07-22,TXAe5nqafRY,1517,,
2026-07-22,T_jQIJSkjGo,7286,,
2026-07-22,TaY5NrLNABM,1331,,
2026-07-22,Tb4JB3eFPXw,5523,,
2026-07-22,Te57wukDp8g,4573,,
2026-07-22,TgJqTy_mCR4,7564,,
2026-07-22,Tj9CJM4ti2w,1734,,
2026-07-22,TqAy1jbJ9w8,8409,,
2026-07-22,TtCijTAgvPc,5078,,
2026-07-22,TvvDTvo-L74,7866,,
2026-07-22,TwfHRcdWHRg,4147,,
2026-07-22,U4zBHwf2MTw,1707,,
2026-07-22,UCaZFYzYm9k,6520,,
2026-07-22,UHGfFw-ZT98,3813,,
2026-07-22,UJOAvX_FD7o,251,,
2026-07-22,UKzsE2t00Jw,412,,
2026-07-22,UOOBf83nIco,37289,,
2026-07-22,UQIBN4D_qIs,2671,,
2026-07-22,UUUH5xnM-Mc,6098,,
2026-07-22,UVdc7kYPJEs,1074,,
2026-07-22,UVkQsLv7n2s,2364,,
2026-07-22,UZ3583GSSOo,3974,,
2026-07-22,UhuJQBAZv84,10360,,
2026-07-22,UiD0-skn904,812,,
2026-07-22,Ulotto-Re6w,4382,,
2026-07-22,UqLF2eIaDxg,7835,,
2026-07-22,V1jmHGrVs_k,8948,,
2026-07-22,V2d8qoEGyEU,232,,
2026-07-22,V3IHs2DwX0U,701,,
2026-07-22,V3nsGV2yOV8,2308,,
2026-07-22,V50CUypS7UM,2955,,
2026-07-22,V6AOpDTpCO4,5000,,
2026-07-22,V6Lm17-mfxA,4416,,
2026-07-22,V6d2Dc1l7BA,7154,,
2026-07-22,VKJLsmW95wc,3747,,
2026-07-22,VKMMVQtaDrM,11549,,
2026-07-22,VLJJ9zvdj2Y,4996,,
2026-07-22,VTOl1gAKo44,3204,,
2026-07-22,VTszds8Y7rU,7996,,
2026-07-22,Vb5gSRAHXCA,3877,,
2026-07-22,VlgtaUj_dho,4030,,
2026-07-22,VoU-7YGmoo0,1852,,
2026-07-22,VvVtNiE0bjA,4024,,
2026-07-22,VwTMGmXxghU,18856,,
2026-07-22,W3I8gwLv0Ro,2951,,
2026-07-22,W6U3fBgQoVg,1975,,
2026-07-22,WD7EzA2sbnI,2108,,
2026-07-22,WIP6ZDjQmww,9635,,
2026-07-22,WKMTSCW51fI,5215,,
2026-07-22,WNFEf_ZwNFw,435,,
2026-07-22,WNhZUBZ8tUc,44286,,
2026-07-22,WWIB8ZW1i6w,2918,,
2026-07-22,WYGsRorORyI,16661,,
2026-07-22,WjgW6u9Tde8,2007,,
2026-07-22,Wu4lafiHjh0,7445,,
2026-07-22,WvVMuiXrqcI,7467,,
2026-07-22,X22UHszz5Dg,4433,,
2026-07-22,X5L0LaarTLg,10575,,
2026-07-22,XAQ_GYsV52A,10027,,
2026-07-22,XEqxbZoaqUw,5161,,
2026-07-22,XIhM9oLObuU,2537,,
2026-07-22,XVwO4OvjwI4,2445,,
2026-07-22,XWSWCP3TBrc,2846,,
2026-07-22,Xm4ScqSNV10,4435,,
2026-07-22,XsCgtUDrxck,2170,,
2026-07-22,Y66yYblAsq8,1873,,
2026-07-22,Y7Rm_Bmu-K0,38285,,
2026-07-22,Y8YjZOGrhJI,3915,,
2026-07-22,YA85ddRTnus,4994,,
2026-07-22,YA_LFvsyLoU,2262,,
2026-07-22,YBMZINlORaw,5944,,
2026-07-22,YDlHWsYd23o,4371,,
2026-07-22,YDmxUb_oNLI,2742,,
2026-07-22,YFjQz7FijWM,15194,,
2026-07-22,YOe2PL-1gT0,671,,
2026-07-22,YXqYOapYqYc,7662,,
2026-07-22,Y_mkJt3oY_k,3551,,
2026-07-22,YiKIKU-5KpY,0,,
2026-07-22,YpCAi9ofhjs,4322,,
2026-07-22,YpMxtemC5y8,4846,,
2026-07-22,YqZzdPYfnso,3611,,
2026-07-22,Ytbx-7bzEGc,4311,,
2026-07-22,Z-s3rXFeosc,6602,,
2026-07-22,Z12fVM_cnaI,10597,,
2026-07-22,Z2njQkTQDKY,5158,,
2026-07-22,Z9Jjrb6xQeo,3552,,
2026-07-22,ZA_G9BP9HLY,491,,
2026-07-22,ZE2dghmFE8Y,22546,,
2026-07-22,ZE3jHXXiSBY,9374,,
2026-07-22,ZE9ENcHPRr8,24231,,
2026-07-22,ZG72S1_wBC0,5001,,
2026-07-22,ZY_oCjE95Ss,393,,
2026-07-22,ZZBZkqJqvu8,11029,,
2026-07-22,Z_REKs508KY,6644,,
2026-07-22,ZaksbmqvxNM,8383,,
2026-07-22,ZcdQLCEyjjU,8584,,
2026-07-22,ZfQ7oKzL-Pw,12471,,
2026-07-22,ZgN1aMmXELI,4798,,
2026-07-22,Zq-NFi8kxlo,48933,,
2026-07-22,ZrqtNoiNSdw,4801,,
2026-07-22,ZsIml_y5qU4,146,,
2026-07-22,ZtUTR0E7VPY,45553,,
2026-07-22,ZvUISEnjqbQ,5361,,
2026-07-22,ZzYTRvOWH1I,4374,,
2026-07-22,_3MWGJ7MUTA,2830,,
2026-07-22,_8p1UyvwmhI,3875,,
2026-07-22,_9BI3P-OH84,1718,,
2026-07-22,_BvUrcl5tls,3151,,
2026-07-22,_EZK5vA1EX0,5227,,
2026-07-22,_FzLqe9KziY,2518,,
2026-07-22,_Jlf2Q0xGZ8,5819,,
2026-07-22,_LzDM8xt_dA,7837,,
2026-07-22,_NHlgOF-WU0,406,,
2026-07-22,_OsQEaApgwY,2526,,
2026-07-22,_UWA2fCxRHI,3748,,
2026-07-22,_auL36M33Aw,2649,,
2026-07-22,_eLkGBx1XiE,1068,,
2026-07-22,_fcTS5NosDs,1563,,
2026-07-22,_r9bm8JLsKc,3342,,
2026-07-22,_wWswU9t8HU,212,,
2026-07-22,_xEjpsA_iVg,2029,,
2026-07-22,_zVLb3rpe5I,6074,,
2026-07-22,_zuQYhMwTgs,5633,,
2026-07-22,a2L6AbyANjw,13274,,
2026-07-22,a2n31BGGWFI,4175,,
2026-07-22,a65XoIF7K7Y,7925,,
2026-07-22,a6qWlOZtG3E,2132,,
2026-07-22,a8g5MvFPwxo,6250,,
2026-07-22,aD-WkrzMJrk,2310,,
2026-07-22,aDDnbn7KVls,12933,,
2026-07-22,aIcW25HaFsI,5094,,
2026-07-22,aMG8tqZ6bW0,2887,,
2026-07-22,aOOR5vp4Kl0,3631,,
2026-07-22,aQF7qqm1iHE,2383,,
2026-07-22,aVKjY_uB3tA,2215,,
2026-07-22,aYgFb-fiwxA,11773,,
2026-07-22,acvpoQwncqI,3052,,
2026-07-22,ad5pxORFPfk,2441,,
2026-07-22,adsB3sGIcVQ,5665,,
2026-07-22,afLeJEbZs2k,6418,,
2026-07-22,ahyTF-4Agkg,985,,
2026-07-22,akC-r5hlDkc,2164,,
2026-07-22,aoh738yJBRA,6416,,
2026-07-22,aqbo0yu_l6g,15948,,
2026-07-22,ar-bXQYvUhs,2466,,
2026-07-22,ath0o3oOJCs,6329,,
2026-07-22,b4fNiXZPqRQ,10090,,
2026-07-22,bHJfRtPpY6E,1655,,
2026-07-22,bHuv7kKqe-A,8194,,
2026-07-22,bJHikj8skz4,2986,,
2026-07-22,bQaZqs74i2Y,5279,,
2026-07-22,bT7qGpnOpo4,4755,,
2026-07-22,b_Obp5cBRZk,5566,,
2026-07-22,bi3ZAQbw8EI,1865,,
2026-07-22,bqTNuZQOziA,9970,,
2026-07-22,bqf0zywB-Wo,11842,,
2026-07-22,c2ket6Qczzw,1477,,
2026-07-22,c3rRnSi93Lw,8731,,
2026-07-22,c6WqvHRlRkc,4359,,
2026-07-22,c9CotszUwYQ,2359,,
2026-07-22,cFn-fD2GmYU,2546,,
2026-07-22,cJwXjAKA0-k,5460,,
2026-07-22,cR199eKHJ4k,348,,
2026-07-22,cWyP2mrcwdM,784,,
2026-07-22,ccZaP6LEaLI,9379,,
2026-07-22,cevjHgZRbrg,293,,
2026-07-22,cfGpIvLPcPw,4955,,
2026-07-22,cga1y52KSCk,2989,,
2026-07-22,cjpnhsKzs1Q,2864,,
2026-07-22,coqZMUFd2C0,35701,,
2026-07-22,cpd3lbm5tL8,3557,,
2026-07-22,cqPVe0nQ1A0,5177,,
2026-07-22,cuZsMnQlDQU,13702,,
2026-07-22,d-msiY5zz5A,3082,,
2026-07-22,d-zJskCnHpI,3098,,
2026-07-22,d09nbbfOIA8,5082,,
2026-07-22,dFH36q7iWiU,243,,
2026-07-22,dHJbG72Itp8,16012,,
2026-07-22,dIqUY3R2_3A,7989,,
2026-07-22,dSmFHbtrZ7g,17727,,
2026-07-22,dURDUSYCm68,15113,,
2026-07-22,dWatNWKO9uk,3522,,
2026-07-22,de7gpeHMS1Q,381,,
2026-07-22,dgkZoy66esM,5294,,
2026-07-22,dijHVnTV0aM,6237,,
2026-07-22,dl3KzRCU-aQ,6562,,
2026-07-22,dlABqtYhbMk,6079,,
2026-07-22,dmbvfKzFSLo,3047,,
2026-07-22,dn-xSg_FT0A,17622,,
2026-07-22,dnI29M9CE44,3927,,
2026-07-22,dnUUMRDbasE,1877,,
2026-07-22,dp7vq7hweXs,1927,,
2026-07-22,dtdf5AeXwB8,420,,
2026-07-22,dtoZraGBx54,15568,,
2026-07-22,dv-40oFi5ak,6647,,
2026-07-22,dx9Qe_629yE,8777,,
2026-07-22,e061vqWD0lQ,1008,,
2026-07-22,e6iHP-UMZnk,5228,,
2026-07-22,e83i1spluHo,6381,,
2026-07-22,eGnLjzejgI4,3012,,
2026-07-22,eK7uM-EeLIk,7722,,
2026-07-22,eLcRSVAncfc,1338,,
2026-07-22,eLhCLA0Jndo,2236,,
2026-07-22,eM2S4pWeczs,151386,,
2026-07-22,eOxOgo6VNzQ,3640,,
2026-07-22,eUkmg5xOC7c,2403,,
2026-07-22,eYY-goMG0N0,4461,,
2026-07-22,ebpANnTL0zw,13406,,
2026-07-22,ecutxRcKQ6I,6459,,
2026-07-22,enR1CfAS5zo,2051,,
2026-07-22,ensnUIxTUHE,14048,,
2026-07-22,er-8YWX70rk,12193,,
2026-07-22,etbk0Z69oDs,816,,
2026-07-22,eu92DDq5snw,5516,,
2026-07-22,eymQ0rXs7d8,6162,,
2026-07-22,f-aH0vpaoyo,10111,,
2026-07-22,f7yvLMqdMJo,4128,,
2026-07-22,f8fN8Uqbb8s,6090,,
2026-07-22,fFdiFTfeCwE,6183,,
2026-07-22,fFgFYRumrDU,11157,,
2026-07-22,fG1-74pj6A4,16237,,
2026-07-22,fHYBRGdrXo0,1947,,
2026-07-22,fIo8SE2ky98,2969,,
2026-07-22,fKvvShsdaWU,18862,,
2026-07-22,fMmn4SMuSdE,4689,,
2026-07-22,fQwyeIriRx8,8427,,
2026-07-22,fZ7RRiEw54E,6376,,
2026-07-22,fbZea8wkoe8,9733,,
2026-07-22,ff5ZGdHsgIA,1096,,
2026-07-22,fg72xV_ZX8g,783,,
2026-07-22,fj2SC2FA324,2042,,
2026-07-22,flJTAxtk67w,11197,,
2026-07-22,flbyvShpL18,4899,,
2026-07-22,fsI10W24Ya8,8058,,
2026-07-22,gAPX20Ja0zk,2662,,
2026-07-22,gAlQprevPh0,3043,,
2026-07-22,gENAeokhMHI,4008,,
2026-07-22,gK1VHYEXt_0,223,,
2026-07-22,gNEGNjVWO0Q,2873,,
2026-07-22,gVj7YvOUjfc,1034,,
2026-07-22,gWdtuyZNxeQ,11206,,
2026-07-22,gXT5p-IBNMg,6050,,
2026-07-22,goQs8La8e94,29217,,
2026-07-22,gpKioDijRD4,1529,,
2026-07-22,gtGmlmLZ3Ps,1220,,
2026-07-22,gy_rDsWx8_4,4969,,
2026-07-22,h1qNF-YaHX8,4896,,
2026-07-22,hBhD4lpfrvw,4148,,
2026-07-22,hBqhV23fZnE,3977,,
2026-07-22,hD4BjVn9YXw,4562,,
2026-07-22,hJ3DwYLFjcY,3776,,
2026-07-22,hRgIER_2tZg,1188,,
2026-07-22,hSuSN9-UZUY,15115,,
2026-07-22,hUQqvZGsp6A,3550,,
2026-07-22,hVMJN3o6-5g,10854,,
2026-07-22,hX5lVJXMurI,6387,,
2026-07-22,h_v3GcIgbvM,18829,,
2026-07-22,hhwrtf3g0yY,4702,,
2026-07-22,hnnt5l96vVE,3572,,
2026-07-22,hrA_TspDTyM,2741,,
2026-07-22,hsiq1QlJqCs,37126,,
2026-07-22,htuK8cgwC-E,2584,,
2026-07-22,hwX4Jil8AFY,2226,,
2026-07-22,hy7L_a8J9z4,6081,,
2026-07-22,hyisCTgnS0g,805,,
2026-07-22,i4tThjQW98w,1477,,
2026-07-22,i5Ufb0FYkDM,2834,,
2026-07-22,i6kooD4epJ0,9844,,
2026-07-22,iCV7kvzQ_bA,19503,,
2026-07-22,iCrYuW2ixu8,2170,,
2026-07-22,iEHsfr9bvpg,12604,,
2026-07-22,iFu9J3h8RBY,8195,,
2026-07-22,iHt3VLuizj4,3691,,
2026-07-22,iKMz8ICRe8I,20608,,
2026-07-22,iNIxuEi7V54,2237,,
2026-07-22,iRyAJEXB_hE,3228,,
2026-07-22,iY0az_GdCiI,5911,,
2026-07-22,iYHt1pdScK0,206015,,
2026-07-22,i_bfUG57Je8,10590,,
2026-07-22,ipf-y1PaGBg,3760,,
2026-07-22,iuZ57o6ph1A,2419,,
2026-07-22,ixG3RWG-Xdw,10571,,
2026-07-22,j3BrzaBGJqY,3147,,
2026-07-22,j50kYrWuR6U,1337,,
2026-07-22,j9lMyW5Emo0,7368,,
2026-07-22,jBZnliX8R7M,5283,,
2026-07-22,jCGuQ1T3kUE,11262,,
2026-07-22,jQiLi6ev9zM,4968,,
2026-07-22,jTEvYjhQKTM,3510,,
2026-07-22,jV8i3ErC3MA,10294,,
2026-07-22,jdAA_65-h0E,16995,,
2026-07-22,jfEMLlPzKEU,7963,,
2026-07-22,jgfWTFUl_58,1443,,
2026-07-22,jh22fly0d-k,5223,,
2026-07-22,jlV4MmBxgPI,13433,,
2026-07-22,jrnfWiLWFJw,382,,
2026-07-22,k1SjNJaOJcA,7049,,
2026-07-22,k3yhL30Kpnw,1611,,
2026-07-22,k4GBTLOy9aE,11221,,
2026-07-22,k73d1z4sXCE,2658,,
2026-07-22,kCTe19NTny4,2082,,
2026-07-22,kCcXFPN8bK0,2703,,
2026-07-22,kETEBzJrtSA,7371,,
2026-07-22,kFWumpkL5yI,3301,,
2026-07-22,kO5VQOB3sxI,6301,,
2026-07-22,kSbp6GNfK7Y,4489,,
2026-07-22,kUDZK_9QPtA,14352,,
2026-07-22,kYmLSudfROM,5657,,
2026-07-22,kb2G7jcB3Ls,4276,,
2026-07-22,keYeekasjI8,20142,,
2026-07-22,kjl_jo_1HTg,2465,,
2026-07-22,ko82nHa36U4,8870,,
2026-07-22,kpcxQ1XCrq8,254,,
2026-07-22,kr9WECLcJWU,3733,,
2026-07-22,ktZgSqvfl8o,455,,
2026-07-22,kuoLAhyeaJQ,4176,,
2026-07-22,kzApFdb-KEs,777,,
2026-07-22,kzQhIJnlTsI,97072,,
2026-07-22,l4OOeF2yo9Y,3788,,
2026-07-22,lADjNtrJtIo,3142,,
2026-07-22,lCTSpZlGMb4,3736,,
2026-07-22,lN4Nv7R4sBI,10368,,
2026-07-22,lOciy5N92Lg,1560,,
2026-07-22,lOomWUxwNlQ,4494,,
2026-07-22,lSkunEYX5Go,1739,,
2026-07-22,lTCDfNnY4u8,5800,,
2026-07-22,lZj5qfUurLw,4028,,
2026-07-22,lZm2ZwjEy38,2993,,
2026-07-22,lgNWcFP2Ltg,12155,,
2026-07-22,lr1GJQXbj4c,1959,,
2026-07-22,lvOd4uyJkFE,30819,,
2026-07-22,lvtS_HSjXUA,10379,,
2026-07-22,m1gcxwLGPos,5684,,
2026-07-22,m6233lu5J9Q,11849,,
2026-07-22,m9q3qhKxbk4,2473,,
2026-07-22,mDDcQa5yCfI,20737,,
2026-07-22,mHE2XXExu7Q,1252,,
2026-07-22,mHSNcvaQ8YU,1017,,
2026-07-22,mM4k2pf-l9E,6043,,
2026-07-22,mNKdQ1YwHPc,2898,,
2026-07-22,mOqGGh-ot08,12572,,
2026-07-22,m_vvvpnOHfw,406,,
2026-07-22,mhXS2cpJlRo,1959,,
2026-07-22,mkJ-QgvLtyk,12333,,
2026-07-22,mnu4iJG72y8,5492,,
2026-07-22,n5WXv528CII,17860,,
2026-07-22,n93OGgP941o,2369,,
2026-07-22,n9XvIj6hOjc,2135,,
2026-07-22,nDLFzy9hIow,9717,,
2026-07-22,nF0VXXPcAh4,3048,,
2026-07-22,nMQCA_C9zoQ,102882,,
2026-07-22,nPV7ftm2WSg,2181,,
2026-07-22,nRTuARH-N9A,639,,
2026-07-22,nZ-Yf21ufww,9652,,
2026-07-22,n_8ek8wvHc8,5508,,
2026-07-22,nbqcaybmEe8,11647,,
2026-07-22,neQ91eM5hw4,21513,,
2026-07-22,nuEwWBGiQ4c,3904,,
2026-07-22,nwbp-b7PO4g,7293,,
2026-07-22,nxJqaJgDQIE,4332,,
2026-07-22,nyHN_s3QpkY,7007,,
2026-07-22,o0dULDtKQ-8,9978,,
2026-07-22,o4tmiD22BLI,18622,,
2026-07-22,oCAyG5S7cIw,10406,,
2026-07-22,oDeAAnpEEXU,1939,,
2026-07-22,oKTvQ7d9gYw,27618,,
2026-07-22,oPCHIAxcTHw,38090,,
2026-07-22,oRXt4EmUmKk,4279,,
2026-07-22,oUdstwXRu2c,2791,,
2026-07-22,oZh7YlRGlqA,5139,,
2026-07-22,oZjiL501lAY,1413,,
2026-07-22,o_FRQ02nigQ,5536,,
2026-07-22,ofwkfFci1iI,3339,,
2026-07-22,ol2a1T0BgrM,4436,,
2026-07-22,ol_M2L_mjBI,2647,,
2026-07-22,onlJoxwtQec,1397,,
2026-07-22,oo0K4ydn4rw,6004,,
2026-07-22,p-Ig77st4KY,8484,,
2026-07-22,p23Rm9i_EIg,6566,,
2026-07-22,p6uuiKju1Gc,4274,,
2026-07-22,p8GqOFBpR5w,4806,,
2026-07-22,p8ZK2nre57U,3814,,
2026-07-22,pC_lpEworvo,1029,,
2026-07-22,pGUjxBQqY5E,4087,,
2026-07-22,pKvwesJ8-t0,8746,,
2026-07-22,pRB23hC8dZY,3121,,
2026-07-22,pUPzkqLt5WM,4566,,
2026-07-22,pWY2T3MqfCw,3437,,
2026-07-22,pdIXWsxp0_g,3820,,
2026-07-22,pms2oKZcuqo,3425,,
2026-07-22,ppIXkOvS4WI,4320,,
2026-07-22,ptv9GRoEKs0,3753,,
2026-07-22,pyuB406DLuo,11467,,
2026-07-22,pzLWWa96_lE,5912,,
2026-07-22,q4mgxHWrmLM,6370,,
2026-07-22,q52xE5uCNT0,11641,,
2026-07-22,qIxGLqP2ZBA,3361,,
2026-07-22,qJ6pJMN4eiA,2638,,
2026-07-22,qMz0UbGJq4Y,6854,,
2026-07-22,qZi9yeRBf94,3790,,
2026-07-22,q_TknmNwvqA,6052,,
2026-07-22,qabDQ1ebZbQ,5987,,
2026-07-22,qbXC7hLKuGM,260,,
2026-07-22,qd6gmV0qrrk,14432,,
2026-07-22,qiI-rwVGiYQ,1985,,
2026-07-22,qkMCHJ28vsI,2334,,
2026-07-22,qmcbY6Sr_mw,3142,,
2026-07-22,qqQxwunPfLo,5171,,
2026-07-22,qzy12XbaJQ4,1504,,
2026-07-22,r0ZddKvFa9w,7643,,
2026-07-22,r3P6BU0gEVU,7511,,
2026-07-22,r4YE2Zghgbc,2850,,
2026-07-22,rAxPIoC8bB4,12591,,
2026-07-22,rJ6YCE4gWS0,1636,,
2026-07-22,rJeHPb9VWP4,2364,,
2026-07-22,rLZUcW0DBTM,9815,,
2026-07-22,rLfvnvBj8Ls,4881,,
2026-07-22,rR2A9ezT_gg,16511,,
2026-07-22,rULrrI9GfWU,1343,,
2026-07-22,rV23IXWdDOY,17196,,
2026-07-22,rVEh3PGiggk,372,,
2026-07-22,r_lWb2SpHO4,10351,,
2026-07-22,rckZ2uBOGYs,4285,,
2026-07-22,rixzhpBKdfg,2638,,
2026-07-22,rlnx986Qxkc,13098,,
2026-07-22,roO2HBjdtQw,4702,,
2026-07-22,rojYn7h_-U4,2260,,
2026-07-22,rqcOPT_Dg7A,7248,,
2026-07-22,ruxKM1qX0Dc,11539,,
2026-07-22,rzIPT2DPtvA,5699,,
2026-07-22,s2GjWfPbh9I,1982,,
2026-07-22,sHQg97i_Hp0,156,,
2026-07-22,sO1rprIWDas,4266,,
2026-07-22,sQH3xPVic6Y,3893,,
2026-07-22,sVwAWTxKDJ0,7861,,
2026-07-22,sXRGp_ttFI4,7125,,
2026-07-22,sZhgf8PQ5gc,8569,,
2026-07-22,scIFhQSvvlE,2729,,
2026-07-22,scM9aI9kTus,4921,,
2026-07-22,skABNIsQ3fA,12509,,
2026-07-22,sl11WONqgaQ,3618,,
2026-07-22,smATVd6dk-k,14044,,
2026-07-22,sqx6twZgR-k,3910,,
2026-07-22,ssIA_N2u50Y,7244,,
2026-07-22,syPu5HdMT4k,1016,,
2026-07-22,t01TItG_UAQ,595,,
2026-07-22,t1UIIjuMirY,8780,,
2026-07-22,t1kj63890o8,3525,,
2026-07-22,t3G_N5DO6us,6219,,
2026-07-22,t4gVVdxtNWE,8665,,
2026-07-22,tGsk0H21JgE,2146,,
2026-07-22,t_RBOUZAqGw,4482,,
2026-07-22,tcomjtcMjLE,1105,,
2026-07-22,tdc-zfxIlEY,32208,,
2026-07-22,tiDCtcHjdQU,7128,,
2026-07-22,trS0kTq6Tk8,1653,,
2026-07-22,txSX7-1XQOE,2643,,
2026-07-22,tyRJESdSDm4,14656,,
2026-07-22,tz7n--I4rDU,1486,,
2026-07-22,u00LAYagwGo,4495,,
2026-07-22,u4e1ijV4iRQ,5339,,
2026-07-22,u7xKzLuKt5I,17638,,
2026-07-22,uNX13pgpGBU,4887,,
2026-07-22,uXbngiOXOD0,10349,,
2026-07-22,ub9JNL8EhJ4,1473,,
2026-07-22,uk5ADKNqHoc,1461,,
2026-07-22,ul9Sw7brukY,1578,,
2026-07-22,umNEJg2sj50,970,,
2026-07-22,un8Mt5f-mUE,10639,,
2026-07-22,usRrwR8CUb8,9159,,
2026-07-22,uxxwN68AJHE,5499,,
2026-07-22,v-ylvHTi_Mc,3369,,
2026-07-22,v0kp6W42yf4,2910,,
2026-07-22,v1J7bERLirA,3251,,
2026-07-22,v9INdKeBJEI,42373,,
2026-07-22,vDzWHTMsp_Y,1735,,
2026-07-22,vHvpM9nSO3Q,4062,,
2026-07-22,vIAhcX4SppA,3200,,
2026-07-22,vKYW7MTBAFg,10109,,
2026-07-22,vM5V9hoDKnQ,8964,,
2026-07-22,vQI78T3g4Gg,6208,,
2026-07-22,vUEmbLAxZ0Y,1099,,
2026-07-22,vWTTG9XlMoY,13505,,
2026-07-22,v_JJzLJ0eRw,4754,,
2026-07-22,vmSPrsKC8i8,50887,,
2026-07-22,vqsoh8y6xa8,5531,,
2026-07-22,vuvK_DUcqCk,7822,,
2026-07-22,vy88MX2ss_g,7438,,
2026-07-22,vyg196YvsgE,1030,,
2026-07-22,w3HciqK70s4,1652,,
2026-07-22,w68xGF_YIgU,25020,,
2026-07-22,w6b2AkddE8Y,2650,,
2026-07-22,w9kpcvkWngA,6635,,
2026-07-22,wBWXzI7uJYo,3698,,
2026-07-22,wGDSdaXZj00,45037,,
2026-07-22,wHcblaGXua8,10126,,
2026-07-22,wLB8pR4uME0,2764,,
2026-07-22,wSEMUoR4FS4,1496,,
2026-07-22,wSnq-Unha34,165008,,
2026-07-22,wX47G7oi_Z4,1962,,
2026-07-22,wg1R2_G_LEc,6281,,
2026-07-22,wnahjxPk5rk,2294,,
2026-07-22,wpHm4ARAChc,21653,,
2026-07-22,wpWCpGTZE2A,1910,,
2026-07-22,wuZgRtutoHQ,8203,,
2026-07-22,wutJAXwvMqo,9266,,
2026-07-22,wwtaQ_PNx1M,2967,,
2026-07-22,wxWz6zDC2wo,1492,,
2026-07-22,wzSn1b5XXtk,1878,,
2026-07-22,x3gjYoDR5tA,2629,,
2026-07-22,x5fPiJUOMk0,3893,,
2026-07-22,xGMFiacVSrk,4848,,
2026-07-22,xMbY5fkmK0A,3547,,
2026-07-22,xQKEy65zAso,64502,,
2026-07-22,xTpYdSgeWPc,1179,,
2026-07-22,x_KffjhARa0,2791,,
2026-07-22,xe6w3VmUf5I,6079,,
2026-07-22,xs2J2KW1q8Q,8474,,
2026-07-22,xvdkNKQAbJ8,1830,,
2026-07-22,xwLoo8ThKHI,860,,
2026-07-22,xxC2s5JBYZM,332,,
2026-07-22,xya7ZlFJ-x8,2270,,
2026-07-22,y3rXMXG_UF8,3699,,
2026-07-22,y4Yqheg9DuY,15464,,
2026-07-22,y6T5kX1L0aw,1628,,
2026-07-22,y76fsYJCAO0,1642,,
2026-07-22,y8mTWAs2PPw,3182,,
2026-07-22,yF9W5KZ4lfs,6514,,
2026-07-22,yGc4NnBE6nY,4936,,
2026-07-22,yJTEsQi0G98,1630,,
2026-07-22,yKCrM_XkKaY,15528,,
2026-07-22,yKIM1UxtbpU,2054,,
2026-07-22,yPh9jEw5_Lw,2827,,
2026-07-22,ySg8CEjxwwo,5793,,
2026-07-22,yUQ4NYv_io0,3435,,
2026-07-22,yXWhKEoL3QU,3978,,
2026-07-22,yo-Wdxc6ng0,3503,,
2026-07-22,yrJ1mvA6eIM,10106,,
2026-07-22,yrcwoFLtS5Y,7430,,
2026-07-22,ytt9pEb78FA,5018,,
2026-07-22,z-n_vz4gFRw,14375,,
2026-07-22,z0A-aCcVXSA,3092,,
2026-07-22,z2SU31i7Uo4,9338,,
2026-07-22,z8MJYHsQh5c,16773,,
2026-07-22,zCk1p-hPBCs,158,,
2026-07-22,zDtacZ_qT0Y,12109,,
2026-07-22,zI6L_SkYqkU,1247,,
2026-07-22,zLgpLCYCbyA,2562,,
2026-07-22,zSvZdF7CBjU,6236,,
2026-07-22,zVMIZRDSvCc,1759,,
2026-07-22,zXbAf49C9vE,5896,,
2026-07-22,zceKtRTdgSo,13335,,
2026-07-22,zjYgzIlRmOk,7082,,
2026-07-22,zksWnpcM05I,4285,,
2026-07-22,zpX-Xs1a9MY,3143,,
2026-07-22,zrRTPvOBEnU,2827,,
2026-07-22,zsRQcswYx8w,2829,,
2026-07-22,zsYZHcSRvB8,25449,,
2026-07-22,zsaXdCEuYsY,2256,,
2026-07-22,zufjmNpcSlg,1611,,
2026-07-22,zvjhIylspTc,10151,,
2026-07-22,zx1Xu1eI_UM,2130,,
2026-07-22,zxwGfKCo6as,4765,,
2026-07-22,zyY2aRVZMp4,1263,,
2026-07-22,zzWIE6Sg_E0,22375,,
2026-07-23,0PBCtb7Va-c,6608,,
2026-07-23,3A0Gwb7nmw8,2801,,
2026-07-23,F5WCr1Md6mk,2105,,
2026-07-23,GME--_-r_lU,3081,,
2026-07-23,IM0HdpgIDq8,11967,,
2026-07-23,Kh_0ICA5cfg,6095,,
2026-07-23,MOmBOx1LEJU,42449,,
2026-07-23,NEahGL5R0HI,9280,,
2026-07-23,NJXuNpJ26us,2715,,
2026-07-23,UVkQsLv7n2s,2368,,
2026-07-23,aVKjY_uB3tA,2296,,
2026-07-23,ccZaP6LEaLI,9390,,
2026-07-23,gAlQprevPh0,3047,,
2026-07-23,hJ3DwYLFjcY,3780,,
2026-07-23,iY0az_GdCiI,5920,,
2026-07-23,mOqGGh-ot08,12589,,
2026-07-23,p-Ig77st4KY,8497,,
2026-07-23,ppIXkOvS4WI,4329,,
2026-07-23,roO2HBjdtQw,4746,,
2026-07-23,sl11WONqgaQ,3628,,
2026-07-23,uNX13pgpGBU,4920,,
2026-07-23,xGMFiacVSrk,4860,,
2026-07-23,yJTEsQi0G98,1633,,
2026-07-23,zXbAf49C9vE,5928,,
2026-07-23,zx1Xu1eI_UM,2132,,
2026-07-24,-Fkj0aK2dO8,5871,,
2026-07-24,0PBCtb7Va-c,6618,,
2026-07-24,3A0Gwb7nmw8,2803,,
2026-07-24,7sRKccOoPbY,8988,,
2026-07-24,Ati51CQqpKY,5846,,
2026-07-24,F5WCr1Md6mk,2106,,
2026-07-24,GME--_-r_lU,3097,,
2026-07-24,IM0HdpgIDq8,11991,,
2026-07-24,KNwEQXDv5XM,8452,,
2026-07-24,Kh_0ICA5cfg,6101,,
2026-07-24,MOmBOx1LEJU,42772,,
2026-07-24,NEahGL5R0HI,9567,,
2026-07-24,NJXuNpJ26us,2864,,
2026-07-24,QQh0twun7tg,47588,,
2026-07-24,U9sNqbVd1L8,4380,,
2026-07-24,UVkQsLv7n2s,2372,,
2026-07-24,_ALc4VJkpjA,13083,,
2026-07-24,aVKjY_uB3tA,2418,,
2026-07-24,cMFi9XkhDDQ,2612,,
2026-07-24,ccZaP6LEaLI,9420,,
2026-07-24,eokbRB_Y2CU,4546,,
2026-07-24,f1eFQJocAow,7608,,
2026-07-24,gAlQprevPh0,3054,,
2026-07-24,hJ3DwYLFjcY,3787,,
2026-07-24,iY0az_GdCiI,5925,,
2026-07-24,mOqGGh-ot08,12613,,
2026-07-24,p-Ig77st4KY,8510,,
2026-07-24,pTqxjQV_PYU,9486,,
2026-07-24,pj41DZonKFU,5723,,
2026-07-24,ppIXkOvS4WI,4344,,
2026-07-24,roO2HBjdtQw,4788,,
2026-07-24,sl11WONqgaQ,3636,,
2026-07-24,uNX13pgpGBU,4940,,
2026-07-24,xGMFiacVSrk,4876,,
2026-07-24,yJTEsQi0G98,1636,,
2026-07-24,zXbAf49C9vE,5954,,
2026-07-24,zx1Xu1eI_UM,2137,,
2026-07-25,0PBCtb7Va-c,6629,,
2026-07-25,3A0Gwb7nmw8,2810,,
2026-07-25,4n4yKMederk,5260,,
2026-07-25,F5WCr1Md6mk,2107,,
2026-07-25,GME--_-r_lU,3107,,
2026-07-25,IM0HdpgIDq8,12006,,
2026-07-25,Kh_0ICA5cfg,6104,,
2026-07-25,NEahGL5R0HI,9756,,
2026-07-25,NJXuNpJ26us,2978,,
2026-07-25,UVkQsLv7n2s,2372,,
2026-07-25,aVKjY_uB3tA,2459,,
2026-07-25,ccZaP6LEaLI,9443,,
2026-07-25,gAlQprevPh0,3058,,
2026-07-25,hJ3DwYLFjcY,3794,,
2026-07-25,iY0az_GdCiI,5932,,
2026-07-25,mOqGGh-ot08,12641,,
2026-07-25,p-Ig77st4KY,8524,,
2026-07-25,ppIXkOvS4WI,4362,,
2026-07-25,roO2HBjdtQw,4824,,
2026-07-25,sl11WONqgaQ,3639,,
2026-07-25,uNX13pgpGBU,4977,,
2026-07-25,xGMFiacVSrk,4885,,
2026-07-25,yJTEsQi0G98,1639,,
2026-07-25,zXbAf49C9vE,5975,,
2026-07-25,zx1Xu1eI_UM,2142,,
2026-07-26,0PBCtb7Va-c,6643,,
2026-07-26,3A0Gwb7nmw8,2811,,
2026-07-26,4n4yKMederk,5826,,
2026-07-26,F5WCr1Md6mk,2108,,
2026-07-26,GME--_-r_lU,3119,,
2026-07-26,IM0HdpgIDq8,12020,,
2026-07-26,Kh_0ICA5cfg,6106,,
2026-07-26,NEahGL5R0HI,9852,,
2026-07-26,NJXuNpJ26us,3033,,
2026-07-26,UVkQsLv7n2s,2373,,
2026-07-26,aVKjY_uB3tA,2499,,
2026-07-26,ccZaP6LEaLI,9471,,
2026-07-26,gAlQprevPh0,3063,,
2026-07-26,hJ3DwYLFjcY,3799,,
2026-07-26,iY0az_GdCiI,5937,,
2026-07-26,mOqGGh-ot08,12662,,
2026-07-26,p-Ig77st4KY,8544,,
2026-07-26,ppIXkOvS4WI,4370,,
2026-07-26,roO2HBjdtQw,4856,,
2026-07-26,sl11WONqgaQ,3640,,
2026-07-26,uNX13pgpGBU,4997,,
2026-07-26,xGMFiacVSrk,4896,,
2026-07-26,yJTEsQi0G98,1640,,
2026-07-26,zXbAf49C9vE,6004,,
2026-07-26,zx1Xu1eI_UM,2142,,
2026-07-27,0PBCtb7Va-c,6660,,
2026-07-27,3A0Gwb7nmw8,2815,,
2026-07-27,4n4yKMederk,6287,,
2026-07-27,5b4RSDrkc8I,4677,,
2026-07-27,9rJgQmuc2SM,2594,,
2026-07-27,ClAz_Etby1k,3625,,
2026-07-27,F5WCr1Md6mk,2113,,
2026-07-27,GME--_-r_lU,3138,,
2026-07-27,IM0HdpgIDq8,12036,,
2026-07-27,Kh_0ICA5cfg,6116,,
2026-07-27,N9CZswDtnCA,3547,,
2026-07-27,NEahGL5R0HI,9955,,
2026-07-27,NJXuNpJ26us,3098,,
2026-07-27,Nhb3_wu7Ddk,13818,,
2026-07-27,PmY9rmZK_oM,2025,,
2026-07-27,UVkQsLv7n2s,2376,,
2026-07-27,UxyCkiufJyg,3443,,
2026-07-27,WUchEyRFIxw,3989,,
2026-07-27,aVKjY_uB3tA,2536,,
2026-07-27,ccZaP6LEaLI,9487,,
2026-07-27,dA0DwmLmQ9s,6808,,
2026-07-27,gAlQprevPh0,3068,,
2026-07-27,hJ3DwYLFjcY,3810,,
2026-07-27,iY0az_GdCiI,5942,,
2026-07-27,mOqGGh-ot08,12690,,
2026-07-27,p-Ig77st4KY,8568,,
2026-07-27,ppIXkOvS4WI,4387,,
2026-07-27,roO2HBjdtQw,4894,,
2026-07-27,sl11WONqgaQ,3647,,
2026-07-27,svTgRSTyypU,30105,,
2026-07-27,uNX13pgpGBU,5022,,
2026-07-27,xGMFiacVSrk,4908,,
2026-07-27,xZIOdejjTlg,2988,,
2026-07-27,yJTEsQi0G98,1642,,
2026-07-27,yeBCQurwTAM,4019,,
2026-07-27,zXbAf49C9vE,6034,,
2026-07-27,zx1Xu1eI_UM,2147,,
2026-07-28,0PBCtb7Va-c,6679,,
2026-07-28,4n4yKMederk,6574,,
2026-07-28,9rJgQmuc2SM,4429,,
2026-07-28,F5WCr1Md6mk,2112,,
2026-07-28,GME--_-r_lU,3157,,
2026-07-28,IM0HdpgIDq8,12057,,
2026-07-28,Kh_0ICA5cfg,6125,,
2026-07-28,NEahGL5R0HI,10074,,
2026-07-28,NJXuNpJ26us,3145,,
2026-07-28,SoVnrdQ7b_s,5091,,
2026-07-28,UVkQsLv7n2s,2379,,
2026-07-28,aVKjY_uB3tA,2563,,
2026-07-28,ccZaP6LEaLI,9511,,
2026-07-28,gAlQprevPh0,3074,,
2026-07-28,hJ3DwYLFjcY,3815,,
2026-07-28,iY0az_GdCiI,5945,,
2026-07-28,mOqGGh-ot08,12715,,
2026-07-28,p-Ig77st4KY,8595,,
2026-07-28,ppIXkOvS4WI,4409,,
2026-07-28,roO2HBjdtQw,4918,,
2026-07-28,sl11WONqgaQ,3652,,
2026-07-28,uNX13pgpGBU,5057,,
2026-07-28,xGMFiacVSrk,4918,,
2026-07-28,yJTEsQi0G98,1646,,
2026-07-28,zXbAf49C9vE,6060,,
2026-07-28,zx1Xu1eI_UM,2147,,
2026-07-29,--eCZ5KJphU,1978,,
2026-07-29,-27X7n7IstM,6765,,
2026-07-29,-3dLSMzi38k,5089,,
2026-07-29,-FJcDEQ2CB0,14375,,
2026-07-29,-GYR8m5pqkI,10720,,
2026-07-29,-SxNX1_ipZ0,4515,,
2026-07-29,-WID9zHoKhE,372,,
2026-07-29,-pXsceBZ-uI,1961,,
2026-07-29,01F_B8RaurQ,364,,
2026-07-29,0A3d0lovA9c,2949,,
2026-07-29,0BvJ_8VSpAQ,20045,,
2026-07-29,0JFuxpSFiLo,21076,,
2026-07-29,0Mur3o4gJn4,5875,,
2026-07-29,0PBCtb7Va-c,6694,,
2026-07-29,0U0-9stDv2w,6825,,
2026-07-29,0YdWcjA5acg,8274,,
2026-07-29,0_I4PHJ-miw,21671,,
2026-07-29,0dqRFbgCuVg,6611,,
2026-07-29,0irTZK6Z_YI,987,,
2026-07-29,0jvB7_mRdVk,1547,,
2026-07-29,0luCN1MyFX8,11103,,
2026-07-29,0nv1NY1lx_E,5353,,
2026-07-29,0t_oTJZ6Irs,6729,,
2026-07-29,13jLs1WwfTY,4812,,
2026-07-29,14FLm6zvvlM,3306,,
2026-07-29,1APEiSZz2zM,320,,
2026-07-29,1M5hO5Iz4hQ,11620,,
2026-07-29,1WejSH57PSA,555,,
2026-07-29,1_CE104JHi8,4489,,
2026-07-29,1fn9RPaSFvM,4190,,
2026-07-29,1gAj8idUtrk,12989,,
2026-07-29,1k6Bzkiw48o,10869,,
2026-07-29,1qYWYaGdxt4,1435,,
2026-07-29,1uRRhugMzlE,4381,,
2026-07-29,1vJB1yOPOf0,7438,,
2026-07-29,1yK9VWnQpx4,21843,,
2026-07-29,24Ib0j0xDxE,15934,,
2026-07-29,2CnmP8lvGE4,6330,,
2026-07-29,2JqFe4tSOyk,10072,,
2026-07-29,2OdJHlmdu3A,3441,,
2026-07-29,2WaFFWc3lno,6201,,
2026-07-29,2bY_4Ut49J8,4108,,
2026-07-29,2l0-duQwSfI,5362,,
2026-07-29,2lZK2lUb6ew,10655,,
2026-07-29,2qLT-wnFaP0,7911,,
2026-07-29,2qZb4PtGQUg,3232,,
2026-07-29,2qron8l5-WA,2920,,
2026-07-29,2vAcCPS9-YE,3140,,
2026-07-29,3BNqAqRukts,17597,,
2026-07-29,3Cm_qVj04z0,338,,
2026-07-29,3DNRCakknE0,4692,,
2026-07-29,3HUs08W6-8o,15807,,
2026-07-29,3KJwgGv_hq0,4067,,
2026-07-29,3Nh8y-oesJ0,7959,,
2026-07-29,3gPoLb5rT70,16941,,
2026-07-29,3iUH-OYuGIo,235,,
2026-07-29,3jZh-NYS564,6847,,
2026-07-29,3nGph8PX2-Q,3522,,
2026-07-29,3xtwXWyEfhk,1800,,
2026-07-29,49KORRES2ks,2319,,
2026-07-29,4Q1Xe92xmwI,9589,,
2026-07-29,4VN65sXHXSU,5788,,
2026-07-29,4WHM_GRby90,5824,,
2026-07-29,4aUWIhJE2n4,3646,,
2026-07-29,4b4THjNuDW0,607,,
2026-07-29,4n-UnjzY3B0,253,,
2026-07-29,4n4yKMederk,7083,,
2026-07-29,4qtFClwSzc8,1466,,
2026-07-29,4r4Fv5i5zCI,7201,,
2026-07-29,4tli9Q4KZ3w,3195,,
2026-07-29,4vHxpaifn9w,25309,,
2026-07-29,4zfnW56TcvY,3016,,
2026-07-29,5I2-cQ7oa10,3620,,
2026-07-29,5MHf5WPH1v4,4436,,
2026-07-29,5R6l50LDlV4,3578,,
2026-07-29,5kFO9eUjRPk,13011,,
2026-07-29,5sVEspUzpGY,3800,,
2026-07-29,5t3KYPZKUe4,10781,,
2026-07-29,615ClJ5oqkw,1221,,
2026-07-29,62v6RgdBly0,2412,,
2026-07-29,69_RI4iZxuQ,6544,,
2026-07-29,6BegJIenaBE,9831,,
2026-07-29,6Bmjis1ofzE,6174,,
2026-07-29,6SV0Lm47pvY,2467,,
2026-07-29,6TcR8BFdyJM,2922,,
2026-07-29,6VUBa5NSLU8,969,,
2026-07-29,6Xmd08nL2G4,4741,,
2026-07-29,6d8jMrgjDuE,3252,,
2026-07-29,6iCAxQUz4aQ,5808,,
2026-07-29,6l3bIPltt3A,6924,,
2026-07-29,6ob9UwPviJA,5079,,
2026-07-29,6tcSoXsMs9c,6111,,
2026-07-29,6vhfb7LUUYc,3606,,
2026-07-29,6zLWdLXiJC8,13955,,
2026-07-29,73a6CtNTac4,10142,,
2026-07-29,7BXf6nTyiCQ,3894,,
2026-07-29,7BkLmVdcaJw,6388,,
2026-07-29,7EgU3ReHrIc,1262,,
2026-07-29,7FZrM9iMsCM,6360,,
2026-07-29,7IZ5eCJ3Vqc,2454,,
2026-07-29,7NZvpCqH7eA,2779,,
2026-07-29,7NbPwroPQ80,3049,,
2026-07-29,7Odyxk-S9f0,53297,,
2026-07-29,7PSt_Gouh6g,2815,,
2026-07-29,7cpCkvLwQsI,2103,,
2026-07-29,7dlhZLngdvM,8843,,
2026-07-29,7m_UlzkGLlA,35205,,
2026-07-29,7tKbMZqzLks,2861,,
2026-07-29,7ufObjxCBKI,14161,,
2026-07-29,7wuBlcFsfvc,4390,,
2026-07-29,7zHiFWEJfZY,8761,,
2026-07-29,87Vb6sa1KcY,1460,,
2026-07-29,8OPlCKgcSO8,6388,,
2026-07-29,8T1Pe58GJpw,4303,,
2026-07-29,8UOwBfCgZn8,1054,,
2026-07-29,8UWpsEyQwCU,3986,,
2026-07-29,8_fxIwJi8eI,12318,,
2026-07-29,8fwEHUkKTFc,1238,,
2026-07-29,8hbiWsIlhQ0,1285,,
2026-07-29,8pRl03u-hjI,7873,,
2026-07-29,8r9S_xIzqLk,4076,,
2026-07-29,8tmQ6wySUSI,4560,,
2026-07-29,900BOlBTFNg,36267,,
2026-07-29,99bQhxWPWuo,9220,,
2026-07-29,9BmwbWSPXwY,4768,,
2026-07-29,9Fhr7gYQPBM,1459,,
2026-07-29,9O3XYd0F6VI,11331,,
2026-07-29,9Ot1RhssfL0,769,,
2026-07-29,9TvuNO-fnXM,16232,,
2026-07-29,9_6yRxY8iiY,9892,,
2026-07-29,9cZh_IuGMyM,378,,
2026-07-29,9dFDeUNHViY,9346,,
2026-07-29,9gFQ9rFMKEA,39076,,
2026-07-29,9h2v-rVmwEA,8676,,
2026-07-29,9hOkPAYmpPM,6661,,
2026-07-29,9hgzA60ZGZg,5489,,
2026-07-29,9rJgQmuc2SM,5254,,
2026-07-29,9rVcXaVHCXw,2621,,
2026-07-29,9wgzzLCatp8,854,,
2026-07-29,9yg2AIYdu6E,1741,,
2026-07-29,A4wr-iI2hJU,21322,,
2026-07-29,A5ojgoN39Lc,6356,,
2026-07-29,A9RXB8YTc6Y,12680,,
2026-07-29,ADwtKtLtE8Q,2006,,
2026-07-29,AKDQisHl8Ek,3906,,
2026-07-29,AKJRVoJu_Q4,7445,,
2026-07-29,ANYrzwn5h_M,4668,,
2026-07-29,AO1WNfgIgiE,8577,,
2026-07-29,ASSnCNI-KlM,1264,,
2026-07-29,AU7Z9h1x1Ys,695,,
2026-07-29,AUG114ir5eQ,1241,,
2026-07-29,AUxR3aTc3ng,1506,,
2026-07-29,AaCd4amsV0U,2025,,
2026-07-29,Ac6AOC9yxJE,4323,,
2026-07-29,AcR00ZHbVKU,7527,,
2026-07-29,AgcnylfczPE,10577,,
2026-07-29,AmYVHRf2Aq8,8661,,
2026-07-29,Ao4VRNX_h4A,11924,,
2026-07-29,Aq3emUbqTbA,803,,
2026-07-29,B0IPEMdrCRA,3036,,
2026-07-29,B5xTJMahaK4,2529,,
2026-07-29,B9FbWxNdJPY,19162,,
2026-07-29,B9zmRMY6ISI,2710,,
2026-07-29,BNze82M59-E,7022,,
2026-07-29,BSum-2t0a28,4644,,
2026-07-29,B_OF2TYLnQw,6338,,
2026-07-29,B_rcAwySccg,3525,,
2026-07-29,BdCpg8-TlGg,3536,,
2026-07-29,BfLT1TlZInE,20031,,
2026-07-29,BfjZU1zyiOc,1882,,
2026-07-29,BkAhos9qrLQ,2132,,
2026-07-29,BsWIaYs09vc,5978,,
2026-07-29,BskXYIlyNzA,5981,,
2026-07-29,C5ETgNOq1gQ,14334,,
2026-07-29,C5Rh96Gz8yg,6950,,
2026-07-29,C9AMwVwgVPo,3028,,
2026-07-29,C9FJCiew0s8,4049,,
2026-07-29,CD6KcQMdzfc,2832,,
2026-07-29,CEF9v_JMVe8,7206,,
2026-07-29,CJkJWnPzguM,21388,,
2026-07-29,CKAGWlmyXbA,8916,,
2026-07-29,CMh4ttABaiE,1223,,
2026-07-29,CSTFP0gKnd8,5324,,
2026-07-29,CUpAWj1wVbU,24606,,
2026-07-29,CVFIzDp5iio,11247,,
2026-07-29,CYn4JoQTD1I,670,,
2026-07-29,CYvruxt8Ocw,5326,,
2026-07-29,CgzCQr9ilsw,387,,
2026-07-29,ChKL1KyjlZ4,5222,,
2026-07-29,CkghB9G4vOo,214,,
2026-07-29,Cpa04rQyl18,8286,,
2026-07-29,CufCJMTTKHk,1630,,
2026-07-29,Cy2qJ0Win1I,4388,,
2026-07-29,D-dgFUvl7YA,7887,,
2026-07-29,D4p6nv2t2FA,245,,
2026-07-29,D50nmITTLp8,1806,,
2026-07-29,DAuagmdRSOE,10820,,
2026-07-29,DBkInEbzPk0,2722,,
2026-07-29,DDd5prelU6A,8909,,
2026-07-29,DDiDtP-uOqU,2275,,
2026-07-29,DI-Oxm-J0W0,5560,,
2026-07-29,DIv0FHIZiko,3479,,
2026-07-29,DNsUjaDT3AQ,4140,,
2026-07-29,DPEZ-FtI4UI,8345,,
2026-07-29,DPz-ktdaHII,447,,
2026-07-29,DS_neiUmgrA,2716,,
2026-07-29,DY9enl751Hk,9063,,
2026-07-29,Dcu_IubxG8I,4967,,
2026-07-29,Df9q7HerAA4,4947,,
2026-07-29,DiLjnRqx0xo,3852,,
2026-07-29,DnXALAe3BtY,1598,,
2026-07-29,DohrPYUe11o,1537,,
2026-07-29,DouSkzKX7NE,6481,,
2026-07-29,Drqehd-O2ak,3679,,
2026-07-29,DxUH69hEi9k,453,,
2026-07-29,E6ac_QwimUk,3691,,
2026-07-29,EFc5_Nct8wE,4535,,
2026-07-29,EIKIx9Xpl7c,2740,,
2026-07-29,E_DqVHrHIxM,7863,,
2026-07-29,EckbfLRDGjE,1689,,
2026-07-29,EkKqSnrdG7U,2684,,
2026-07-29,Ezrw0VHCy7w,280,,
2026-07-29,F1hpeZ_T-ww,2758,,
2026-07-29,F5WCr1Md6mk,2116,,
2026-07-29,F5y8-ztKpCM,3804,,
2026-07-29,F8PMKa1dz9g,732,,
2026-07-29,FAIITnGT4wo,4873,,
2026-07-29,FAfQTG-v0Cs,3244,,
2026-07-29,FEqKnaBExZU,9380,,
2026-07-29,FG5G2G-XjhE,14499,,
2026-07-29,FIEy7T-kMmQ,1915,,
2026-07-29,FKbiHBctwwA,3868,,
2026-07-29,FNVB3Ndlrw8,431,,
2026-07-29,FSFC8O9LxRU,2487,,
2026-07-29,FYtl1LolxwQ,10039,,
2026-07-29,Fa8jGX5mvj4,3121,,
2026-07-29,FfCJfpHXt8c,4054,,
2026-07-29,FgTt2XD_ryA,13610,,
2026-07-29,FkK2Rp5xEIc,11001,,
2026-07-29,FlGf6zZGtkk,5265,,
2026-07-29,FlbiS6qn6oE,2732,,
2026-07-29,Fs8L9V90RDk,7812,,
2026-07-29,FsemZttxTN8,5411,,
2026-07-29,G2COlj5SS54,7940,,
2026-07-29,G76WtaecxB4,1191,,
2026-07-29,G9YcpN4TAZw,5164,,
2026-07-29,GEZg76Swgc8,427,,
2026-07-29,GJRAN3_x8U4,3573,,
2026-07-29,GME--_-r_lU,3171,,
2026-07-29,GTD7cyckPnA,271,,
2026-07-29,GYD-rQNG-rI,8900,,
2026-07-29,Gdybpz4wjgY,331,,
2026-07-29,GgtIBQCZxkQ,5281,,
2026-07-29,Gjf4AsYGwU8,11158,,
2026-07-29,GqAXRVF_edY,4097,,
2026-07-29,GqRwtWVepYw,8917,,
2026-07-29,GqWbo7Uo8Ec,5718,,
2026-07-29,Gs03wWJ6vFc,924,,
2026-07-29,Gx6Z5Aj875s,6644,,
2026-07-29,H-jiaEptrx0,4334,,
2026-07-29,H3JH96ZJWzM,786,,
2026-07-29,H5yOaNKxZ-4,21046,,
2026-07-29,H97Ldv1IXtw,17917,,
2026-07-29,HBhaj0_Zm34,4461,,
2026-07-29,HDN25GTdn40,3917,,
2026-07-29,HRQ4Ibbkkco,2269,,
2026-07-29,HUbRq3GR8SI,4997,,
2026-07-29,HbNx1HcTEk4,21818,,
2026-07-29,HlwfZ6atyLw,1893,,
2026-07-29,Hsv6dNsEO40,10928,,
2026-07-29,HvQpYQlLGzg,3842,,
2026-07-29,Hwi-jokx7aI,2685,,
2026-07-29,I-S-0EO3-FA,2863,,
2026-07-29,I1sccj6fjQs,3709,,
2026-07-29,I3T6O4ez75M,4054,,
2026-07-29,I66Prbdjcn0,3467,,
2026-07-29,I70TmekxAXE,2642,,
2026-07-29,IAdR2JdoGr8,10144,,
2026-07-29,IB_3oFDAULc,11676,,
2026-07-29,IE6oyFF67A0,15531,,
2026-07-29,IEIg6U_krbY,9605,,
2026-07-29,IF966yryyqY,264,,
2026-07-29,IH591H86iFQ,7185,,
2026-07-29,IHsdTOEuG4g,8602,,
2026-07-29,IJdPXXMpYPk,806,,
2026-07-29,IKIrneFKwJY,622,,
2026-07-29,IM0HdpgIDq8,12084,,
2026-07-29,IQ3zeRLgnt4,3343,,
2026-07-29,IQQViyty9zM,2044,,
2026-07-29,ISKY2Bgz_c0,1224,,
2026-07-29,IXOacyfD7V4,13353,,
2026-07-29,IrGSyH2wlK0,1597,,
2026-07-29,IuZyLH50TMQ,23035,,
2026-07-29,Ix6NRPPJhd8,1194,,
2026-07-29,J-aiAO8-Czk,13032,,
2026-07-29,J1tRJRX44zc,2055,,
2026-07-29,JH6X6472Gdk,3411,,
2026-07-29,JJ0wEMAa0Qg,1701,,
2026-07-29,JNuRoWbolfs,6383,,
2026-07-29,Jep6zVwriOA,7036,,
2026-07-29,Jl2XOwlw5Z4,5484,,
2026-07-29,JpfqYvUYNr8,2205,,
2026-07-29,Ju3_gwctpM8,16436,,
2026-07-29,Jyn59AgDf6o,7147,,
2026-07-29,JzsEVr4W5ng,11268,,
2026-07-29,K1YD12TDxwo,1707,,
2026-07-29,K2T8Cd4-ba8,699,,
2026-07-29,K4YFVRGWGEY,2843,,
2026-07-29,K8o_u0_iFJU,7717,,
2026-07-29,K9Asd1xasRc,794,,
2026-07-29,KEnYv8bMxXM,38818,,
2026-07-29,KLTqQaG2asM,4393,,
2026-07-29,KMTemVbHKS4,3432,,
2026-07-29,KNT1a6LakZI,4453,,
2026-07-29,KOF8EQ_YcOU,11970,,
2026-07-29,KOedI8Dr__Y,4501,,
2026-07-29,KTnAV2qb5CY,7892,,
2026-07-29,KVaKaf9FX5I,8369,,
2026-07-29,KXoxeoaSwOA,4352,,
2026-07-29,Kh_0ICA5cfg,6147,,
2026-07-29,KiOKGmcOb_g,10247,,
2026-07-29,KlnSnb7YFEY,2684,,
2026-07-29,Kn5RCzQ9ufc,3748,,
2026-07-29,KqZv27fFQlQ,141133,,
2026-07-29,KrjMNWiU52A,16874,,
2026-07-29,KtjAJuKUbDM,15569,,
2026-07-29,L0KEJ_zq0Ak,10346,,
2026-07-29,L5c4VvuaU7w,18169,,
2026-07-29,LD8rxn2RFNE,4392,,
2026-07-29,LMbdAdrLzXg,4299,,
2026-07-29,LMryIj-gt9A,2054,,
2026-07-29,LNWGlnt3wF4,19444,,
2026-07-29,LRySNa5Y0No,5653,,
2026-07-29,LSGYVCqNEjc,4316,,
2026-07-29,LXW_Z8rp3bU,2230,,
2026-07-29,L_mpuGgHhfE,4684,,
2026-07-29,LadLiCQaAwQ,5206,,
2026-07-29,Lbrq5ramx-A,4553,,
2026-07-29,LdYe9MF1QMs,1956,,
2026-07-29,Li2lFki33xM,9257,,
2026-07-29,Lk6JhpGO69M,10140,,
2026-07-29,LmDOOPuqYG8,7692,,
2026-07-29,LpqnF4FROjg,365,,
2026-07-29,Lswdyl9nZtE,9623,,
2026-07-29,M61DCig7ZJY,6163,,
2026-07-29,MA41DUCQWfw,2531,,
2026-07-29,MM879hqJf1U,17745,,
2026-07-29,MRxgJpEyabo,4989,,
2026-07-29,MVWyRSiH4uQ,2615,,
2026-07-29,MWkhT5GG75k,6886,,
2026-07-29,MhZ5AKwboh0,9889,,
2026-07-29,MsxCeW9nTb0,3354,,
2026-07-29,Mtqdsr2BC_A,5599,,
2026-07-29,MvMstvlNNzQ,402,,
2026-07-29,MxDzq8aLzTo,791,,
2026-07-29,N0_ptJC7W48,3797,,
2026-07-29,N54m3zy-uzk,3432,,
2026-07-29,N6qK7AUqn54,10774,,
2026-07-29,NELsP8DaEa8,9759,,
2026-07-29,NEahGL5R0HI,10197,,
2026-07-29,NHGisiXq7eg,7787,,
2026-07-29,NJXuNpJ26us,3219,,
2026-07-29,NJelRHbyeWw,7595,,
2026-07-29,NRlM9dhgPTg,4345,,
2026-07-29,NWOjsRjPomI,2737,,
2026-07-29,NX-1jJ1PuxY,7877,,
2026-07-29,Nc1nItUxpQQ,8172,,
2026-07-29,Nh7jDVmtg0I,1463,,
2026-07-29,NvFqtHcCCXs,3552,,
2026-07-29,Nz2xOcIryF4,9184,,
2026-07-29,O14qr6DPo4Q,7270,,
2026-07-29,O1awyI-zPJs,15055,,
2026-07-29,OD8Jm9Yk0WY,21827,,
2026-07-29,OH7Rlrq71To,34638,,
2026-07-29,OHt_00p2dmY,5719,,
2026-07-29,OLPoLPMdW_g,2150,,
2026-07-29,OVHP92ag6d4,4152,,
2026-07-29,OYxpHMuv29k,8823,,
2026-07-29,O_7ZySSl0mk,4141,,
2026-07-29,OcgJZnE1a6o,771,,
2026-07-29,Ocp1_PPM4sI,23551,,
2026-07-29,OddgScxecfA,6902,,
2026-07-29,Om4MsEtTrnw,1456,,
2026-07-29,OsN0NNVuu7o,21325,,
2026-07-29,Ou7NGOVJ8Pc,3218,,
2026-07-29,OwK8r2uyqHU,6845,,
2026-07-29,P5dvh5HrHaE,7975,,
2026-07-29,P6a8zyHf7YY,960,,
2026-07-29,P7i-qgVG7c4,1788,,
2026-07-29,PLFNoideC9s,11904,,
2026-07-29,PM4DofLA2g0,732,,
2026-07-29,PUTrIDHNxQs,2428,,
2026-07-29,PdO8UebbbSA,1660,,
2026-07-29,PgvLUj9yWDQ,693,,
2026-07-29,Pk77G5OfECU,5085,,
2026-07-29,PkjXvpbR1q8,9357,,
2026-07-29,Pt8zI30MFm8,7004,,
2026-07-29,PtL2ZgPSF5o,14388,,
2026-07-29,Pwf2T_cntdg,20857,,
2026-07-29,PxyjUIyE5YI,15746,,
2026-07-29,Q-dHeMod7T0,7355,,
2026-07-29,Q1zf4SC-AvQ,2858,,
2026-07-29,QLdp2ZNFM_s,5318,,
2026-07-29,QUNzVqhLUBw,2641,,
2026-07-29,QVi7Ze1DEz4,5590,,
2026-07-29,QY2ox96a1zA,5978,,
2026-07-29,QeCKLvz2tIM,5794,,
2026-07-29,QhRPaWYjWYc,4056,,
2026-07-29,Qrag4Jg-veo,3887,,
2026-07-29,R1S8PFUsVWg,5527,,
2026-07-29,R4hO35nd_OI,6530,,
2026-07-29,R6Ukz91VIAY,1187,,
2026-07-29,R7utAmGPE_M,633,,
2026-07-29,RO6gVW9tdbY,1595,,
2026-07-29,ROV6ce9dkfI,4211,,
2026-07-29,RUy1hElRuUQ,5162,,
2026-07-29,RVWlgBZt6h8,5012,,
2026-07-29,RXEipSzDgtc,22028,,
2026-07-29,Rb2-RE864YY,10680,,
2026-07-29,RdvRwihvUUM,3929,,
2026-07-29,RgeVF0tu6ng,898,,
2026-07-29,RhUoPPchFBU,488,,
2026-07-29,RrVaJ5z_3mU,2984,,
2026-07-29,Rs5p0EuuTDw,9831,,
2026-07-29,Ry8PCL00Sjc,2019,,
2026-07-29,RyckAyrt7xQ,29789,,
2026-07-29,S0W7nQ2q3Kg,7605,,
2026-07-29,SB5QPpcWDXk,8671,,
2026-07-29,SCwP-bR498o,2570,,
2026-07-29,SGOEY0I_FQA,33572,,
2026-07-29,SHzg-IgnKuI,26485,,
2026-07-29,SKEcZIJKPzc,3520,,
2026-07-29,SOXoRwvxcv0,10807,,
2026-07-29,SQdrkq_hBzE,1883,,
2026-07-29,SW7PfbETFx8,2800,,
2026-07-29,SWoYNH7OMZI,1089,,
2026-07-29,SeWXiEIm9oI,1658,,
2026-07-29,Sf25ENrbQGM,997,,
2026-07-29,ShJ_j2paClA,9215,,
2026-07-29,ShkacKGq5Vk,5414,,
2026-07-29,SkukxahhmRo,6876,,
2026-07-29,Sl5Fl_vOthI,3170,,
2026-07-29,Sl5sYEh_UoU,6192,,
2026-07-29,Sq3rkK6GhuE,245,,
2026-07-29,St5jhqEeasY,4546,,
2026-07-29,T2tuMBwhuKc,6958,,
2026-07-29,TDOWMduvE1o,3082,,
2026-07-29,TEqu2JH5dYc,909,,
2026-07-29,TMvgKj-2Z9k,1011,,
2026-07-29,TP7VDtErEvY,5414,,
2026-07-29,TS9rxa7-CXg,7150,,
2026-07-29,TV3fWx4rQh0,2334,,
2026-07-29,TWUoFcCtDhA,6539,,
2026-07-29,TXAe5nqafRY,1522,,
2026-07-29,T_jQIJSkjGo,7298,,
2026-07-29,TaY5NrLNABM,1331,,
2026-07-29,Tb4JB3eFPXw,5554,,
2026-07-29,Te57wukDp8g,4576,,
2026-07-29,TgJqTy_mCR4,7610,,
2026-07-29,Tj9CJM4ti2w,1734,,
2026-07-29,TqAy1jbJ9w8,8421,,
2026-07-29,TtCijTAgvPc,5087,,
2026-07-29,TvvDTvo-L74,7894,,
2026-07-29,TwfHRcdWHRg,4152,,
2026-07-29,U4zBHwf2MTw,1707,,
2026-07-29,UCaZFYzYm9k,6530,,
2026-07-29,UHGfFw-ZT98,3814,,
2026-07-29,UJOAvX_FD7o,251,,
2026-07-29,UKzsE2t00Jw,412,,
2026-07-29,UOOBf83nIco,37388,,
2026-07-29,UQIBN4D_qIs,2673,,
2026-07-29,UUUH5xnM-Mc,6127,,
2026-07-29,UVdc7kYPJEs,1077,,
2026-07-29,UVkQsLv7n2s,2380,,
2026-07-29,UZ3583GSSOo,3977,,
2026-07-29,UhuJQBAZv84,10384,,
2026-07-29,UiD0-skn904,813,,
2026-07-29,Ulotto-Re6w,4383,,
2026-07-29,UqLF2eIaDxg,7843,,
2026-07-29,V1jmHGrVs_k,9021,,
2026-07-29,V2d8qoEGyEU,232,,
2026-07-29,V3IHs2DwX0U,701,,
2026-07-29,V3nsGV2yOV8,2313,,
2026-07-29,V50CUypS7UM,2955,,
2026-07-29,V6AOpDTpCO4,5018,,
2026-07-29,V6Lm17-mfxA,4418,,
2026-07-29,V6d2Dc1l7BA,7154,,
2026-07-29,VKJLsmW95wc,3755,,
2026-07-29,VKMMVQtaDrM,11569,,
2026-07-29,VLJJ9zvdj2Y,5001,,
2026-07-29,VTOl1gAKo44,3208,,
2026-07-29,VTszds8Y7rU,8002,,
2026-07-29,Vb5gSRAHXCA,3877,,
2026-07-29,VlgtaUj_dho,4031,,
2026-07-29,VoU-7YGmoo0,1852,,
2026-07-29,VvVtNiE0bjA,4042,,
2026-07-29,VwTMGmXxghU,18897,,
2026-07-29,W3I8gwLv0Ro,2958,,
2026-07-29,W6U3fBgQoVg,1975,,
2026-07-29,WD7EzA2sbnI,2108,,
2026-07-29,WIP6ZDjQmww,9670,,
2026-07-29,WKMTSCW51fI,5216,,
2026-07-29,WNFEf_ZwNFw,435,,
2026-07-29,WNhZUBZ8tUc,44387,,
2026-07-29,WWIB8ZW1i6w,2920,,
2026-07-29,WYGsRorORyI,16706,,
2026-07-29,WjgW6u9Tde8,2007,,
2026-07-29,Wu4lafiHjh0,7471,,
2026-07-29,WvVMuiXrqcI,7473,,
2026-07-29,X22UHszz5Dg,4433,,
2026-07-29,X5L0LaarTLg,10591,,
2026-07-29,XAQ_GYsV52A,10037,,
2026-07-29,XEqxbZoaqUw,5161,,
2026-07-29,XIhM9oLObuU,2549,,
2026-07-29,XVwO4OvjwI4,2446,,
2026-07-29,XWSWCP3TBrc,2883,,
2026-07-29,Xm4ScqSNV10,4436,,
2026-07-29,XsCgtUDrxck,2175,,
2026-07-29,Y66yYblAsq8,1876,,
2026-07-29,Y7Rm_Bmu-K0,38441,,
2026-07-29,Y8YjZOGrhJI,3925,,
2026-07-29,YA85ddRTnus,4996,,
2026-07-29,YA_LFvsyLoU,2262,,
2026-07-29,YBMZINlORaw,5962,,
2026-07-29,YDlHWsYd23o,4379,,
2026-07-29,YDmxUb_oNLI,2742,,
2026-07-29,YFjQz7FijWM,15220,,
2026-07-29,YOe2PL-1gT0,671,,
2026-07-29,YXqYOapYqYc,7671,,
2026-07-29,Y_mkJt3oY_k,3554,,
2026-07-29,YiKIKU-5KpY,0,,
2026-07-29,YpCAi9ofhjs,4323,,
2026-07-29,YpMxtemC5y8,4863,,
2026-07-29,YqZzdPYfnso,3611,,
2026-07-29,Ytbx-7bzEGc,4315,,
2026-07-29,Z-s3rXFeosc,6608,,
2026-07-29,Z12fVM_cnaI,10638,,
2026-07-29,Z2njQkTQDKY,5160,,
2026-07-29,Z9Jjrb6xQeo,3553,,
2026-07-29,ZA_G9BP9HLY,493,,
2026-07-29,ZE2dghmFE8Y,22557,,
2026-07-29,ZE3jHXXiSBY,9424,,
2026-07-29,ZE9ENcHPRr8,24277,,
2026-07-29,ZG72S1_wBC0,5008,,
2026-07-29,ZY_oCjE95Ss,393,,
2026-07-29,ZZBZkqJqvu8,11058,,
2026-07-29,Z_REKs508KY,6655,,
2026-07-29,ZaksbmqvxNM,8402,,
2026-07-29,ZcdQLCEyjjU,8597,,
2026-07-29,ZfQ7oKzL-Pw,12488,,
2026-07-29,ZgN1aMmXELI,4803,,
2026-07-29,Zq-NFi8kxlo,49034,,
2026-07-29,ZrqtNoiNSdw,4815,,
2026-07-29,ZsIml_y5qU4,146,,
2026-07-29,ZtUTR0E7VPY,45630,,
2026-07-29,ZvUISEnjqbQ,5368,,
2026-07-29,ZzYTRvOWH1I,4382,,
2026-07-29,_3MWGJ7MUTA,2839,,
2026-07-29,_8p1UyvwmhI,3884,,
2026-07-29,_9BI3P-OH84,1719,,
2026-07-29,_BvUrcl5tls,3155,,
2026-07-29,_EZK5vA1EX0,5242,,
2026-07-29,_FzLqe9KziY,2521,,
2026-07-29,_Jlf2Q0xGZ8,5830,,
2026-07-29,_LzDM8xt_dA,7891,,
2026-07-29,_NHlgOF-WU0,406,,
2026-07-29,_OsQEaApgwY,2527,,
2026-07-29,_UWA2fCxRHI,3757,,
2026-07-29,_auL36M33Aw,2655,,
2026-07-29,_eLkGBx1XiE,1073,,
2026-07-29,_fcTS5NosDs,1563,,
2026-07-29,_r9bm8JLsKc,3349,,
2026-07-29,_wWswU9t8HU,212,,
2026-07-29,_xEjpsA_iVg,2031,,
2026-07-29,_zVLb3rpe5I,6075,,
2026-07-29,_zuQYhMwTgs,5644,,
2026-07-29,a2L6AbyANjw,13289,,
2026-07-29,a2n31BGGWFI,4193,,
2026-07-29,a65XoIF7K7Y,7946,,
2026-07-29,a6qWlOZtG3E,2132,,
2026-07-29,a8g5MvFPwxo,6275,,
2026-07-29,aD-WkrzMJrk,2312,,
2026-07-29,aDDnbn7KVls,12997,,
2026-07-29,aIcW25HaFsI,5096,,
2026-07-29,aMG8tqZ6bW0,2890,,
2026-07-29,aOOR5vp4Kl0,3634,,
2026-07-29,aQF7qqm1iHE,2383,,
2026-07-29,aVKjY_uB3tA,2598,,
2026-07-29,aYgFb-fiwxA,11803,,
2026-07-29,acvpoQwncqI,3058,,
2026-07-29,ad5pxORFPfk,2441,,
2026-07-29,adsB3sGIcVQ,5673,,
2026-07-29,afLeJEbZs2k,6428,,
2026-07-29,ahyTF-4Agkg,985,,
2026-07-29,akC-r5hlDkc,2168,,
2026-07-29,aoh738yJBRA,6430,,
2026-07-29,aqbo0yu_l6g,16014,,
2026-07-29,ar-bXQYvUhs,2474,,
2026-07-29,ath0o3oOJCs,6341,,
2026-07-29,b4fNiXZPqRQ,10094,,
2026-07-29,bHJfRtPpY6E,1656,,
2026-07-29,bHuv7kKqe-A,8194,,
2026-07-29,bJHikj8skz4,2988,,
2026-07-29,bQaZqs74i2Y,5287,,
2026-07-29,bT7qGpnOpo4,4764,,
2026-07-29,b_Obp5cBRZk,5569,,
2026-07-29,bi3ZAQbw8EI,1865,,
2026-07-29,bqTNuZQOziA,9975,,
2026-07-29,bqf0zywB-Wo,11869,,
2026-07-29,c2ket6Qczzw,1478,,
2026-07-29,c3rRnSi93Lw,8737,,
2026-07-29,c6WqvHRlRkc,4366,,
2026-07-29,c9CotszUwYQ,2359,,
2026-07-29,cFn-fD2GmYU,2546,,
2026-07-29,cJwXjAKA0-k,5482,,
2026-07-29,cR199eKHJ4k,349,,
2026-07-29,cWyP2mrcwdM,785,,
2026-07-29,ccZaP6LEaLI,9541,,
2026-07-29,cevjHgZRbrg,293,,
2026-07-29,cfGpIvLPcPw,4959,,
2026-07-29,cga1y52KSCk,2994,,
2026-07-29,cjpnhsKzs1Q,2870,,
2026-07-29,coqZMUFd2C0,35795,,
2026-07-29,cpd3lbm5tL8,3561,,
2026-07-29,cqPVe0nQ1A0,5186,,
2026-07-29,cuZsMnQlDQU,13749,,
2026-07-29,d-msiY5zz5A,3083,,
2026-07-29,d-zJskCnHpI,3102,,
2026-07-29,d09nbbfOIA8,5082,,
2026-07-29,dFH36q7iWiU,243,,
2026-07-29,dHJbG72Itp8,16068,,
2026-07-29,dIqUY3R2_3A,7994,,
2026-07-29,dSmFHbtrZ7g,17775,,
2026-07-29,dURDUSYCm68,15114,,
2026-07-29,dWatNWKO9uk,3523,,
2026-07-29,de7gpeHMS1Q,381,,
2026-07-29,dgkZoy66esM,5294,,
2026-07-29,dijHVnTV0aM,6259,,
2026-07-29,dl3KzRCU-aQ,6565,,
2026-07-29,dlABqtYhbMk,6085,,
2026-07-29,dmbvfKzFSLo,3055,,
2026-07-29,dn-xSg_FT0A,17690,,
2026-07-29,dnI29M9CE44,3936,,
2026-07-29,dnUUMRDbasE,1878,,
2026-07-29,dp7vq7hweXs,1929,,
2026-07-29,dtdf5AeXwB8,420,,
2026-07-29,dtoZraGBx54,15666,,
2026-07-29,dv-40oFi5ak,6696,,
2026-07-29,dx9Qe_629yE,8796,,
2026-07-29,e061vqWD0lQ,1008,,
2026-07-29,e6iHP-UMZnk,5229,,
2026-07-29,e83i1spluHo,6385,,
2026-07-29,eGnLjzejgI4,3016,,
2026-07-29,eK7uM-EeLIk,7732,,
2026-07-29,eLcRSVAncfc,1338,,
2026-07-29,eLhCLA0Jndo,2238,,
2026-07-29,eM2S4pWeczs,151959,,
2026-07-29,eOxOgo6VNzQ,3644,,
2026-07-29,eUkmg5xOC7c,2408,,
2026-07-29,eYY-goMG0N0,4494,,
2026-07-29,ebpANnTL0zw,13450,,
2026-07-29,ecutxRcKQ6I,6462,,
2026-07-29,enR1CfAS5zo,2052,,
2026-07-29,ensnUIxTUHE,14061,,
2026-07-29,er-8YWX70rk,12247,,
2026-07-29,etbk0Z69oDs,817,,
2026-07-29,eu92DDq5snw,5518,,
2026-07-29,eymQ0rXs7d8,6164,,
2026-07-29,f-aH0vpaoyo,10121,,
2026-07-29,f7yvLMqdMJo,4132,,
2026-07-29,f8fN8Uqbb8s,6099,,
2026-07-29,fFdiFTfeCwE,6184,,
2026-07-29,fFgFYRumrDU,11186,,
2026-07-29,fG1-74pj6A4,16296,,
2026-07-29,fHYBRGdrXo0,1947,,
2026-07-29,fIo8SE2ky98,2969,,
2026-07-29,fKvvShsdaWU,18892,,
2026-07-29,fMmn4SMuSdE,4695,,
2026-07-29,fQwyeIriRx8,8448,,
2026-07-29,fZ7RRiEw54E,6400,,
2026-07-29,fbZea8wkoe8,9740,,
2026-07-29,ff5ZGdHsgIA,1096,,
2026-07-29,fg72xV_ZX8g,785,,
2026-07-29,fj2SC2FA324,2045,,
2026-07-29,flJTAxtk67w,11213,,
2026-07-29,flbyvShpL18,4900,,
2026-07-29,fsI10W24Ya8,8068,,
2026-07-29,gAPX20Ja0zk,2666,,
2026-07-29,gAlQprevPh0,3086,,
2026-07-29,gENAeokhMHI,4008,,
2026-07-29,gK1VHYEXt_0,223,,
2026-07-29,gNEGNjVWO0Q,2878,,
2026-07-29,gVj7YvOUjfc,1035,,
2026-07-29,gWdtuyZNxeQ,11224,,
2026-07-29,gXT5p-IBNMg,6055,,
2026-07-29,goQs8La8e94,29299,,
2026-07-29,gpKioDijRD4,1529,,
2026-07-29,gtGmlmLZ3Ps,1220,,
2026-07-29,gy_rDsWx8_4,4987,,
2026-07-29,h1qNF-YaHX8,4907,,
2026-07-29,hBhD4lpfrvw,4150,,
2026-07-29,hBqhV23fZnE,3981,,
2026-07-29,hD4BjVn9YXw,4577,,
2026-07-29,hJ3DwYLFjcY,3822,,
2026-07-29,hRgIER_2tZg,1189,,
2026-07-29,hSuSN9-UZUY,15174,,
2026-07-29,hUQqvZGsp6A,3554,,
2026-07-29,hVMJN3o6-5g,10872,,
2026-07-29,hX5lVJXMurI,6399,,
2026-07-29,h_v3GcIgbvM,18832,,
2026-07-29,hhwrtf3g0yY,4715,,
2026-07-29,hnnt5l96vVE,3579,,
2026-07-29,hrA_TspDTyM,2741,,
2026-07-29,hsiq1QlJqCs,37160,,
2026-07-29,htuK8cgwC-E,2585,,
2026-07-29,hwX4Jil8AFY,2226,,
2026-07-29,hy7L_a8J9z4,6086,,
2026-07-29,hyisCTgnS0g,805,,
2026-07-29,i4tThjQW98w,1477,,
2026-07-29,i5Ufb0FYkDM,2834,,
2026-07-29,i6kooD4epJ0,9895,,
2026-07-29,iCV7kvzQ_bA,19656,,
2026-07-29,iCrYuW2ixu8,2171,,
2026-07-29,iEHsfr9bvpg,12707,,
2026-07-29,iFu9J3h8RBY,8220,,
2026-07-29,iHt3VLuizj4,3700,,
2026-07-29,iKMz8ICRe8I,20690,,
2026-07-29,iNIxuEi7V54,2242,,
2026-07-29,iRyAJEXB_hE,3232,,
2026-07-29,iY0az_GdCiI,5948,,
2026-07-29,iYHt1pdScK0,206660,,
2026-07-29,i_bfUG57Je8,10600,,
2026-07-29,ipf-y1PaGBg,3776,,
2026-07-29,iuZ57o6ph1A,2420,,
2026-07-29,ixG3RWG-Xdw,10590,,
2026-07-29,j3BrzaBGJqY,3151,,
2026-07-29,j50kYrWuR6U,1337,,
2026-07-29,j9lMyW5Emo0,7381,,
2026-07-29,jBZnliX8R7M,5284,,
2026-07-29,jCGuQ1T3kUE,11298,,
2026-07-29,jQiLi6ev9zM,4984,,
2026-07-29,jTEvYjhQKTM,3516,,
2026-07-29,jV8i3ErC3MA,10308,,
2026-07-29,jdAA_65-h0E,17072,,
2026-07-29,jfEMLlPzKEU,7985,,
2026-07-29,jgfWTFUl_58,1444,,
2026-07-29,jh22fly0d-k,5225,,
2026-07-29,jlV4MmBxgPI,13486,,
2026-07-29,jrnfWiLWFJw,382,,
2026-07-29,k1SjNJaOJcA,7061,,
2026-07-29,k3yhL30Kpnw,1613,,
2026-07-29,k4GBTLOy9aE,11250,,
2026-07-29,k73d1z4sXCE,2667,,
2026-07-29,kCTe19NTny4,2083,,
2026-07-29,kCcXFPN8bK0,2708,,
2026-07-29,kETEBzJrtSA,7378,,
2026-07-29,kFWumpkL5yI,3309,,
2026-07-29,kO5VQOB3sxI,6319,,
2026-07-29,kSbp6GNfK7Y,4504,,
2026-07-29,kUDZK_9QPtA,14390,,
2026-07-29,kYmLSudfROM,5662,,
2026-07-29,kb2G7jcB3Ls,4278,,
2026-07-29,keYeekasjI8,20182,,
2026-07-29,kjl_jo_1HTg,2469,,
2026-07-29,ko82nHa36U4,8901,,
2026-07-29,kpcxQ1XCrq8,254,,
2026-07-29,kr9WECLcJWU,3742,,
2026-07-29,ktZgSqvfl8o,455,,
2026-07-29,kuoLAhyeaJQ,4220,,
2026-07-29,kzApFdb-KEs,777,,
2026-07-29,kzQhIJnlTsI,97277,,
2026-07-29,l4OOeF2yo9Y,3793,,
2026-07-29,lADjNtrJtIo,3147,,
2026-07-29,lCTSpZlGMb4,3746,,
2026-07-29,lN4Nv7R4sBI,10391,,
2026-07-29,lOciy5N92Lg,1560,,
2026-07-29,lOomWUxwNlQ,4506,,
2026-07-29,lSkunEYX5Go,1740,,
2026-07-29,lTCDfNnY4u8,5822,,
2026-07-29,lZj5qfUurLw,4035,,
2026-07-29,lZm2ZwjEy38,2996,,
2026-07-29,lgNWcFP2Ltg,12158,,
2026-07-29,lr1GJQXbj4c,1962,,
2026-07-29,lvOd4uyJkFE,30837,,
2026-07-29,lvtS_HSjXUA,10392,,
2026-07-29,m1gcxwLGPos,5687,,
2026-07-29,m6233lu5J9Q,11904,,
2026-07-29,m9q3qhKxbk4,2477,,
2026-07-29,mDDcQa5yCfI,20802,,
2026-07-29,mHE2XXExu7Q,1252,,
2026-07-29,mHSNcvaQ8YU,1019,,
2026-07-29,mM4k2pf-l9E,6055,,
2026-07-29,mNKdQ1YwHPc,2906,,
2026-07-29,mOqGGh-ot08,12746,,
2026-07-29,m_vvvpnOHfw,406,,
2026-07-29,mhXS2cpJlRo,1962,,
2026-07-29,mkJ-QgvLtyk,12367,,
2026-07-29,mnu4iJG72y8,5492,,
2026-07-29,n5WXv528CII,17880,,
2026-07-29,n93OGgP941o,2372,,
2026-07-29,n9XvIj6hOjc,2137,,
2026-07-29,nDLFzy9hIow,9723,,
2026-07-29,nF0VXXPcAh4,3052,,
2026-07-29,nMQCA_C9zoQ,103057,,
2026-07-29,nPV7ftm2WSg,2182,,
2026-07-29,nRTuARH-N9A,639,,
2026-07-29,nZ-Yf21ufww,9676,,
2026-07-29,n_8ek8wvHc8,5514,,
2026-07-29,nbqcaybmEe8,11666,,
2026-07-29,neQ91eM5hw4,21564,,
2026-07-29,nuEwWBGiQ4c,3915,,
2026-07-29,nwbp-b7PO4g,7304,,
2026-07-29,nxJqaJgDQIE,4342,,
2026-07-29,nyHN_s3QpkY,7016,,
2026-07-29,o0dULDtKQ-8,9983,,
2026-07-29,o4tmiD22BLI,18685,,
2026-07-29,oCAyG5S7cIw,10417,,
2026-07-29,oDeAAnpEEXU,1940,,
2026-07-29,oKTvQ7d9gYw,27707,,
2026-07-29,oPCHIAxcTHw,38181,,
2026-07-29,oRXt4EmUmKk,4279,,
2026-07-29,oUdstwXRu2c,2794,,
2026-07-29,oZh7YlRGlqA,5146,,
2026-07-29,oZjiL501lAY,1413,,
2026-07-29,o_FRQ02nigQ,5539,,
2026-07-29,ofwkfFci1iI,3340,,
2026-07-29,ol2a1T0BgrM,4448,,
2026-07-29,ol_M2L_mjBI,2655,,
2026-07-29,onlJoxwtQec,1400,,
2026-07-29,oo0K4ydn4rw,6007,,
2026-07-29,p-Ig77st4KY,8627,,
2026-07-29,p23Rm9i_EIg,6599,,
2026-07-29,p6uuiKju1Gc,4274,,
2026-07-29,p8GqOFBpR5w,4810,,
2026-07-29,p8ZK2nre57U,3822,,
2026-07-29,pC_lpEworvo,1030,,
2026-07-29,pGUjxBQqY5E,4108,,
2026-07-29,pKvwesJ8-t0,8746,,
2026-07-29,pRB23hC8dZY,3122,,
2026-07-29,pUPzkqLt5WM,4566,,
2026-07-29,pWY2T3MqfCw,3437,,
2026-07-29,pdIXWsxp0_g,3823,,
2026-07-29,pms2oKZcuqo,3427,,
2026-07-29,ppIXkOvS4WI,4432,,
2026-07-29,ptv9GRoEKs0,3771,,
2026-07-29,pyuB406DLuo,11484,,
2026-07-29,pzLWWa96_lE,5930,,
2026-07-29,q4mgxHWrmLM,6371,,
2026-07-29,q52xE5uCNT0,11655,,
2026-07-29,qIxGLqP2ZBA,3371,,
2026-07-29,qJ6pJMN4eiA,2638,,
2026-07-29,qMz0UbGJq4Y,6878,,
2026-07-29,qZi9yeRBf94,3800,,
2026-07-29,q_TknmNwvqA,6058,,
2026-07-29,qabDQ1ebZbQ,6003,,
2026-07-29,qbXC7hLKuGM,260,,
2026-07-29,qd6gmV0qrrk,14459,,
2026-07-29,qiI-rwVGiYQ,1986,,
2026-07-29,qkMCHJ28vsI,2337,,
2026-07-29,qmcbY6Sr_mw,3160,,
2026-07-29,qqQxwunPfLo,5173,,
2026-07-29,qzy12XbaJQ4,1506,,
2026-07-29,r0ZddKvFa9w,7661,,
2026-07-29,r3P6BU0gEVU,7516,,
2026-07-29,r4YE2Zghgbc,2859,,
2026-07-29,rAxPIoC8bB4,12610,,
2026-07-29,rJ6YCE4gWS0,1636,,
2026-07-29,rJeHPb9VWP4,2366,,
2026-07-29,rLZUcW0DBTM,9825,,
2026-07-29,rLfvnvBj8Ls,4908,,
2026-07-29,rR2A9ezT_gg,16555,,
2026-07-29,rULrrI9GfWU,1350,,
2026-07-29,rV23IXWdDOY,17221,,
2026-07-29,rVEh3PGiggk,372,,
2026-07-29,r_lWb2SpHO4,10372,,
2026-07-29,rckZ2uBOGYs,4290,,
2026-07-29,rixzhpBKdfg,2641,,
2026-07-29,rlnx986Qxkc,13136,,
2026-07-29,roO2HBjdtQw,4951,,
2026-07-29,rojYn7h_-U4,2261,,
2026-07-29,rqcOPT_Dg7A,7272,,
2026-07-29,ruxKM1qX0Dc,11577,,
2026-07-29,rzIPT2DPtvA,5703,,
2026-07-29,s2GjWfPbh9I,1990,,
2026-07-29,sHQg97i_Hp0,156,,
2026-07-29,sO1rprIWDas,4270,,
2026-07-29,sQH3xPVic6Y,3893,,
2026-07-29,sVwAWTxKDJ0,7872,,
2026-07-29,sXRGp_ttFI4,7139,,
2026-07-29,sZhgf8PQ5gc,8573,,
2026-07-29,scIFhQSvvlE,2729,,
2026-07-29,scM9aI9kTus,4926,,
2026-07-29,skABNIsQ3fA,12522,,
2026-07-29,sl11WONqgaQ,3664,,
2026-07-29,smATVd6dk-k,14070,,
2026-07-29,sqx6twZgR-k,3916,,
2026-07-29,ssIA_N2u50Y,7251,,
2026-07-29,syPu5HdMT4k,1016,,
2026-07-29,t01TItG_UAQ,595,,
2026-07-29,t1UIIjuMirY,8781,,
2026-07-29,t1kj63890o8,3536,,
2026-07-29,t3G_N5DO6us,6233,,
2026-07-29,t4gVVdxtNWE,8678,,
2026-07-29,tGsk0H21JgE,2146,,
2026-07-29,t_RBOUZAqGw,4530,,
2026-07-29,tcomjtcMjLE,1106,,
2026-07-29,tdc-zfxIlEY,32281,,
2026-07-29,tiDCtcHjdQU,7145,,
2026-07-29,trS0kTq6Tk8,1652,,
2026-07-29,txSX7-1XQOE,2644,,
2026-07-29,tyRJESdSDm4,14696,,
2026-07-29,tz7n--I4rDU,1492,,
2026-07-29,u00LAYagwGo,4499,,
2026-07-29,u4e1ijV4iRQ,5352,,
2026-07-29,u7xKzLuKt5I,17640,,
2026-07-29,uNX13pgpGBU,5100,,
2026-07-29,uXbngiOXOD0,10354,,
2026-07-29,ub9JNL8EhJ4,1473,,
2026-07-29,uk5ADKNqHoc,1462,,
2026-07-29,ul9Sw7brukY,1585,,
2026-07-29,umNEJg2sj50,970,,
2026-07-29,un8Mt5f-mUE,10651,,
2026-07-29,usRrwR8CUb8,9180,,
2026-07-29,uxxwN68AJHE,5506,,
2026-07-29,v-ylvHTi_Mc,3372,,
2026-07-29,v0kp6W42yf4,2911,,
2026-07-29,v1J7bERLirA,3255,,
2026-07-29,v9INdKeBJEI,42467,,
2026-07-29,vDzWHTMsp_Y,1735,,
2026-07-29,vHvpM9nSO3Q,4068,,
2026-07-29,vIAhcX4SppA,3202,,
2026-07-29,vKYW7MTBAFg,10117,,
2026-07-29,vM5V9hoDKnQ,8975,,
2026-07-29,vQI78T3g4Gg,6222,,
2026-07-29,vUEmbLAxZ0Y,1102,,
2026-07-29,vWTTG9XlMoY,13564,,
2026-07-29,v_JJzLJ0eRw,4754,,
2026-07-29,vmSPrsKC8i8,51094,,
2026-07-29,vqsoh8y6xa8,5536,,
2026-07-29,vuvK_DUcqCk,7847,,
2026-07-29,vy88MX2ss_g,7446,,
2026-07-29,vyg196YvsgE,1035,,
2026-07-29,w3HciqK70s4,1659,,
2026-07-29,w68xGF_YIgU,25152,,
2026-07-29,w6b2AkddE8Y,2652,,
2026-07-29,w9kpcvkWngA,6653,,
2026-07-29,wBWXzI7uJYo,3702,,
2026-07-29,wGDSdaXZj00,45094,,
2026-07-29,wHcblaGXua8,10145,,
2026-07-29,wLB8pR4uME0,2773,,
2026-07-29,wSEMUoR4FS4,1497,,
2026-07-29,wSnq-Unha34,169417,,
2026-07-29,wX47G7oi_Z4,1962,,
2026-07-29,wg1R2_G_LEc,6320,,
2026-07-29,wnahjxPk5rk,2295,,
2026-07-29,wpHm4ARAChc,21774,,
2026-07-29,wpWCpGTZE2A,1911,,
2026-07-29,wuZgRtutoHQ,8205,,
2026-07-29,wutJAXwvMqo,9303,,
2026-07-29,wwtaQ_PNx1M,2969,,
2026-07-29,wxWz6zDC2wo,1492,,
2026-07-29,wzSn1b5XXtk,1882,,
2026-07-29,x3gjYoDR5tA,2630,,
2026-07-29,x5fPiJUOMk0,3894,,
2026-07-29,xGMFiacVSrk,4939,,
2026-07-29,xMbY5fkmK0A,3554,,
2026-07-29,xQKEy65zAso,64569,,
2026-07-29,xTpYdSgeWPc,1180,,
2026-07-29,x_KffjhARa0,2796,,
2026-07-29,xe6w3VmUf5I,6090,,
2026-07-29,xs2J2KW1q8Q,8481,,
2026-07-29,xvdkNKQAbJ8,1832,,
2026-07-29,xwLoo8ThKHI,860,,
2026-07-29,xxC2s5JBYZM,332,,
2026-07-29,xya7ZlFJ-x8,2271,,
2026-07-29,y3rXMXG_UF8,3740,,
2026-07-29,y4Yqheg9DuY,15525,,
2026-07-29,y6T5kX1L0aw,1628,,
2026-07-29,y76fsYJCAO0,1645,,
2026-07-29,y8mTWAs2PPw,3183,,
2026-07-29,yF9W5KZ4lfs,6518,,
2026-07-29,yGc4NnBE6nY,4944,,
2026-07-29,yJTEsQi0G98,1650,,
2026-07-29,yKCrM_XkKaY,15565,,
2026-07-29,yKIM1UxtbpU,2065,,
2026-07-29,yPh9jEw5_Lw,2831,,
2026-07-29,ySg8CEjxwwo,5798,,
2026-07-29,yUQ4NYv_io0,3442,,
2026-07-29,yXWhKEoL3QU,3983,,
2026-07-29,yo-Wdxc6ng0,3505,,
2026-07-29,yrJ1mvA6eIM,10125,,
2026-07-29,yrcwoFLtS5Y,7441,,
2026-07-29,ytt9pEb78FA,5022,,
2026-07-29,z-n_vz4gFRw,14414,,
2026-07-29,z0A-aCcVXSA,3093,,
2026-07-29,z2SU31i7Uo4,9377,,
2026-07-29,z8MJYHsQh5c,16837,,
2026-07-29,zCk1p-hPBCs,158,,
2026-07-29,zDtacZ_qT0Y,12138,,
2026-07-29,zI6L_SkYqkU,1254,,
2026-07-29,zLgpLCYCbyA,2569,,
2026-07-29,zSvZdF7CBjU,6279,,
2026-07-29,zVMIZRDSvCc,1763,,
2026-07-29,zXbAf49C9vE,6105,,
2026-07-29,zceKtRTdgSo,13538,,
2026-07-29,zjYgzIlRmOk,7098,,
2026-07-29,zksWnpcM05I,4291,,
2026-07-29,zpX-Xs1a9MY,3143,,
2026-07-29,zrRTPvOBEnU,2829,,
2026-07-29,zsRQcswYx8w,2834,,
2026-07-29,zsYZHcSRvB8,25486,,
2026-07-29,zsaXdCEuYsY,2257,,
2026-07-29,zufjmNpcSlg,1612,,
2026-07-29,zvjhIylspTc,10162,,
2026-07-29,zx1Xu1eI_UM,2152,,
2026-07-29,zxwGfKCo6as,4765,,
2026-07-29,zyY2aRVZMp4,1265,,
2026-07-29,zzWIE6Sg_E0,22407,,
2026-07-30,0PBCtb7Va-c,6699,,
2026-07-30,4n4yKMederk,7105,,
2026-07-30,9rJgQmuc2SM,5295,,
2026-07-30,F5WCr1Md6mk,2117,,
2026-07-30,GME--_-r_lU,3172,,
2026-07-30,IM0HdpgIDq8,12093,,
2026-07-30,JJ0wEMAa0Qg,2410,,
2026-07-30,Kh_0ICA5cfg,6147,,
2026-07-30,NEahGL5R0HI,10229,,
2026-07-30,NJXuNpJ26us,3227,,
2026-07-30,UVkQsLv7n2s,2381,,
2026-07-30,aVKjY_uB3tA,2603,,
2026-07-30,ccZaP6LEaLI,9543,,
2026-07-30,gAlQprevPh0,3089,,
2026-07-30,hJ3DwYLFjcY,3825,,
2026-07-30,iY0az_GdCiI,5950,,
2026-07-30,mOqGGh-ot08,12748,,
2026-07-30,p-Ig77st4KY,8633,,
2026-07-30,ppIXkOvS4WI,4432,,
2026-07-30,roO2HBjdtQw,4978,,
2026-07-30,sl11WONqgaQ,3665,,
2026-07-30,uNX13pgpGBU,5111,,
2026-07-30,xGMFiacVSrk,4940,,
2026-07-30,yJTEsQi0G98,1653,,
2026-07-30,zXbAf49C9vE,6116,,
2026-07-30,zx1Xu1eI_UM,2152,,
2026-07-31,-Fkj0aK2dO8,5905,,
2026-07-31,0PBCtb7Va-c,6714,,
2026-07-31,4n4yKMederk,7301,,
2026-07-31,7sRKccOoPbY,9024,,
2026-07-31,9rJgQmuc2SM,5532,,
2026-07-31,Ati51CQqpKY,5939,,
2026-07-31,F5WCr1Md6mk,2118,,
2026-07-31,GME--_-r_lU,3181,,
2026-07-31,IM0HdpgIDq8,12116,,
2026-07-31,JJ0wEMAa0Qg,4047,,
2026-07-31,KNwEQXDv5XM,8470,,
2026-07-31,Kh_0ICA5cfg,6152,,
2026-07-31,MOmBOx1LEJU,44683,,
2026-07-31,NEahGL5R0HI,10305,,
2026-07-31,NJXuNpJ26us,3248,,
2026-07-31,QQh0twun7tg,47810,,
2026-07-31,U9sNqbVd1L8,4407,,
2026-07-31,UVkQsLv7n2s,2382,,
2026-07-31,_ALc4VJkpjA,13173,,
2026-07-31,aVKjY_uB3tA,2618,,
2026-07-31,cMFi9XkhDDQ,2613,,
2026-07-31,ccZaP6LEaLI,9561,,
2026-07-31,eokbRB_Y2CU,4568,,
2026-07-31,f1eFQJocAow,7654,,
2026-07-31,gAlQprevPh0,3098,,
2026-07-31,hJ3DwYLFjcY,3829,,
2026-07-31,iY0az_GdCiI,5953,,
2026-07-31,mOqGGh-ot08,12778,,
2026-07-31,p-Ig77st4KY,8642,,
2026-07-31,pTqxjQV_PYU,9570,,
2026-07-31,pj41DZonKFU,5775,,
2026-07-31,ppIXkOvS4WI,4443,,
2026-07-31,roO2HBjdtQw,5006,,
2026-07-31,sl11WONqgaQ,3667,,
2026-07-31,uNX13pgpGBU,5131,,
2026-07-31,xGMFiacVSrk,4950,,
2026-07-31,yJTEsQi0G98,1656,,
2026-07-31,zXbAf49C9vE,6155,,
2026-07-31,zx1Xu1eI_UM,2153,,
