date,video_id,views,likes,comments
2026-05-01,-Fkj0aK2dO8,5249,,
2026-05-01,3A0Gwb7nmw8,1593,,
2026-05-01,5b4RSDrkc8I,4326,,
2026-05-01,7sRKccOoPbY,8454,,
2026-05-01,Ati51CQqpKY,5237,,
2026-05-01,ClAz_Etby1k,3419,,
2026-05-01,KNwEQXDv5XM,7916,,
2026-05-01,MOmBOx1LEJU,15183,,
2026-05-01,N9CZswDtnCA,3229,,
2026-05-01,Nhb3_wu7Ddk,13119,,
2026-05-01,PmY9rmZK_oM,1732,,
2026-05-01,QQh0twun7tg,45028,,
2026-05-01,SoVnrdQ7b_s,4020,,
2026-05-01,U9sNqbVd1L8,3662,,
2026-05-01,UxyCkiufJyg,3130,,
2026-05-01,WUchEyRFIxw,3451,,
2026-05-01,_ALc4VJkpjA,10005,,
2026-05-01,cMFi9XkhDDQ,2510,,
2026-05-01,dA0DwmLmQ9s,5624,,
2026-05-01,eokbRB_Y2CU,4162,,
2026-05-01,f1eFQJocAow,6870,,
2026-05-01,pTqxjQV_PYU,8029,,
2026-05-01,pj41DZonKFU,4796,,
2026-05-01,svTgRSTyypU,28628,,
2026-05-01,xZIOdejjTlg,2615,,
2026-05-01,yeBCQurwTAM,3783,,
2026-05-02,-Fkj0aK2dO8,5259,,
2026-05-02,3A0Gwb7nmw8,1868,,
2026-05-02,5b4RSDrkc8I,4334,,
2026-05-02,7sRKccOoPbY,8460,,
2026-05-02,Ati51CQqpKY,5250,,
2026-05-02,ClAz_Etby1k,3423,,
2026-05-02,KNwEQXDv5XM,7930,,
2026-05-02,MOmBOx1LEJU,15888,,
2026-05-02,N9CZswDtnCA,3233,,
2026-05-02,Nhb3_wu7Ddk,13127,,
2026-05-02,PmY9rmZK_oM,1741,,
2026-05-02,QQh0twun7tg,45065,,
2026-05-02,SoVnrdQ7b_s,4102,,
2026-05-02,U9sNqbVd1L8,3679,,
2026-05-02,UxyCkiufJyg,3133,,
2026-05-02,WUchEyRFIxw,3465,,
2026-05-02,_ALc4VJkpjA,10104,,
2026-05-02,dA0DwmLmQ9s,5637,,
2026-05-02,eokbRB_Y2CU,4164,,
2026-05-02,f1eFQJocAow,6899,,
2026-05-02,pTqxjQV_PYU,8040,,
2026-05-02,pj41DZonKFU,4820,,
2026-05-02,svTgRSTyypU,28650,,
2026-05-02,xZIOdejjTlg,2624,,
2026-05-02,yeBCQurwTAM,3790,,
2026-05-03,-Fkj0aK2dO8,5272,,
2026-05-03,3A0Gwb7nmw8,2015,,
2026-05-03,5b4RSDrkc8I,4338,,
2026-05-03,7sRKccOoPbY,8464,,
2026-05-03,Ati51CQqpKY,5256,,
2026-05-03,ClAz_Etby1k,3430,,
2026-05-03,KNwEQXDv5XM,7948,,
2026-05-03,MOmBOx1LEJU,16529,,
2026-05-03,N9CZswDtnCA,3240,,
2026-05-03,Nhb3_wu7Ddk,13134,,
2026-05-03,PmY9rmZK_oM,1750,,
2026-05-03,QQh0twun7tg,45112,,
2026-05-03,SoVnrdQ7b_s,4150,,
2026-05-03,U9sNqbVd1L8,3692,,
2026-05-03,UxyCkiufJyg,3143,,
2026-05-03,WUchEyRFIxw,3482,,
2026-05-03,_ALc4VJkpjA,10196,,
2026-05-03,dA0DwmLmQ9s,5645,,
2026-05-03,eokbRB_Y2CU,4174,,
2026-05-03,f1eFQJocAow,6911,,
2026-05-03,pTqxjQV_PYU,8049,,
2026-05-03,pj41DZonKFU,4841,,
2026-05-03,svTgRSTyypU,28678,,
2026-05-03,xZIOdejjTlg,2628,,
2026-05-03,yeBCQurwTAM,3792,,
2026-05-04,-Fkj0aK2dO8,5280,,
2026-05-04,3A0Gwb7nmw8,2144,,
2026-05-04,5b4RSDrkc8I,4342,,
2026-05-04,7sRKccOoPbY,8472,,
2026-05-04,Ati51CQqpKY,5269,,
2026-05-04,ClAz_Etby1k,3433,,
2026-05-04,KNwEQXDv5XM,7960,,
2026-05-04,MOmBOx1LEJU,17196,,
2026-05-04,N9CZswDtnCA,3245,,
2026-05-04,Nhb3_wu7Ddk,13151,,
2026-05-04,PmY9rmZK_oM,1758,,
2026-05-04,QQh0twun7tg,45155,,
2026-05-04,SoVnrdQ7b_s,4219,,
2026-05-04,U9sNqbVd1L8,3704,,
2026-05-04,UxyCkiufJyg,3149,,
2026-05-04,WUchEyRFIxw,3490,,
2026-05-04,_ALc4VJkpjA,10296,,
2026-05-04,dA0DwmLmQ9s,5660,,
2026-05-04,eokbRB_Y2CU,4181,,
2026-05-04,f1eFQJocAow,6920,,
2026-05-04,p-Ig77st4KY,2372,,
2026-05-04,pTqxjQV_PYU,8060,,
2026-05-04,pj41DZonKFU,4857,,
2026-05-04,svTgRSTyypU,28700,,
2026-05-04,xZIOdejjTlg,2650,,
2026-05-04,yeBCQurwTAM,3802,,
2026-05-05,--eCZ5KJphU,1926,,
2026-05-05,-27X7n7IstM,6248,,
2026-05-05,-3dLSMzi38k,5000,,
2026-05-05,-FJcDEQ2CB0,13951,,
2026-05-05,-Fkj0aK2dO8,5286,,
2026-05-05,-GYR8m5pqkI,10520,,
2026-05-05,-SxNX1_ipZ0,4428,,
2026-05-05,-WID9zHoKhE,370,,
2026-05-05,-pXsceBZ-uI,1939,,
2026-05-05,01F_B8RaurQ,364,,
2026-05-05,0A3d0lovA9c,2765,,
2026-05-05,0BvJ_8VSpAQ,19771,,
2026-05-05,0JFuxpSFiLo,20317,,
2026-05-05,0Mur3o4gJn4,5834,,
2026-05-05,0U0-9stDv2w,6754,,
2026-05-05,0YdWcjA5acg,8122,,
2026-05-05,0_I4PHJ-miw,21481,,
2026-05-05,0dqRFbgCuVg,6326,,
2026-05-05,0irTZK6Z_YI,978,,
2026-05-05,0jvB7_mRdVk,1513,,
2026-05-05,0luCN1MyFX8,10763,,
2026-05-05,0nv1NY1lx_E,5230,,
2026-05-05,0t_oTJZ6Irs,6621,,
2026-05-05,13jLs1WwfTY,4700,,
2026-05-05,14FLm6zvvlM,3262,,
2026-05-05,1APEiSZz2zM,316,,
2026-05-05,1M5hO5Iz4hQ,11321,,
2026-05-05,1WejSH57PSA,555,,
2026-05-05,1_CE104JHi8,4448,,
2026-05-05,1fn9RPaSFvM,4112,,
2026-05-05,1gAj8idUtrk,12837,,
2026-05-05,1k6Bzkiw48o,10530,,
2026-05-05,1qYWYaGdxt4,1411,,
2026-05-05,1uRRhugMzlE,4259,,
2026-05-05,1vJB1yOPOf0,7335,,
2026-05-05,1yK9VWnQpx4,21277,,
2026-05-05,24Ib0j0xDxE,15723,,
2026-05-05,2CnmP8lvGE4,6201,,
2026-05-05,2JqFe4tSOyk,9157,,
2026-05-05,2OdJHlmdu3A,3437,,
2026-05-05,2WaFFWc3lno,6130,,
2026-05-05,2bY_4Ut49J8,4078,,
2026-05-05,2l0-duQwSfI,5189,,
2026-05-05,2lZK2lUb6ew,10454,,
2026-05-05,2qLT-wnFaP0,7738,,
2026-05-05,2qZb4PtGQUg,3181,,
2026-05-05,2qron8l5-WA,2854,,
2026-05-05,2vAcCPS9-YE,3117,,
2026-05-05,3A0Gwb7nmw8,2201,,
2026-05-05,3BNqAqRukts,17024,,
2026-05-05,3Cm_qVj04z0,338,,
2026-05-05,3DNRCakknE0,4689,,
2026-05-05,3HUs08W6-8o,15558,,
2026-05-05,3KJwgGv_hq0,4011,,
2026-05-05,3Nh8y-oesJ0,7804,,
2026-05-05,3gPoLb5rT70,16852,,
2026-05-05,3iUH-OYuGIo,235,,
2026-05-05,3jZh-NYS564,6655,,
2026-05-05,3nGph8PX2-Q,3485,,
2026-05-05,3xtwXWyEfhk,1796,,
2026-05-05,49KORRES2ks,2312,,
2026-05-05,4Q1Xe92xmwI,9183,,
2026-05-05,4VN65sXHXSU,5732,,
2026-05-05,4WHM_GRby90,5716,,
2026-05-05,4aUWIhJE2n4,3607,,
2026-05-05,4b4THjNuDW0,602,,
2026-05-05,4n-UnjzY3B0,252,,
2026-05-05,4qtFClwSzc8,1464,,
2026-05-05,4r4Fv5i5zCI,7118,,
2026-05-05,4tli9Q4KZ3w,3023,,
2026-05-05,4vHxpaifn9w,25055,,
2026-05-05,4zfnW56TcvY,2990,,
2026-05-05,5I2-cQ7oa10,3562,,
2026-05-05,5MHf5WPH1v4,4201,,
2026-05-05,5R6l50LDlV4,3529,,
2026-05-05,5b4RSDrkc8I,4348,,
2026-05-05,5kFO9eUjRPk,12928,,
2026-05-05,5sVEspUzpGY,3764,,
2026-05-05,5t3KYPZKUe4,10648,,
2026-05-05,615ClJ5oqkw,1215,,
2026-05-05,62v6RgdBly0,2382,,
2026-05-05,69_RI4iZxuQ,6501,,
2026-05-05,6BegJIenaBE,9637,,
2026-05-05,6Bmjis1ofzE,6123,,
2026-05-05,6SV0Lm47pvY,2441,,
2026-05-05,6TcR8BFdyJM,2885,,
2026-05-05,6VUBa5NSLU8,947,,
2026-05-05,6Xmd08nL2G4,4635,,
2026-05-05,6d8jMrgjDuE,3218,,
2026-05-05,6iCAxQUz4aQ,5609,,
2026-05-05,6l3bIPltt3A,6604,,
2026-05-05,6ob9UwPviJA,4923,,
2026-05-05,6tcSoXsMs9c,5874,,
2026-05-05,6vhfb7LUUYc,3567,,
2026-05-05,6zLWdLXiJC8,13528,,
2026-05-05,73a6CtNTac4,9846,,
2026-05-05,7BXf6nTyiCQ,3866,,
2026-05-05,7BkLmVdcaJw,6181,,
2026-05-05,7EgU3ReHrIc,1255,,
2026-05-05,7FZrM9iMsCM,6318,,
2026-05-05,7IZ5eCJ3Vqc,2403,,
2026-05-05,7NZvpCqH7eA,2774,,
2026-05-05,7NbPwroPQ80,3043,,
2026-05-05,7Odyxk-S9f0,52608,,
2026-05-05,7PSt_Gouh6g,2799,,
2026-05-05,7cpCkvLwQsI,2075,,
2026-05-05,7dlhZLngdvM,8755,,
2026-05-05,7m_UlzkGLlA,32701,,
2026-05-05,7sRKccOoPbY,8485,,
2026-05-05,7tKbMZqzLks,2839,,
2026-05-05,7ufObjxCBKI,13033,,
2026-05-05,7wuBlcFsfvc,4388,,
2026-05-05,7zHiFWEJfZY,8347,,
2026-05-05,87Vb6sa1KcY,1456,,
2026-05-05,8OPlCKgcSO8,6262,,
2026-05-05,8T1Pe58GJpw,4282,,
2026-05-05,8UOwBfCgZn8,1053,,
2026-05-05,8UWpsEyQwCU,3959,,
2026-05-05,8_fxIwJi8eI,12022,,
2026-05-05,8fwEHUkKTFc,1225,,
2026-05-05,8hbiWsIlhQ0,1282,,
2026-05-05,8pRl03u-hjI,7269,,
2026-05-05,8r9S_xIzqLk,4043,,
2026-05-05,8tmQ6wySUSI,4492,,
2026-05-05,900BOlBTFNg,35479,,
2026-05-05,99bQhxWPWuo,8964,,
2026-05-05,9BmwbWSPXwY,4710,,
2026-05-05,9Fhr7gYQPBM,1434,,
2026-05-05,9O3XYd0F6VI,10975,,
2026-05-05,9Ot1RhssfL0,766,,
2026-05-05,9TvuNO-fnXM,15971,,
2026-05-05,9_6yRxY8iiY,9820,,
2026-05-05,9cZh_IuGMyM,367,,
2026-05-05,9dFDeUNHViY,9215,,
2026-05-05,9gFQ9rFMKEA,38012,,
2026-05-05,9h2v-rVmwEA,8571,,
2026-05-05,9hOkPAYmpPM,6578,,
2026-05-05,9hgzA60ZGZg,5361,,
2026-05-05,9rVcXaVHCXw,2587,,
2026-05-05,9wgzzLCatp8,853,,
2026-05-05,9yg2AIYdu6E,1720,,
2026-05-05,A4wr-iI2hJU,19555,,
2026-05-05,A5ojgoN39Lc,6220,,
2026-05-05,A9RXB8YTc6Y,12137,,
2026-05-05,ADwtKtLtE8Q,1974,,
2026-05-05,AKDQisHl8Ek,3852,,
2026-05-05,AKJRVoJu_Q4,7316,,
2026-05-05,ANYrzwn5h_M,4667,,
2026-05-05,AO1WNfgIgiE,8549,,
2026-05-05,ASSnCNI-KlM,1256,,
2026-05-05,AU7Z9h1x1Ys,694,,
2026-05-05,AUG114ir5eQ,1231,,
2026-05-05,AUxR3aTc3ng,1487,,
2026-05-05,AaCd4amsV0U,2016,,
2026-05-05,Ac6AOC9yxJE,4297,,
2026-05-05,AcR00ZHbVKU,7413,,
2026-05-05,AgcnylfczPE,10322,,
2026-05-05,AmYVHRf2Aq8,8603,,
2026-05-05,Ao4VRNX_h4A,11385,,
2026-05-05,Aq3emUbqTbA,802,,
2026-05-05,Ati51CQqpKY,5278,,
2026-05-05,B0IPEMdrCRA,3013,,
2026-05-05,B5xTJMahaK4,2527,,
2026-05-05,B9FbWxNdJPY,18470,,
2026-05-05,B9zmRMY6ISI,2650,,
2026-05-05,BNze82M59-E,6905,,
2026-05-05,BSum-2t0a28,4625,,
2026-05-05,B_OF2TYLnQw,6303,,
2026-05-05,B_rcAwySccg,3483,,
2026-05-05,BdCpg8-TlGg,3454,,
2026-05-05,BfLT1TlZInE,19736,,
2026-05-05,BfjZU1zyiOc,1882,,
2026-05-05,BkAhos9qrLQ,2121,,
2026-05-05,BsWIaYs09vc,5656,,
2026-05-05,BskXYIlyNzA,5972,,
2026-05-05,C5ETgNOq1gQ,13920,,
2026-05-05,C5Rh96Gz8yg,6916,,
2026-05-05,C9AMwVwgVPo,2964,,
2026-05-05,C9FJCiew0s8,4037,,
2026-05-05,CD6KcQMdzfc,2822,,
2026-05-05,CEF9v_JMVe8,7077,,
2026-05-05,CJkJWnPzguM,20301,,
2026-05-05,CKAGWlmyXbA,8870,,
2026-05-05,CMh4ttABaiE,1211,,
2026-05-05,CSTFP0gKnd8,5228,,
2026-05-05,CUpAWj1wVbU,23876,,
2026-05-05,CVFIzDp5iio,11083,,
2026-05-05,CYn4JoQTD1I,666,,
2026-05-05,CYvruxt8Ocw,5170,,
2026-05-05,CgzCQr9ilsw,386,,
2026-05-05,ChKL1KyjlZ4,5142,,
2026-05-05,CkghB9G4vOo,213,,
2026-05-05,ClAz_Etby1k,3438,,
2026-05-05,Cpa04rQyl18,7075,,
2026-05-05,CufCJMTTKHk,1617,,
2026-05-05,Cy2qJ0Win1I,4222,,
2026-05-05,D-dgFUvl7YA,7674,,
2026-05-05,D4p6nv2t2FA,245,,
2026-05-05,D50nmITTLp8,1803,,
2026-05-05,DAuagmdRSOE,10557,,
2026-05-05,DBkInEbzPk0,2669,,
2026-05-05,DDd5prelU6A,8513,,
2026-05-05,DDiDtP-uOqU,2274,,
2026-05-05,DI-Oxm-J0W0,5470,,
2026-05-05,DIv0FHIZiko,3469,,
2026-05-05,DNsUjaDT3AQ,4065,,
2026-05-05,DPEZ-FtI4UI,8151,,
2026-05-05,DPz-ktdaHII,444,,
2026-05-05,DS_neiUmgrA,2716,,
2026-05-05,DY9enl751Hk,8877,,
2026-05-05,Dcu_IubxG8I,4931,,
2026-05-05,Df9q7HerAA4,4870,,
2026-05-05,DiLjnRqx0xo,3821,,
2026-05-05,DnXALAe3BtY,1595,,
2026-05-05,DohrPYUe11o,1525,,
2026-05-05,DouSkzKX7NE,6355,,
2026-05-05,Drqehd-O2ak,2703,,
2026-05-05,DxUH69hEi9k,449,,
2026-05-05,E6ac_QwimUk,3617,,
2026-05-05,EFc5_Nct8wE,4503,,
2026-05-05,EIKIx9Xpl7c,2715,,
2026-05-05,E_DqVHrHIxM,7707,,
2026-05-05,EckbfLRDGjE,1686,,
2026-05-05,EkKqSnrdG7U,2678,,
2026-05-05,Ezrw0VHCy7w,280,,
2026-05-05,F1hpeZ_T-ww,2697,,
2026-05-05,F5y8-ztKpCM,3757,,
2026-05-05,F8PMKa1dz9g,730,,
2026-05-05,FAIITnGT4wo,4728,,
2026-05-05,FAfQTG-v0Cs,3194,,
2026-05-05,FEqKnaBExZU,9211,,
2026-05-05,FG5G2G-XjhE,14195,,
2026-05-05,FIEy7T-kMmQ,1905,,
2026-05-05,FKbiHBctwwA,3814,,
2026-05-05,FNVB3Ndlrw8,428,,
2026-05-05,FSFC8O9LxRU,2448,,
2026-05-05,FYtl1LolxwQ,9640,,
2026-05-05,Fa8jGX5mvj4,3079,,
2026-05-05,FfCJfpHXt8c,4020,,
2026-05-05,FgTt2XD_ryA,13344,,
2026-05-05,FkK2Rp5xEIc,10798,,
2026-05-05,FlGf6zZGtkk,5190,,
2026-05-05,FlbiS6qn6oE,2730,,
2026-05-05,Fs8L9V90RDk,7650,,
2026-05-05,FsemZttxTN8,5223,,
2026-05-05,G2COlj5SS54,7773,,
2026-05-05,G76WtaecxB4,1168,,
2026-05-05,G9YcpN4TAZw,5058,,
2026-05-05,GEZg76Swgc8,425,,
2026-05-05,GJRAN3_x8U4,3560,,
2026-05-05,GTD7cyckPnA,269,,
2026-05-05,GYD-rQNG-rI,8831,,
2026-05-05,Gdybpz4wjgY,331,,
2026-05-05,GgtIBQCZxkQ,5194,,
2026-05-05,Gjf4AsYGwU8,10811,,
2026-05-05,GqAXRVF_edY,4075,,
2026-05-05,GqRwtWVepYw,8415,,
2026-05-05,GqWbo7Uo8Ec,5580,,
2026-05-05,Gs03wWJ6vFc,906,,
2026-05-05,Gx6Z5Aj875s,6435,,
2026-05-05,H-jiaEptrx0,4292,,
2026-05-05,H3JH96ZJWzM,784,,
2026-05-05,H5yOaNKxZ-4,20026,,
2026-05-05,H97Ldv1IXtw,17466,,
2026-05-05,HBhaj0_Zm34,4321,,
2026-05-05,HDN25GTdn40,3851,,
2026-05-05,HRQ4Ibbkkco,2264,,
2026-05-05,HUbRq3GR8SI,4979,,
2026-05-05,HbNx1HcTEk4,21718,,
2026-05-05,HlwfZ6atyLw,1872,,
2026-05-05,Hsv6dNsEO40,10620,,
2026-05-05,HvQpYQlLGzg,3757,,
2026-05-05,Hwi-jokx7aI,2673,,
2026-05-05,I-S-0EO3-FA,2827,,
2026-05-05,I1sccj6fjQs,3641,,
2026-05-05,I3T6O4ez75M,4051,,
2026-05-05,I66Prbdjcn0,3426,,
2026-05-05,I70TmekxAXE,2641,,
2026-05-05,IAdR2JdoGr8,9839,,
2026-05-05,IB_3oFDAULc,11218,,
2026-05-05,IE6oyFF67A0,15037,,
2026-05-05,IEIg6U_krbY,9440,,
2026-05-05,IF966yryyqY,262,,
2026-05-05,IH591H86iFQ,7030,,
2026-05-05,IHsdTOEuG4g,8387,,
2026-05-05,IJdPXXMpYPk,806,,
2026-05-05,IKIrneFKwJY,621,,
2026-05-05,IQ3zeRLgnt4,3335,,
2026-05-05,IQQViyty9zM,1993,,
2026-05-05,ISKY2Bgz_c0,1223,,
2026-05-05,IXOacyfD7V4,12806,,
2026-05-05,IrGSyH2wlK0,1591,,
2026-05-05,IuZyLH50TMQ,22451,,
2026-05-05,Ix6NRPPJhd8,1174,,
2026-05-05,J-aiAO8-Czk,12814,,
2026-05-05,J1tRJRX44zc,2050,,
2026-05-05,JH6X6472Gdk,3386,,
2026-05-05,JNuRoWbolfs,6280,,
2026-05-05,Jep6zVwriOA,6974,,
2026-05-05,Jl2XOwlw5Z4,5038,,
2026-05-05,JpfqYvUYNr8,2205,,
2026-05-05,Ju3_gwctpM8,16303,,
2026-05-05,Jyn59AgDf6o,7061,,
2026-05-05,JzsEVr4W5ng,10938,,
2026-05-05,K1YD12TDxwo,1703,,
2026-05-05,K2T8Cd4-ba8,699,,
2026-05-05,K4YFVRGWGEY,2824,,
2026-05-05,K8o_u0_iFJU,7496,,
2026-05-05,K9Asd1xasRc,786,,
2026-05-05,KEnYv8bMxXM,38110,,
2026-05-05,KLTqQaG2asM,4369,,
2026-05-05,KMTemVbHKS4,3428,,
2026-05-05,KNT1a6LakZI,4439,,
2026-05-05,KNwEQXDv5XM,7975,,
2026-05-05,KOF8EQ_YcOU,11881,,
2026-05-05,KOedI8Dr__Y,4455,,
2026-05-05,KTnAV2qb5CY,7676,,
2026-05-05,KVaKaf9FX5I,8330,,
2026-05-05,KXoxeoaSwOA,4216,,
2026-05-05,KiOKGmcOb_g,10100,,
2026-05-05,KlnSnb7YFEY,2669,,
2026-05-05,Kn5RCzQ9ufc,3704,,
2026-05-05,KqZv27fFQlQ,134044,,
2026-05-05,KrjMNWiU52A,16649,,
2026-05-05,KtjAJuKUbDM,15195,,
2026-05-05,L0KEJ_zq0Ak,9985,,
2026-05-05,L5c4VvuaU7w,17737,,
2026-05-05,LD8rxn2RFNE,4312,,
2026-05-05,LMbdAdrLzXg,4259,,
2026-05-05,LMryIj-gt9A,2049,,
2026-05-05,LNWGlnt3wF4,18755,,
2026-05-05,LRySNa5Y0No,5582,,
2026-05-05,LSGYVCqNEjc,4226,,
2026-05-05,LXW_Z8rp3bU,2222,,
2026-05-05,L_mpuGgHhfE,4512,,
2026-05-05,LadLiCQaAwQ,5158,,
2026-05-05,Lbrq5ramx-A,4530,,
2026-05-05,LdYe9MF1QMs,1933,,
2026-05-05,Li2lFki33xM,9143,,
2026-05-05,Lk6JhpGO69M,9485,,
2026-05-05,LmDOOPuqYG8,7422,,
2026-05-05,LpqnF4FROjg,362,,
2026-05-05,Lswdyl9nZtE,9450,,
2026-05-05,M61DCig7ZJY,6047,,
2026-05-05,MA41DUCQWfw,2525,,
2026-05-05,MM879hqJf1U,17232,,
2026-05-05,MOmBOx1LEJU,17757,,
2026-05-05,MRxgJpEyabo,4954,,
2026-05-05,MVWyRSiH4uQ,2581,,
2026-05-05,MWkhT5GG75k,6821,,
2026-05-05,MhZ5AKwboh0,9649,,
2026-05-05,MsxCeW9nTb0,3348,,
2026-05-05,Mtqdsr2BC_A,5573,,
2026-05-05,MvMstvlNNzQ,402,,
2026-05-05,MxDzq8aLzTo,789,,
2026-05-05,N0_ptJC7W48,3762,,
2026-05-05,N54m3zy-uzk,3430,,
2026-05-05,N6qK7AUqn54,10410,,
2026-05-05,N9CZswDtnCA,3256,,
2026-05-05,NELsP8DaEa8,9417,,
2026-05-05,NHGisiXq7eg,7698,,
2026-05-05,NJelRHbyeWw,7350,,
2026-05-05,NRlM9dhgPTg,4344,,
2026-05-05,NWOjsRjPomI,2683,,
2026-05-05,NX-1jJ1PuxY,7657,,
2026-05-05,Nc1nItUxpQQ,8131,,
2026-05-05,Nh7jDVmtg0I,1448,,
2026-05-05,Nhb3_wu7Ddk,13160,,
2026-05-05,NvFqtHcCCXs,3498,,
2026-05-05,Nz2xOcIryF4,8691,,
2026-05-05,O14qr6DPo4Q,6387,,
2026-05-05,O1awyI-zPJs,14399,,
2026-05-05,OD8Jm9Yk0WY,21042,,
2026-05-05,OH7Rlrq71To,33568,,
2026-05-05,OHt_00p2dmY,5660,,
2026-05-05,OLPoLPMdW_g,2119,,
2026-05-05,OVHP92ag6d4,4120,,
2026-05-05,OYxpHMuv29k,8764,,
2026-05-05,O_7ZySSl0mk,4092,,
2026-05-05,OcgJZnE1a6o,770,,
2026-05-05,Ocp1_PPM4sI,22896,,
2026-05-05,OddgScxecfA,6887,,
2026-05-05,Om4MsEtTrnw,1448,,
2026-05-05,OsN0NNVuu7o,19010,,
2026-05-05,Ou7NGOVJ8Pc,3197,,
2026-05-05,OwK8r2uyqHU,6592,,
2026-05-05,P5dvh5HrHaE,7228,,
2026-05-05,P6a8zyHf7YY,947,,
2026-05-05,P7i-qgVG7c4,1753,,
2026-05-05,PLFNoideC9s,11428,,
2026-05-05,PM4DofLA2g0,730,,
2026-05-05,PUTrIDHNxQs,2361,,
2026-05-05,PdO8UebbbSA,1659,,
2026-05-05,PgvLUj9yWDQ,681,,
2026-05-05,Pk77G5OfECU,5038,,
2026-05-05,PkjXvpbR1q8,8976,,
2026-05-05,PmY9rmZK_oM,1766,,
2026-05-05,Pt8zI30MFm8,6834,,
2026-05-05,PtL2ZgPSF5o,14051,,
2026-05-05,Pwf2T_cntdg,20407,,
2026-05-05,PxyjUIyE5YI,15172,,
2026-05-05,Q-dHeMod7T0,7258,,
2026-05-05,Q1zf4SC-AvQ,2813,,
2026-05-05,QLdp2ZNFM_s,5293,,
2026-05-05,QQh0twun7tg,45188,,
2026-05-05,QUNzVqhLUBw,2630,,
2026-05-05,QVi7Ze1DEz4,5532,,
2026-05-05,QY2ox96a1zA,5855,,
2026-05-05,QeCKLvz2tIM,5652,,
2026-05-05,QhRPaWYjWYc,3908,,
2026-05-05,Qrag4Jg-veo,3852,,
2026-05-05,R1S8PFUsVWg,5372,,
2026-05-05,R4hO35nd_OI,6280,,
2026-05-05,R6Ukz91VIAY,1185,,
2026-05-05,R7utAmGPE_M,631,,
2026-05-05,RO6gVW9tdbY,1592,,
2026-05-05,ROV6ce9dkfI,4148,,
2026-05-05,RUy1hElRuUQ,4923,,
2026-05-05,RVWlgBZt6h8,4987,,
2026-05-05,RXEipSzDgtc,21851,,
2026-05-05,Rb2-RE864YY,10530,,
2026-05-05,RdvRwihvUUM,3925,,
2026-05-05,RgeVF0tu6ng,897,,
2026-05-05,RhUoPPchFBU,485,,
2026-05-05,RrVaJ5z_3mU,2943,,
2026-05-05,Rs5p0EuuTDw,9748,,
2026-05-05,Ry8PCL00Sjc,2005,,
2026-05-05,RyckAyrt7xQ,28964,,
2026-05-05,S0W7nQ2q3Kg,7237,,
2026-05-05,SB5QPpcWDXk,8490,,
2026-05-05,SCwP-bR498o,2531,,
2026-05-05,SGOEY0I_FQA,33186,,
2026-05-05,SHzg-IgnKuI,25241,,
2026-05-05,SKEcZIJKPzc,3420,,
2026-05-05,SOXoRwvxcv0,10453,,
2026-05-05,SQdrkq_hBzE,1853,,
2026-05-05,SW7PfbETFx8,2794,,
2026-05-05,SWoYNH7OMZI,1078,,
2026-05-05,SeWXiEIm9oI,1653,,
2026-05-05,Sf25ENrbQGM,996,,
2026-05-05,ShJ_j2paClA,8999,,
2026-05-05,ShkacKGq5Vk,5305,,
2026-05-05,SkukxahhmRo,6775,,
2026-05-05,Sl5Fl_vOthI,3055,,
2026-05-05,Sl5sYEh_UoU,6125,,
2026-05-05,SoVnrdQ7b_s,4270,,
2026-05-05,Sq3rkK6GhuE,245,,
2026-05-05,St5jhqEeasY,4531,,
2026-05-05,T2tuMBwhuKc,6877,,
2026-05-05,TDOWMduvE1o,3082,,
2026-05-05,TEqu2JH5dYc,889,,
2026-05-05,TMvgKj-2Z9k,1009,,
2026-05-05,TP7VDtErEvY,5369,,
2026-05-05,TS9rxa7-CXg,7073,,
2026-05-05,TV3fWx4rQh0,2280,,
2026-05-05,TWUoFcCtDhA,6481,,
2026-05-05,TXAe5nqafRY,1504,,
2026-05-05,T_jQIJSkjGo,7176,,
2026-05-05,TaY5NrLNABM,1328,,
2026-05-05,Tb4JB3eFPXw,5129,,
2026-05-05,Te57wukDp8g,4551,,
2026-05-05,TgJqTy_mCR4,6960,,
2026-05-05,Tj9CJM4ti2w,1719,,
2026-05-05,TqAy1jbJ9w8,8299,,
2026-05-05,TtCijTAgvPc,5010,,
2026-05-05,TvvDTvo-L74,7558,,
2026-05-05,TwfHRcdWHRg,4108,,
2026-05-05,U4zBHwf2MTw,1699,,
2026-05-05,U9sNqbVd1L8,3720,,
2026-05-05,UCaZFYzYm9k,6403,,
2026-05-05,UHGfFw-ZT98,3750,,
2026-05-05,UJOAvX_FD7o,249,,
2026-05-05,UKzsE2t00Jw,410,,
2026-05-05,UOOBf83nIco,36320,,
2026-05-05,UQIBN4D_qIs,2652,,
2026-05-05,UUUH5xnM-Mc,5905,,
2026-05-05,UVdc7kYPJEs,1058,,
2026-05-05,UZ3583GSSOo,3918,,
2026-05-05,UhuJQBAZv84,10149,,
2026-05-05,UiD0-skn904,810,,
2026-05-05,Ulotto-Re6w,4360,,
2026-05-05,UqLF2eIaDxg,7768,,
2026-05-05,UxyCkiufJyg,3152,,
2026-05-05,V1jmHGrVs_k,8583,,
2026-05-05,V2d8qoEGyEU,231,,
2026-05-05,V3IHs2DwX0U,694,,
2026-05-05,V3nsGV2yOV8,2276,,
2026-05-05,V50CUypS7UM,2926,,
2026-05-05,V6AOpDTpCO4,4912,,
2026-05-05,V6Lm17-mfxA,4371,,
2026-05-05,V6d2Dc1l7BA,7145,,
2026-05-05,VKJLsmW95wc,3702,,
2026-05-05,VKMMVQtaDrM,11307,,
2026-05-05,VLJJ9zvdj2Y,4956,,
2026-05-05,VTOl1gAKo44,3155,,
2026-05-05,VTszds8Y7rU,7939,,
2026-05-05,Vb5gSRAHXCA,3860,,
2026-05-05,VlgtaUj_dho,4017,,
2026-05-05,VoU-7YGmoo0,1849,,
2026-05-05,VvVtNiE0bjA,3948,,
2026-05-05,VwTMGmXxghU,18461,,
2026-05-05,W3I8gwLv0Ro,2853,,
2026-05-05,W6U3fBgQoVg,1970,,
2026-05-05,WD7EzA2sbnI,2090,,
2026-05-05,WIP6ZDjQmww,9440,,
2026-05-05,WKMTSCW51fI,5200,,
2026-05-05,WNFEf_ZwNFw,433,,
2026-05-05,WNhZUBZ8tUc,43344,,
2026-05-05,WUchEyRFIxw,3498,,
2026-05-05,WWIB8ZW1i6w,2890,,
2026-05-05,WYGsRorORyI,16054,,
2026-05-05,WjgW6u9Tde8,2005,,
2026-05-05,Wu4lafiHjh0,7247,,
2026-05-05,WvVMuiXrqcI,7339,,
2026-05-05,X22UHszz5Dg,4414,,
2026-05-05,X5L0LaarTLg,10376,,
2026-05-05,XAQ_GYsV52A,9951,,
2026-05-05,XEqxbZoaqUw,5138,,
2026-05-05,XIhM9oLObuU,2476,,
2026-05-05,XVwO4OvjwI4,2387,,
2026-05-05,XWSWCP3TBrc,2805,,
2026-05-05,Xm4ScqSNV10,4418,,
2026-05-05,XsCgtUDrxck,2142,,
2026-05-05,Y66yYblAsq8,1840,,
2026-05-05,Y7Rm_Bmu-K0,36849,,
2026-05-05,Y8YjZOGrhJI,3812,,
2026-05-05,YA85ddRTnus,4920,,
2026-05-05,YA_LFvsyLoU,2239,,
2026-05-05,YBMZINlORaw,5864,,
2026-05-05,YDlHWsYd23o,4283,,
2026-05-05,YDmxUb_oNLI,2732,,
2026-05-05,YFjQz7FijWM,14964,,
2026-05-05,YOe2PL-1gT0,671,,
2026-05-05,YXqYOapYqYc,7529,,
2026-05-05,Y_mkJt3oY_k,3512,,
2026-05-05,YiKIKU-5KpY,0,,
2026-05-05,YpCAi9ofhjs,4303,,
2026-05-05,YpMxtemC5y8,4762,,
2026-05-05,YqZzdPYfnso,3583,,
2026-05-05,Ytbx-7bzEGc,4256,,
2026-05-05,Z-s3rXFeosc,6538,,
2026-05-05,Z12fVM_cnaI,10371,,
2026-05-05,Z2njQkTQDKY,5146,,
2026-05-05,Z9Jjrb6xQeo,3518,,
2026-05-05,ZA_G9BP9HLY,484,,
2026-05-05,ZE2dghmFE8Y,22362,,
2026-05-05,ZE3jHXXiSBY,9039,,
2026-05-05,ZE9ENcHPRr8,23787,,
2026-05-05,ZG72S1_wBC0,4916,,
2026-05-05,ZY_oCjE95Ss,393,,
2026-05-05,ZZBZkqJqvu8,10847,,
2026-05-05,Z_REKs508KY,6519,,
2026-05-05,ZaksbmqvxNM,8097,,
2026-05-05,ZcdQLCEyjjU,8450,,
2026-05-05,ZfQ7oKzL-Pw,12324,,
2026-05-05,ZgN1aMmXELI,4724,,
2026-05-05,Zq-NFi8kxlo,47968,,
2026-05-05,ZrqtNoiNSdw,4706,,
2026-05-05,ZsIml_y5qU4,145,,
2026-05-05,ZtUTR0E7VPY,44807,,
2026-05-05,ZvUISEnjqbQ,5273,,
2026-05-05,ZzYTRvOWH1I,4351,,
2026-05-05,_3MWGJ7MUTA,2783,,
2026-05-05,_8p1UyvwmhI,3775,,
2026-05-05,_9BI3P-OH84,1712,,
2026-05-05,_ALc4VJkpjA,10384,,
2026-05-05,_BvUrcl5tls,3137,,
2026-05-05,_EZK5vA1EX0,5044,,
2026-05-05,_FzLqe9KziY,2473,,
2026-05-05,_Jlf2Q0xGZ8,5679,,
2026-05-05,_LzDM8xt_dA,7710,,
2026-05-05,_NHlgOF-WU0,405,,
2026-05-05,_OsQEaApgwY,2508,,
2026-05-05,_UWA2fCxRHI,3693,,
2026-05-05,_auL36M33Aw,2566,,
2026-05-05,_eLkGBx1XiE,1053,,
2026-05-05,_fcTS5NosDs,1559,,
2026-05-05,_r9bm8JLsKc,3260,,
2026-05-05,_wWswU9t8HU,212,,
2026-05-05,_xEjpsA_iVg,2016,,
2026-05-05,_zVLb3rpe5I,6039,,
2026-05-05,_zuQYhMwTgs,5404,,
2026-05-05,a2L6AbyANjw,13128,,
2026-05-05,a2n31BGGWFI,4068,,
2026-05-05,a65XoIF7K7Y,7774,,
2026-05-05,a6qWlOZtG3E,2127,,
2026-05-05,a8g5MvFPwxo,5985,,
2026-05-05,aD-WkrzMJrk,2277,,
2026-05-05,aDDnbn7KVls,12346,,
2026-05-05,aIcW25HaFsI,5026,,
2026-05-05,aMG8tqZ6bW0,2869,,
2026-05-05,aOOR5vp4Kl0,3589,,
2026-05-05,aQF7qqm1iHE,2377,,
2026-05-05,aYgFb-fiwxA,11589,,
2026-05-05,acvpoQwncqI,3006,,
2026-05-05,ad5pxORFPfk,2440,,
2026-05-05,adsB3sGIcVQ,5581,,
2026-05-05,afLeJEbZs2k,6367,,
2026-05-05,ahyTF-4Agkg,980,,
2026-05-05,akC-r5hlDkc,2126,,
2026-05-05,aoh738yJBRA,6304,,
2026-05-05,aqbo0yu_l6g,15672,,
2026-05-05,ar-bXQYvUhs,2410,,
2026-05-05,ath0o3oOJCs,6256,,
2026-05-05,b4fNiXZPqRQ,10004,,
2026-05-05,bHJfRtPpY6E,1642,,
2026-05-05,bHuv7kKqe-A,8165,,
2026-05-05,bJHikj8skz4,2955,,
2026-05-05,bQaZqs74i2Y,5243,,
2026-05-05,bT7qGpnOpo4,4712,,
2026-05-05,b_Obp5cBRZk,5487,,
2026-05-05,bi3ZAQbw8EI,1860,,
2026-05-05,bqTNuZQOziA,9930,,
2026-05-05,bqf0zywB-Wo,11638,,
2026-05-05,c2ket6Qczzw,1465,,
2026-05-05,c3rRnSi93Lw,8679,,
2026-05-05,c6WqvHRlRkc,4306,,
2026-05-05,c9CotszUwYQ,2343,,
2026-05-05,cFn-fD2GmYU,2525,,
2026-05-05,cJwXjAKA0-k,5138,,
2026-05-05,cR199eKHJ4k,341,,
2026-05-05,cWyP2mrcwdM,754,,
2026-05-05,cevjHgZRbrg,290,,
2026-05-05,cfGpIvLPcPw,4909,,
2026-05-05,cga1y52KSCk,2943,,
2026-05-05,cjpnhsKzs1Q,2797,,
2026-05-05,coqZMUFd2C0,35000,,
2026-05-05,cpd3lbm5tL8,3507,,
2026-05-05,cqPVe0nQ1A0,5129,,
2026-05-05,cuZsMnQlDQU,13389,,
2026-05-05,d-msiY5zz5A,3072,,
2026-05-05,d-zJskCnHpI,3059,,
2026-05-05,d09nbbfOIA8,5065,,
2026-05-05,dA0DwmLmQ9s,5673,,
2026-05-05,dFH36q7iWiU,241,,
2026-05-05,dHJbG72Itp8,15208,,
2026-05-05,dIqUY3R2_3A,7887,,
2026-05-05,dSmFHbtrZ7g,17328,,
2026-05-05,dURDUSYCm68,15093,,
2026-05-05,dWatNWKO9uk,3511,,
2026-05-05,de7gpeHMS1Q,381,,
2026-05-05,dgkZoy66esM,5267,,
2026-05-05,dijHVnTV0aM,6062,,
2026-05-05,dl3KzRCU-aQ,6512,,
2026-05-05,dlABqtYhbMk,6017,,
2026-05-05,dmbvfKzFSLo,2987,,
2026-05-05,dn-xSg_FT0A,17036,,
2026-05-05,dnI29M9CE44,3804,,
2026-05-05,dnUUMRDbasE,1864,,
2026-05-05,dp7vq7hweXs,1908,,
2026-05-05,dtdf5AeXwB8,418,,
2026-05-05,dtoZraGBx54,14918,,
2026-05-05,dv-40oFi5ak,6230,,
2026-05-05,dx9Qe_629yE,8636,,
2026-05-05,e061vqWD0lQ,999,,
2026-05-05,e6iHP-UMZnk,5220,,
2026-05-05,e83i1spluHo,6349,,
2026-05-05,eGnLjzejgI4,2968,,
2026-05-05,eK7uM-EeLIk,7630,,
2026-05-05,eLcRSVAncfc,1333,,
2026-05-05,eLhCLA0Jndo,2198,,
2026-05-05,eM2S4pWeczs,145145,,
2026-05-05,eOxOgo6VNzQ,3550,,
2026-05-05,eUkmg5xOC7c,2278,,
2026-05-05,eYY-goMG0N0,4253,,
2026-05-05,ebpANnTL0zw,12942,,
2026-05-05,ecutxRcKQ6I,6383,,
2026-05-05,enR1CfAS5zo,2039,,
2026-05-05,ensnUIxTUHE,13914,,
2026-05-05,eokbRB_Y2CU,4184,,
2026-05-05,er-8YWX70rk,11748,,
2026-05-05,etbk0Z69oDs,807,,
2026-05-05,eu92DDq5snw,5509,,
2026-05-05,eymQ0rXs7d8,6137,,
2026-05-05,f-aH0vpaoyo,9801,,
2026-05-05,f1eFQJocAow,6935,,
2026-05-05,f7yvLMqdMJo,4095,,
2026-05-05,f8fN8Uqbb8s,6040,,
2026-05-05,fFdiFTfeCwE,6108,,
2026-05-05,fFgFYRumrDU,10905,,
2026-05-05,fG1-74pj6A4,15669,,
2026-05-05,fHYBRGdrXo0,1945,,
2026-05-05,fIo8SE2ky98,2953,,
2026-05-05,fKvvShsdaWU,18652,,
2026-05-05,fMmn4SMuSdE,4612,,
2026-05-05,fQwyeIriRx8,8216,,
2026-05-05,fZ7RRiEw54E,6241,,
2026-05-05,fbZea8wkoe8,9646,,
2026-05-05,ff5ZGdHsgIA,1091,,
2026-05-05,fg72xV_ZX8g,782,,
2026-05-05,fj2SC2FA324,2003,,
2026-05-05,flJTAxtk67w,11025,,
2026-05-05,flbyvShpL18,4881,,
2026-05-05,fsI10W24Ya8,7939,,
2026-05-05,gAPX20Ja0zk,2627,,
2026-05-05,gENAeokhMHI,3956,,
2026-05-05,gK1VHYEXt_0,223,,
2026-05-05,gNEGNjVWO0Q,2822,,
2026-05-05,gVj7YvOUjfc,1029,,
2026-05-05,gWdtuyZNxeQ,10978,,
2026-05-05,gXT5p-IBNMg,6000,,
2026-05-05,goQs8La8e94,28198,,
2026-05-05,gpKioDijRD4,1518,,
2026-05-05,gtGmlmLZ3Ps,1206,,
2026-05-05,gy_rDsWx8_4,4882,,
2026-05-05,h1qNF-YaHX8,4811,,
2026-05-05,hBhD4lpfrvw,4125,,
2026-05-05,hBqhV23fZnE,3887,,
2026-05-05,hD4BjVn9YXw,4403,,
2026-05-05,hRgIER_2tZg,1184,,
2026-05-05,hSuSN9-UZUY,14707,,
2026-05-05,hUQqvZGsp6A,3426,,
2026-05-05,hVMJN3o6-5g,10671,,
2026-05-05,hX5lVJXMurI,6272,,
2026-05-05,h_v3GcIgbvM,18800,,
2026-05-05,hhwrtf3g0yY,4626,,
2026-05-05,hnnt5l96vVE,3490,,
2026-05-05,hrA_TspDTyM,2717,,
2026-05-05,hsiq1QlJqCs,36822,,
2026-05-05,htuK8cgwC-E,2568,,
2026-05-05,hwX4Jil8AFY,2216,,
2026-05-05,hy7L_a8J9z4,6012,,
2026-05-05,hyisCTgnS0g,805,,
2026-05-05,i4tThjQW98w,1476,,
2026-05-05,i5Ufb0FYkDM,2830,,
2026-05-05,i6kooD4epJ0,9222,,
2026-05-05,iCV7kvzQ_bA,18679,,
2026-05-05,iCrYuW2ixu8,2152,,
2026-05-05,iEHsfr9bvpg,11558,,
2026-05-05,iFu9J3h8RBY,8005,,
2026-05-05,iHt3VLuizj4,3611,,
2026-05-05,iKMz8ICRe8I,20064,,
2026-05-05,iNIxuEi7V54,2210,,
2026-05-05,iRyAJEXB_hE,3138,,
2026-05-05,iYHt1pdScK0,199483,,
2026-05-05,i_bfUG57Je8,10539,,
2026-05-05,ipf-y1PaGBg,3665,,
2026-05-05,iuZ57o6ph1A,2400,,
2026-05-05,ixG3RWG-Xdw,10390,,
2026-05-05,j3BrzaBGJqY,3105,,
2026-05-05,j50kYrWuR6U,1318,,
2026-05-05,j9lMyW5Emo0,7226,,
2026-05-05,jBZnliX8R7M,5253,,
2026-05-05,jCGuQ1T3kUE,10938,,
2026-05-05,jQiLi6ev9zM,4883,,
2026-05-05,jTEvYjhQKTM,3483,,
2026-05-05,jV8i3ErC3MA,10194,,
2026-05-05,jdAA_65-h0E,16579,,
2026-05-05,jfEMLlPzKEU,7800,,
2026-05-05,jgfWTFUl_58,1411,,
2026-05-05,jh22fly0d-k,5166,,
2026-05-05,jlV4MmBxgPI,13049,,
2026-05-05,jrnfWiLWFJw,380,,
2026-05-05,k1SjNJaOJcA,6936,,
2026-05-05,k3yhL30Kpnw,1605,,
2026-05-05,k4GBTLOy9aE,10964,,
2026-05-05,k73d1z4sXCE,2481,,
2026-05-05,kCTe19NTny4,2071,,
2026-05-05,kCcXFPN8bK0,2683,,
2026-05-05,kETEBzJrtSA,7261,,
2026-05-05,kFWumpkL5yI,3236,,
2026-05-05,kO5VQOB3sxI,6229,,
2026-05-05,kSbp6GNfK7Y,4391,,
2026-05-05,kUDZK_9QPtA,13918,,
2026-05-05,kYmLSudfROM,5598,,
2026-05-05,kb2G7jcB3Ls,4264,,
2026-05-05,keYeekasjI8,19512,,
2026-05-05,kjl_jo_1HTg,2439,,
2026-05-05,ko82nHa36U4,8468,,
2026-05-05,kpcxQ1XCrq8,252,,
2026-05-05,kr9WECLcJWU,3691,,
2026-05-05,ktZgSqvfl8o,449,,
2026-05-05,kuoLAhyeaJQ,3779,,
2026-05-05,kzApFdb-KEs,776,,
2026-05-05,kzQhIJnlTsI,94777,,
2026-05-05,l4OOeF2yo9Y,3757,,
2026-05-05,lADjNtrJtIo,3074,,
2026-05-05,lCTSpZlGMb4,3616,,
2026-05-05,lN4Nv7R4sBI,10181,,
2026-05-05,lOciy5N92Lg,1560,,
2026-05-05,lOomWUxwNlQ,4371,,
2026-05-05,lSkunEYX5Go,1719,,
2026-05-05,lTCDfNnY4u8,5665,,
2026-05-05,lZj5qfUurLw,3975,,
2026-05-05,lZm2ZwjEy38,2954,,
2026-05-05,lgNWcFP2Ltg,12099,,
2026-05-05,lr1GJQXbj4c,1942,,
2026-05-05,lvOd4uyJkFE,30477,,
2026-05-05,lvtS_HSjXUA,10261,,
2026-05-05,m1gcxwLGPos,5623,,
2026-05-05,m6233lu5J9Q,11420,,
2026-05-05,m9q3qhKxbk4,2443,,
2026-05-05,mDDcQa5yCfI,20470,,
2026-05-05,mHE2XXExu7Q,1247,,
2026-05-05,mHSNcvaQ8YU,1016,,
2026-05-05,mM4k2pf-l9E,6001,,
2026-05-05,mNKdQ1YwHPc,2863,,
2026-05-05,m_vvvpnOHfw,406,,
2026-05-05,mhXS2cpJlRo,1942,,
2026-05-05,mkJ-QgvLtyk,12081,,
2026-05-05,mnu4iJG72y8,5450,,
2026-05-05,n5WXv528CII,17636,,
2026-05-05,n93OGgP941o,2333,,
2026-05-05,n9XvIj6hOjc,2126,,
2026-05-05,nDLFzy9hIow,9622,,
2026-05-05,nF0VXXPcAh4,3009,,
2026-05-05,nMQCA_C9zoQ,100763,,
2026-05-05,nPV7ftm2WSg,2168,,
2026-05-05,nRTuARH-N9A,639,,
2026-05-05,nZ-Yf21ufww,9358,,
2026-05-05,n_8ek8wvHc8,5464,,
2026-05-05,nbqcaybmEe8,11547,,
2026-05-05,neQ91eM5hw4,21034,,
2026-05-05,nuEwWBGiQ4c,3815,,
2026-05-05,nwbp-b7PO4g,7172,,
2026-05-05,nxJqaJgDQIE,4274,,
2026-05-05,nyHN_s3QpkY,6939,,
2026-05-05,o0dULDtKQ-8,9905,,
2026-05-05,o4tmiD22BLI,18198,,
2026-05-05,oCAyG5S7cIw,10258,,
2026-05-05,oDeAAnpEEXU,1899,,
2026-05-05,oKTvQ7d9gYw,26796,,
2026-05-05,oPCHIAxcTHw,36923,,
2026-05-05,oRXt4EmUmKk,4214,,
2026-05-05,oUdstwXRu2c,2756,,
2026-05-05,oZh7YlRGlqA,5071,,
2026-05-05,oZjiL501lAY,1412,,
2026-05-05,o_FRQ02nigQ,5524,,
2026-05-05,ofwkfFci1iI,3326,,
2026-05-05,ol2a1T0BgrM,4360,,
2026-05-05,ol_M2L_mjBI,2592,,
2026-05-05,onlJoxwtQec,1360,,
2026-05-05,oo0K4ydn4rw,5937,,
2026-05-05,p-Ig77st4KY,4162,,
2026-05-05,p23Rm9i_EIg,6277,,
2026-05-05,p6uuiKju1Gc,4273,,
2026-05-05,p8GqOFBpR5w,4688,,
2026-05-05,p8ZK2nre57U,3750,,
2026-05-05,pC_lpEworvo,1018,,
2026-05-05,pGUjxBQqY5E,3942,,
2026-05-05,pKvwesJ8-t0,8713,,
2026-05-05,pRB23hC8dZY,3108,,
2026-05-05,pTqxjQV_PYU,8073,,
2026-05-05,pUPzkqLt5WM,4548,,
2026-05-05,pWY2T3MqfCw,3427,,
2026-05-05,pdIXWsxp0_g,3738,,
2026-05-05,pj41DZonKFU,4861,,
2026-05-05,pms2oKZcuqo,3400,,
2026-05-05,ptv9GRoEKs0,3677,,
2026-05-05,pyuB406DLuo,11281,,
2026-05-05,pzLWWa96_lE,5830,,
2026-05-05,q4mgxHWrmLM,6363,,
2026-05-05,q52xE5uCNT0,11478,,
2026-05-05,qIxGLqP2ZBA,3282,,
2026-05-05,qJ6pJMN4eiA,2632,,
2026-05-05,qMz0UbGJq4Y,6644,,
2026-05-05,qZi9yeRBf94,3732,,
2026-05-05,q_TknmNwvqA,5927,,
2026-05-05,qabDQ1ebZbQ,5815,,
2026-05-05,qbXC7hLKuGM,260,,
2026-05-05,qd6gmV0qrrk,14170,,
2026-05-05,qiI-rwVGiYQ,1958,,
2026-05-05,qkMCHJ28vsI,2278,,
2026-05-05,qmcbY6Sr_mw,2924,,
2026-05-05,qqQxwunPfLo,5144,,
2026-05-05,qzy12XbaJQ4,1497,,
2026-05-05,r0ZddKvFa9w,7578,,
2026-05-05,r3P6BU0gEVU,7390,,
2026-05-05,r4YE2Zghgbc,2813,,
2026-05-05,rAxPIoC8bB4,12400,,
2026-05-05,rJ6YCE4gWS0,1627,,
2026-05-05,rJeHPb9VWP4,2337,,
2026-05-05,rLZUcW0DBTM,9732,,
2026-05-05,rLfvnvBj8Ls,4427,,
2026-05-05,rR2A9ezT_gg,16213,,
2026-05-05,rULrrI9GfWU,1315,,
2026-05-05,rV23IXWdDOY,16973,,
2026-05-05,rVEh3PGiggk,372,,
2026-05-05,r_lWb2SpHO4,10216,,
2026-05-05,rckZ2uBOGYs,4247,,
2026-05-05,rixzhpBKdfg,2549,,
2026-05-05,rlnx986Qxkc,12597,,
2026-05-05,rojYn7h_-U4,2220,,
2026-05-05,rqcOPT_Dg7A,6981,,
2026-05-05,ruxKM1qX0Dc,11196,,
2026-05-05,rzIPT2DPtvA,5563,,
2026-05-05,s2GjWfPbh9I,1939,,
2026-05-05,sHQg97i_Hp0,155,,
2026-05-05,sO1rprIWDas,4234,,
2026-05-05,sQH3xPVic6Y,3863,,
2026-05-05,sVwAWTxKDJ0,7740,,
2026-05-05,sXRGp_ttFI4,7003,,
2026-05-05,sZhgf8PQ5gc,8534,,
2026-05-05,scIFhQSvvlE,2711,,
2026-05-05,scM9aI9kTus,4848,,
2026-05-05,skABNIsQ3fA,12291,,
2026-05-05,smATVd6dk-k,13822,,
2026-05-05,sqx6twZgR-k,3864,,
2026-05-05,ssIA_N2u50Y,7137,,
2026-05-05,syPu5HdMT4k,1016,,
2026-05-05,t01TItG_UAQ,591,,
2026-05-05,t1UIIjuMirY,8754,,
2026-05-05,t1kj63890o8,3437,,
2026-05-05,t3G_N5DO6us,6130,,
2026-05-05,t4gVVdxtNWE,8576,,
2026-05-05,tGsk0H21JgE,2124,,
2026-05-05,t_RBOUZAqGw,4431,,
2026-05-05,tcomjtcMjLE,1105,,
2026-05-05,tdc-zfxIlEY,31616,,
2026-05-05,tiDCtcHjdQU,7003,,
2026-05-05,trS0kTq6Tk8,1648,,
2026-05-05,txSX7-1XQOE,2636,,
2026-05-05,tyRJESdSDm4,14479,,
2026-05-05,tz7n--I4rDU,1474,,
2026-05-05,u00LAYagwGo,4447,,
2026-05-05,u4e1ijV4iRQ,5228,,
2026-05-05,u7xKzLuKt5I,17608,,
2026-05-05,uXbngiOXOD0,10183,,
2026-05-05,ub9JNL8EhJ4,1463,,
2026-05-05,uk5ADKNqHoc,1425,,
2026-05-05,ul9Sw7brukY,1546,,
2026-05-05,umNEJg2sj50,962,,
2026-05-05,un8Mt5f-mUE,10516,,
2026-05-05,usRrwR8CUb8,8780,,
2026-05-05,uxxwN68AJHE,5408,,
2026-05-05,v-ylvHTi_Mc,3339,,
2026-05-05,v0kp6W42yf4,2891,,
2026-05-05,v1J7bERLirA,3206,,
2026-05-05,v9INdKeBJEI,41030,,
2026-05-05,vDzWHTMsp_Y,1720,,
2026-05-05,vHvpM9nSO3Q,4024,,
2026-05-05,vIAhcX4SppA,3169,,
2026-05-05,vKYW7MTBAFg,9983,,
2026-05-05,vM5V9hoDKnQ,8865,,
2026-05-05,vQI78T3g4Gg,6035,,
2026-05-05,vUEmbLAxZ0Y,1099,,
2026-05-05,vWTTG9XlMoY,12919,,
2026-05-05,v_JJzLJ0eRw,4731,,
2026-05-05,vmSPrsKC8i8,47903,,
2026-05-05,vqsoh8y6xa8,5413,,
2026-05-05,vuvK_DUcqCk,7518,,
2026-05-05,vy88MX2ss_g,7224,,
2026-05-05,vyg196YvsgE,1018,,
2026-05-05,w3HciqK70s4,1634,,
2026-05-05,w68xGF_YIgU,24491,,
2026-05-05,w6b2AkddE8Y,2632,,
2026-05-05,w9kpcvkWngA,6503,,
2026-05-05,wBWXzI7uJYo,3664,,
2026-05-05,wGDSdaXZj00,44343,,
2026-05-05,wHcblaGXua8,9822,,
2026-05-05,wLB8pR4uME0,2670,,
2026-05-05,wSEMUoR4FS4,1492,,
2026-05-05,wSnq-Unha34,128263,,
2026-05-05,wX47G7oi_Z4,1958,,
2026-05-05,wg1R2_G_LEc,5899,,
2026-05-05,wnahjxPk5rk,2286,,
2026-05-05,wpHm4ARAChc,20172,,
2026-05-05,wpWCpGTZE2A,1881,,
2026-05-05,wuZgRtutoHQ,8133,,
2026-05-05,wutJAXwvMqo,8893,,
2026-05-05,wwtaQ_PNx1M,2946,,
2026-05-05,wxWz6zDC2wo,1467,,
2026-05-05,wzSn1b5XXtk,1860,,
2026-05-05,x3gjYoDR5tA,2621,,
2026-05-05,x5fPiJUOMk0,3850,,
2026-05-05,xMbY5fkmK0A,3488,,
2026-05-05,xQKEy65zAso,64003,,
2026-05-05,xTpYdSgeWPc,1178,,
2026-05-05,xZIOdejjTlg,2665,,
2026-05-05,x_KffjhARa0,2786,,
2026-05-05,xe6w3VmUf5I,5995,,
2026-05-05,xs2J2KW1q8Q,8381,,
2026-05-05,xvdkNKQAbJ8,1813,,
2026-05-05,xwLoo8ThKHI,856,,
2026-05-05,xxC2s5JBYZM,332,,
2026-05-05,xya7ZlFJ-x8,2256,,
2026-05-05,y3rXMXG_UF8,3588,,
2026-05-05,y4Yqheg9DuY,15090,,
2026-05-05,y6T5kX1L0aw,1626,,
2026-05-05,y76fsYJCAO0,1626,,
2026-05-05,y8mTWAs2PPw,3159,,
2026-05-05,yF9W5KZ4lfs,6490,,
2026-05-05,yGc4NnBE6nY,4873,,
2026-05-05,yKCrM_XkKaY,15121,,
2026-05-05,yKIM1UxtbpU,2005,,
2026-05-05,yPh9jEw5_Lw,2774,,
2026-05-05,ySg8CEjxwwo,5762,,
2026-05-05,yUQ4NYv_io0,3292,,
2026-05-05,yXWhKEoL3QU,3940,,
2026-05-05,yeBCQurwTAM,3810,,
2026-05-05,yo-Wdxc6ng0,3488,,
2026-05-05,yrJ1mvA6eIM,9924,,
2026-05-05,yrcwoFLtS5Y,7306,,
2026-05-05,ytt9pEb78FA,4947,,
2026-05-05,z-n_vz4gFRw,13940,,
2026-05-05,z0A-aCcVXSA,3059,,
2026-05-05,z2SU31i7Uo4,9061,,
2026-05-05,z8MJYHsQh5c,16173,,
2026-05-05,zCk1p-hPBCs,156,,
2026-05-05,zDtacZ_qT0Y,11817,,
2026-05-05,zI6L_SkYqkU,1230,,
2026-05-05,zLgpLCYCbyA,2510,,
2026-05-05,zSvZdF7CBjU,6159,,
2026-05-05,zVMIZRDSvCc,1737,,
2026-05-05,zceKtRTdgSo,11920,,
2026-05-05,zjYgzIlRmOk,6958,,
2026-05-05,zksWnpcM05I,4122,,
2026-05-05,zpX-Xs1a9MY,3116,,
2026-05-05,zrRTPvOBEnU,2812,,
2026-05-05,zsRQcswYx8w,2806,,
2026-05-05,zsYZHcSRvB8,25093,,
2026-05-05,zsaXdCEuYsY,2246,,
2026-05-05,zufjmNpcSlg,1605,,
2026-05-05,zvjhIylspTc,10107,,
2026-05-05,zxwGfKCo6as,4753,,
2026-05-05,zyY2aRVZMp4,1251,,
2026-05-05,zzWIE6Sg_E0,22002,,
2026-05-06,-Fkj0aK2dO8,5295,,
2026-05-06,3A0Gwb7nmw8,2238,,
2026-05-06,5b4RSDrkc8I,4355,,
2026-05-06,7sRKccOoPbY,8491,,
2026-05-06,Ati51CQqpKY,5303,,
2026-05-06,ClAz_Etby1k,3440,,
2026-05-06,KNwEQXDv5XM,7984,,
2026-05-06,MOmBOx1LEJU,18188,,
2026-05-06,N9CZswDtnCA,3260,,
2026-05-06,Nhb3_wu7Ddk,13176,,
2026-05-06,PmY9rmZK_oM,1771,,
2026-05-06,QQh0twun7tg,45228,,
2026-05-06,SoVnrdQ7b_s,4290,,
2026-05-06,U9sNqbVd1L8,3741,,
2026-05-06,UxyCkiufJyg,3163,,
2026-05-06,WUchEyRFIxw,3516,,
2026-05-06,_ALc4VJkpjA,10447,,
2026-05-06,dA0DwmLmQ9s,5687,,
2026-05-06,eokbRB_Y2CU,4189,,
2026-05-06,f1eFQJocAow,6956,,
2026-05-06,p-Ig77st4KY,4857,,
2026-05-06,pTqxjQV_PYU,8090,,
2026-05-06,pj41DZonKFU,4870,,
2026-05-06,xZIOdejjTlg,2670,,
2026-05-06,yeBCQurwTAM,3813,,
2026-05-07,-Fkj0aK2dO8,5298,,
2026-05-07,3A0Gwb7nmw8,2261,,
2026-05-07,5b4RSDrkc8I,4361,,
2026-05-07,7sRKccOoPbY,8499,,
2026-05-07,Ati51CQqpKY,5310,,
2026-05-07,ClAz_Etby1k,3440,,
2026-05-07,KNwEQXDv5XM,7998,,
2026-05-07,MOmBOx1LEJU,18500,,
2026-05-07,N9CZswDtnCA,3266,,
2026-05-07,Nhb3_wu7Ddk,13189,,
2026-05-07,PmY9rmZK_oM,1780,,
2026-05-07,QQh0twun7tg,45256,,
2026-05-07,SoVnrdQ7b_s,4343,,
2026-05-07,U9sNqbVd1L8,3760,,
2026-05-07,UVkQsLv7n2s,839,,
2026-05-07,UxyCkiufJyg,3165,,
2026-05-07,WUchEyRFIxw,3526,,
2026-05-07,_ALc4VJkpjA,10507,,
2026-05-07,dA0DwmLmQ9s,5705,,
2026-05-07,eokbRB_Y2CU,4191,,
2026-05-07,f1eFQJocAow,6971,,
2026-05-07,p-Ig77st4KY,5153,,
2026-05-07,pTqxjQV_PYU,8103,,
2026-05-07,pj41DZonKFU,4883,,
2026-05-07,xZIOdejjTlg,2676,,
2026-05-07,yeBCQurwTAM,3816,,
2026-05-08,-Fkj0aK2dO8,5302,,
2026-05-08,3A0Gwb7nmw8,2286,,
2026-05-08,5b4RSDrkc8I,4367,,
2026-05-08,7sRKccOoPbY,8503,,
2026-05-08,Ati51CQqpKY,5317,,
2026-05-08,ClAz_Etby1k,3442,,
2026-05-08,KNwEQXDv5XM,8013,,
2026-05-08,MOmBOx1LEJU,18818,,
2026-05-08,N9CZswDtnCA,3272,,
2026-05-08,Nhb3_wu7Ddk,13196,,
2026-05-08,PmY9rmZK_oM,1789,,
2026-05-08,QQh0twun7tg,45278,,
2026-05-08,SoVnrdQ7b_s,4377,,
2026-05-08,U9sNqbVd1L8,3780,,
2026-05-08,UVkQsLv7n2s,1347,,
2026-05-08,UxyCkiufJyg,3172,,
2026-05-08,WUchEyRFIxw,3533,,
2026-05-08,_ALc4VJkpjA,10554,,
2026-05-08,cMFi9XkhDDQ,2524,,
2026-05-08,dA0DwmLmQ9s,5710,,
2026-05-08,eokbRB_Y2CU,4197,,
2026-05-08,f1eFQJocAow,6987,,
2026-05-08,p-Ig77st4KY,5338,,
2026-05-08,pTqxjQV_PYU,8114,,
2026-05-08,pj41DZonKFU,4896,,
2026-05-08,xZIOdejjTlg,2681,,
2026-05-08,yeBCQurwTAM,3818,,
2026-05-11,-Fkj0aK2dO8,5341,,
2026-05-11,3A0Gwb7nmw8,2355,,
2026-05-11,5b4RSDrkc8I,4380,,
2026-05-11,Ati51CQqpKY,5349,,
2026-05-11,ClAz_Etby1k,3452,,
2026-05-11,KNwEQXDv5XM,8032,,
2026-05-11,Kh_0ICA5cfg,2132,,
2026-05-11,MOmBOx1LEJU,19614,,
2026-05-11,N9CZswDtnCA,3277,,
2026-05-11,Nhb3_wu7Ddk,13219,,
2026-05-11,PmY9rmZK_oM,1799,,
2026-05-11,QQh0twun7tg,45376,,
2026-05-11,SoVnrdQ7b_s,4436,,
2026-05-11,U9sNqbVd1L8,3828,,
2026-05-11,UVkQsLv7n2s,1720,,
2026-05-11,UxyCkiufJyg,3193,,
2026-05-11,WUchEyRFIxw,3560,,
2026-05-11,_ALc4VJkpjA,10675,,
2026-05-11,dA0DwmLmQ9s,5748,,
2026-05-11,eokbRB_Y2CU,4204,,
2026-05-11,f1eFQJocAow,7025,,
2026-05-11,p-Ig77st4KY,5761,,
2026-05-11,pTqxjQV_PYU,8158,,
2026-05-11,pj41DZonKFU,4931,,
2026-05-11,svTgRSTyypU,28815,,
2026-05-11,xZIOdejjTlg,2691,,
2026-05-11,yeBCQurwTAM,3829,,
2026-05-13,--eCZ5KJphU,1927,,
2026-05-13,-27X7n7IstM,6275,,
2026-05-13,-3dLSMzi38k,5009,,
2026-05-13,-FJcDEQ2CB0,13994,,
2026-05-13,-Fkj0aK2dO8,5367,,
2026-05-13,-GYR8m5pqkI,10535,,
2026-05-13,-SxNX1_ipZ0,4443,,
2026-05-13,-WID9zHoKhE,370,,
2026-05-13,-pXsceBZ-uI,1940,,
2026-05-13,01F_B8RaurQ,364,,
2026-05-13,0A3d0lovA9c,2795,,
2026-05-13,0BvJ_8VSpAQ,19796,,
2026-05-13,0JFuxpSFiLo,20413,,
2026-05-13,0Mur3o4gJn4,5836,,
2026-05-13,0U0-9stDv2w,6758,,
2026-05-13,0YdWcjA5acg,8132,,
2026-05-13,0_I4PHJ-miw,21495,,
2026-05-13,0dqRFbgCuVg,6352,,
2026-05-13,0irTZK6Z_YI,980,,
2026-05-13,0jvB7_mRdVk,1515,,
2026-05-13,0luCN1MyFX8,10793,,
2026-05-13,0nv1NY1lx_E,5235,,
2026-05-13,0t_oTJZ6Irs,6632,,
2026-05-13,13jLs1WwfTY,4701,,
2026-05-13,14FLm6zvvlM,3268,,
2026-05-13,1APEiSZz2zM,316,,
2026-05-13,1M5hO5Iz4hQ,11345,,
2026-05-13,1WejSH57PSA,555,,
2026-05-13,1_CE104JHi8,4450,,
2026-05-13,1fn9RPaSFvM,4121,,
2026-05-13,1gAj8idUtrk,12856,,
2026-05-13,1k6Bzkiw48o,10567,,
2026-05-13,1qYWYaGdxt4,1412,,
2026-05-13,1uRRhugMzlE,4274,,
2026-05-13,1vJB1yOPOf0,7351,,
2026-05-13,1yK9VWnQpx4,21330,,
2026-05-13,24Ib0j0xDxE,15748,,
2026-05-13,2CnmP8lvGE4,6209,,
2026-05-13,2JqFe4tSOyk,9230,,
2026-05-13,2OdJHlmdu3A,3437,,
2026-05-13,2WaFFWc3lno,6137,,
2026-05-13,2bY_4Ut49J8,4080,,
2026-05-13,2l0-duQwSfI,5210,,
2026-05-13,2lZK2lUb6ew,10478,,
2026-05-13,2qLT-wnFaP0,7762,,
2026-05-13,2qZb4PtGQUg,3188,,
2026-05-13,2qron8l5-WA,2864,,
2026-05-13,2vAcCPS9-YE,3119,,
2026-05-13,3A0Gwb7nmw8,2404,,
2026-05-13,3BNqAqRukts,17083,,
2026-05-13,3Cm_qVj04z0,338,,
2026-05-13,3DNRCakknE0,4689,,
2026-05-13,3HUs08W6-8o,15565,,
2026-05-13,3KJwgGv_hq0,4011,,
2026-05-13,3Nh8y-oesJ0,7817,,
2026-05-13,3gPoLb5rT70,16855,,
2026-05-13,3iUH-OYuGIo,235,,
2026-05-13,3jZh-NYS564,6674,,
2026-05-13,3nGph8PX2-Q,3489,,
2026-05-13,3xtwXWyEfhk,1796,,
2026-05-13,49KORRES2ks,2312,,
2026-05-13,4Q1Xe92xmwI,9219,,
2026-05-13,4VN65sXHXSU,5737,,
2026-05-13,4WHM_GRby90,5729,,
2026-05-13,4aUWIhJE2n4,3612,,
2026-05-13,4b4THjNuDW0,602,,
2026-05-13,4n-UnjzY3B0,252,,
2026-05-13,4qtFClwSzc8,1464,,
2026-05-13,4r4Fv5i5zCI,7125,,
2026-05-13,4tli9Q4KZ3w,3035,,
2026-05-13,4vHxpaifn9w,25075,,
2026-05-13,4zfnW56TcvY,2993,,
2026-05-13,5I2-cQ7oa10,3572,,
2026-05-13,5MHf5WPH1v4,4240,,
2026-05-13,5R6l50LDlV4,3532,,
2026-05-13,5b4RSDrkc8I,4402,,
2026-05-13,5kFO9eUjRPk,12930,,
2026-05-13,5sVEspUzpGY,3766,,
2026-05-13,5t3KYPZKUe4,10657,,
2026-05-13,615ClJ5oqkw,1215,,
2026-05-13,62v6RgdBly0,2384,,
2026-05-13,69_RI4iZxuQ,6503,,
2026-05-13,6BegJIenaBE,9648,,
2026-05-13,6Bmjis1ofzE,6127,,
2026-05-13,6SV0Lm47pvY,2443,,
2026-05-13,6TcR8BFdyJM,2889,,
2026-05-13,6VUBa5NSLU8,950,,
2026-05-13,6Xmd08nL2G4,4645,,
2026-05-13,6d8jMrgjDuE,3220,,
2026-05-13,6iCAxQUz4aQ,5624,,
2026-05-13,6l3bIPltt3A,6623,,
2026-05-13,6ob9UwPviJA,4932,,
2026-05-13,6tcSoXsMs9c,5895,,
2026-05-13,6vhfb7LUUYc,3568,,
2026-05-13,6zLWdLXiJC8,13555,,
2026-05-13,73a6CtNTac4,9877,,
2026-05-13,7BXf6nTyiCQ,3869,,
2026-05-13,7BkLmVdcaJw,6198,,
2026-05-13,7EgU3ReHrIc,1255,,
2026-05-13,7FZrM9iMsCM,6326,,
2026-05-13,7IZ5eCJ3Vqc,2413,,
2026-05-13,7NZvpCqH7eA,2774,,
2026-05-13,7NbPwroPQ80,3043,,
2026-05-13,7Odyxk-S9f0,52665,,
2026-05-13,7PSt_Gouh6g,2802,,
2026-05-13,7cpCkvLwQsI,2078,,
2026-05-13,7dlhZLngdvM,8763,,
2026-05-13,7m_UlzkGLlA,32879,,
2026-05-13,7tKbMZqzLks,2839,,
2026-05-13,7ufObjxCBKI,13112,,
2026-05-13,7wuBlcFsfvc,4388,,
2026-05-13,7zHiFWEJfZY,8383,,
2026-05-13,87Vb6sa1KcY,1456,,
2026-05-13,8OPlCKgcSO8,6273,,
2026-05-13,8T1Pe58GJpw,4284,,
2026-05-13,8UOwBfCgZn8,1053,,
2026-05-13,8UWpsEyQwCU,3961,,
2026-05-13,8_fxIwJi8eI,12066,,
2026-05-13,8fwEHUkKTFc,1226,,
2026-05-13,8hbiWsIlhQ0,1282,,
2026-05-13,8pRl03u-hjI,7357,,
2026-05-13,8r9S_xIzqLk,4047,,
2026-05-13,8tmQ6wySUSI,4498,,
2026-05-13,900BOlBTFNg,35549,,
2026-05-13,99bQhxWPWuo,9013,,
2026-05-13,9BmwbWSPXwY,4716,,
2026-05-13,9Fhr7gYQPBM,1437,,
2026-05-13,9O3XYd0F6VI,10992,,
2026-05-13,9Ot1RhssfL0,766,,
2026-05-13,9TvuNO-fnXM,15991,,
2026-05-13,9_6yRxY8iiY,9824,,
2026-05-13,9cZh_IuGMyM,369,,
2026-05-13,9dFDeUNHViY,9228,,
2026-05-13,9gFQ9rFMKEA,38107,,
2026-05-13,9h2v-rVmwEA,8585,,
2026-05-13,9hOkPAYmpPM,6587,,
2026-05-13,9hgzA60ZGZg,5383,,
2026-05-13,9rVcXaVHCXw,2598,,
2026-05-13,9wgzzLCatp8,853,,
2026-05-13,9yg2AIYdu6E,1724,,
2026-05-13,A4wr-iI2hJU,19647,,
2026-05-13,A5ojgoN39Lc,6233,,
2026-05-13,A9RXB8YTc6Y,12200,,
2026-05-13,ADwtKtLtE8Q,1977,,
2026-05-13,AKDQisHl8Ek,3858,,
2026-05-13,AKJRVoJu_Q4,7331,,
2026-05-13,ANYrzwn5h_M,4667,,
2026-05-13,AO1WNfgIgiE,8552,,
2026-05-13,ASSnCNI-KlM,1257,,
2026-05-13,AU7Z9h1x1Ys,694,,
2026-05-13,AUG114ir5eQ,1231,,
2026-05-13,AUxR3aTc3ng,1488,,
2026-05-13,AaCd4amsV0U,2017,,
2026-05-13,Ac6AOC9yxJE,4303,,
2026-05-13,AcR00ZHbVKU,7428,,
2026-05-13,AgcnylfczPE,10341,,
2026-05-13,AmYVHRf2Aq8,8605,,
2026-05-13,Ao4VRNX_h4A,11439,,
2026-05-13,Aq3emUbqTbA,802,,
2026-05-13,Ati51CQqpKY,5375,,
2026-05-13,B0IPEMdrCRA,3015,,
2026-05-13,B5xTJMahaK4,2528,,
2026-05-13,B9FbWxNdJPY,18524,,
2026-05-13,B9zmRMY6ISI,2654,,
2026-05-13,BNze82M59-E,6919,,
2026-05-13,BSum-2t0a28,4625,,
2026-05-13,B_OF2TYLnQw,6307,,
2026-05-13,B_rcAwySccg,3487,,
2026-05-13,BdCpg8-TlGg,3457,,
2026-05-13,BfLT1TlZInE,19766,,
2026-05-13,BfjZU1zyiOc,1882,,
2026-05-13,BkAhos9qrLQ,2124,,
2026-05-13,BsWIaYs09vc,5683,,
2026-05-13,BskXYIlyNzA,5972,,
2026-05-13,C5ETgNOq1gQ,13969,,
2026-05-13,C5Rh96Gz8yg,6917,,
2026-05-13,C9AMwVwgVPo,2967,,
2026-05-13,C9FJCiew0s8,4040,,
2026-05-13,CD6KcQMdzfc,2823,,
2026-05-13,CEF9v_JMVe8,7093,,
2026-05-13,CJkJWnPzguM,20393,,
2026-05-13,CKAGWlmyXbA,8875,,
2026-05-13,CMh4ttABaiE,1212,,
2026-05-13,CSTFP0gKnd8,5245,,
2026-05-13,CUpAWj1wVbU,23927,,
2026-05-13,CVFIzDp5iio,11095,,
2026-05-13,CYn4JoQTD1I,666,,
2026-05-13,CYvruxt8Ocw,5181,,
2026-05-13,CgzCQr9ilsw,386,,
2026-05-13,ChKL1KyjlZ4,5147,,
2026-05-13,CkghB9G4vOo,213,,
2026-05-13,ClAz_Etby1k,3462,,
2026-05-13,Cpa04rQyl18,7192,,
2026-05-13,CufCJMTTKHk,1619,,
2026-05-13,Cy2qJ0Win1I,4246,,
2026-05-13,D-dgFUvl7YA,7692,,
2026-05-13,D4p6nv2t2FA,245,,
2026-05-13,D50nmITTLp8,1804,,
2026-05-13,DAuagmdRSOE,10576,,
2026-05-13,DBkInEbzPk0,2672,,
2026-05-13,DDd5prelU6A,8589,,
2026-05-13,DDiDtP-uOqU,2274,,
2026-05-13,DI-Oxm-J0W0,5480,,
2026-05-13,DIv0FHIZiko,3470,,
2026-05-13,DNsUjaDT3AQ,4072,,
2026-05-13,DPEZ-FtI4UI,8167,,
2026-05-13,DPz-ktdaHII,444,,
2026-05-13,DS_neiUmgrA,2716,,
2026-05-13,DY9enl751Hk,8892,,
2026-05-13,Dcu_IubxG8I,4933,,
2026-05-13,Df9q7HerAA4,4877,,
2026-05-13,DiLjnRqx0xo,3826,,
2026-05-13,DnXALAe3BtY,1595,,
2026-05-13,DohrPYUe11o,1526,,
2026-05-13,DouSkzKX7NE,6363,,
2026-05-13,Drqehd-O2ak,2928,,
2026-05-13,DxUH69hEi9k,449,,
2026-05-13,E6ac_QwimUk,3622,,
2026-05-13,EFc5_Nct8wE,4505,,
2026-05-13,EIKIx9Xpl7c,2716,,
2026-05-13,E_DqVHrHIxM,7720,,
2026-05-13,EckbfLRDGjE,1686,,
2026-05-13,EkKqSnrdG7U,2678,,
2026-05-13,Ezrw0VHCy7w,280,,
2026-05-13,F1hpeZ_T-ww,2698,,
2026-05-13,F5y8-ztKpCM,3763,,
2026-05-13,F8PMKa1dz9g,731,,
2026-05-13,FAIITnGT4wo,4744,,
2026-05-13,FAfQTG-v0Cs,3196,,
2026-05-13,FEqKnaBExZU,9226,,
2026-05-13,FG5G2G-XjhE,14228,,
2026-05-13,FIEy7T-kMmQ,1905,,
2026-05-13,FKbiHBctwwA,3819,,
2026-05-13,FNVB3Ndlrw8,428,,
2026-05-13,FSFC8O9LxRU,2456,,
2026-05-13,FYtl1LolxwQ,9680,,
2026-05-13,Fa8jGX5mvj4,3082,,
2026-05-13,FfCJfpHXt8c,4020,,
2026-05-13,FgTt2XD_ryA,13374,,
2026-05-13,FkK2Rp5xEIc,10822,,
2026-05-13,FlGf6zZGtkk,5198,,
2026-05-13,FlbiS6qn6oE,2730,,
2026-05-13,Fs8L9V90RDk,7662,,
2026-05-13,FsemZttxTN8,5254,,
2026-05-13,G2COlj5SS54,7790,,
2026-05-13,G76WtaecxB4,1171,,
2026-05-13,G9YcpN4TAZw,5071,,
2026-05-13,GEZg76Swgc8,425,,
2026-05-13,GJRAN3_x8U4,3560,,
2026-05-13,GTD7cyckPnA,270,,
2026-05-13,GYD-rQNG-rI,8838,,
2026-05-13,Gdybpz4wjgY,331,,
2026-05-13,GgtIBQCZxkQ,5202,,
2026-05-13,Gjf4AsYGwU8,10850,,
2026-05-13,GqAXRVF_edY,4080,,
2026-05-13,GqRwtWVepYw,8461,,
2026-05-13,GqWbo7Uo8Ec,5604,,
2026-05-13,Gs03wWJ6vFc,907,,
2026-05-13,Gx6Z5Aj875s,6452,,
2026-05-13,H-jiaEptrx0,4294,,
2026-05-13,H3JH96ZJWzM,784,,
2026-05-13,H5yOaNKxZ-4,20110,,
2026-05-13,H97Ldv1IXtw,17510,,
2026-05-13,HBhaj0_Zm34,4337,,
2026-05-13,HDN25GTdn40,3856,,
2026-05-13,HRQ4Ibbkkco,2264,,
2026-05-13,HUbRq3GR8SI,4982,,
2026-05-13,HbNx1HcTEk4,21730,,
2026-05-13,HlwfZ6atyLw,1873,,
2026-05-13,Hsv6dNsEO40,10646,,
2026-05-13,HvQpYQlLGzg,3759,,
2026-05-13,Hwi-jokx7aI,2676,,
2026-05-13,I-S-0EO3-FA,2833,,
2026-05-13,I1sccj6fjQs,3648,,
2026-05-13,I3T6O4ez75M,4053,,
2026-05-13,I66Prbdjcn0,3431,,
2026-05-13,I70TmekxAXE,2641,,
2026-05-13,IAdR2JdoGr8,9882,,
2026-05-13,IB_3oFDAULc,11235,,
2026-05-13,IE6oyFF67A0,15068,,
2026-05-13,IEIg6U_krbY,9463,,
2026-05-13,IF966yryyqY,262,,
2026-05-13,IH591H86iFQ,7040,,
2026-05-13,IHsdTOEuG4g,8408,,
2026-05-13,IJdPXXMpYPk,806,,
2026-05-13,IKIrneFKwJY,621,,
2026-05-13,IQ3zeRLgnt4,3335,,
2026-05-13,IQQViyty9zM,1999,,
2026-05-13,ISKY2Bgz_c0,1223,,
2026-05-13,IXOacyfD7V4,12853,,
2026-05-13,IrGSyH2wlK0,1592,,
2026-05-13,IuZyLH50TMQ,22510,,
2026-05-13,Ix6NRPPJhd8,1175,,
2026-05-13,J-aiAO8-Czk,12832,,
2026-05-13,J1tRJRX44zc,2050,,
2026-05-13,JH6X6472Gdk,3389,,
2026-05-13,JNuRoWbolfs,6290,,
2026-05-13,Jep6zVwriOA,6976,,
2026-05-13,Jl2XOwlw5Z4,5095,,
2026-05-13,JpfqYvUYNr8,2205,,
2026-05-13,Ju3_gwctpM8,16318,,
2026-05-13,Jyn59AgDf6o,7069,,
2026-05-13,JzsEVr4W5ng,10969,,
2026-05-13,K1YD12TDxwo,1703,,
2026-05-13,K2T8Cd4-ba8,699,,
2026-05-13,K4YFVRGWGEY,2826,,
2026-05-13,K8o_u0_iFJU,7523,,
2026-05-13,K9Asd1xasRc,786,,
2026-05-13,KEnYv8bMxXM,38173,,
2026-05-13,KLTqQaG2asM,4370,,
2026-05-13,KMTemVbHKS4,3428,,
2026-05-13,KNT1a6LakZI,4439,,
2026-05-13,KNwEQXDv5XM,8050,,
2026-05-13,KOF8EQ_YcOU,11888,,
2026-05-13,KOedI8Dr__Y,4461,,
2026-05-13,KTnAV2qb5CY,7691,,
2026-05-13,KVaKaf9FX5I,8332,,
2026-05-13,KXoxeoaSwOA,4230,,
2026-05-13,Kh_0ICA5cfg,4481,,
2026-05-13,KiOKGmcOb_g,10119,,
2026-05-13,KlnSnb7YFEY,2670,,
2026-05-13,Kn5RCzQ9ufc,3705,,
2026-05-13,KqZv27fFQlQ,134530,,
2026-05-13,KrjMNWiU52A,16676,,
2026-05-13,KtjAJuKUbDM,15236,,
2026-05-13,L0KEJ_zq0Ak,10082,,
2026-05-13,L5c4VvuaU7w,17779,,
2026-05-13,LD8rxn2RFNE,4325,,
2026-05-13,LMbdAdrLzXg,4259,,
2026-05-13,LMryIj-gt9A,2050,,
2026-05-13,LNWGlnt3wF4,18836,,
2026-05-13,LRySNa5Y0No,5587,,
2026-05-13,LSGYVCqNEjc,4233,,
2026-05-13,LXW_Z8rp3bU,2222,,
2026-05-13,L_mpuGgHhfE,4532,,
2026-05-13,LadLiCQaAwQ,5170,,
2026-05-13,Lbrq5ramx-A,4531,,
2026-05-13,LdYe9MF1QMs,1933,,
2026-05-13,Li2lFki33xM,9152,,
2026-05-13,Lk6JhpGO69M,9514,,
2026-05-13,LmDOOPuqYG8,7444,,
2026-05-13,LpqnF4FROjg,362,,
2026-05-13,Lswdyl9nZtE,9462,,
2026-05-13,M61DCig7ZJY,6056,,
2026-05-13,MA41DUCQWfw,2526,,
2026-05-13,MM879hqJf1U,17271,,
2026-05-13,MOmBOx1LEJU,20362,,
2026-05-13,MRxgJpEyabo,4956,,
2026-05-13,MVWyRSiH4uQ,2584,,
2026-05-13,MWkhT5GG75k,6822,,
2026-05-13,MhZ5AKwboh0,9680,,
2026-05-13,MsxCeW9nTb0,3349,,
2026-05-13,Mtqdsr2BC_A,5575,,
2026-05-13,MvMstvlNNzQ,402,,
2026-05-13,MxDzq8aLzTo,789,,
2026-05-13,N0_ptJC7W48,3763,,
2026-05-13,N54m3zy-uzk,3430,,
2026-05-13,N6qK7AUqn54,10434,,
2026-05-13,N9CZswDtnCA,3297,,
2026-05-13,NELsP8DaEa8,9440,,
2026-05-13,NHGisiXq7eg,7711,,
2026-05-13,NJelRHbyeWw,7371,,
2026-05-13,NRlM9dhgPTg,4344,,
2026-05-13,NWOjsRjPomI,2689,,
2026-05-13,NX-1jJ1PuxY,7679,,
2026-05-13,Nc1nItUxpQQ,8136,,
2026-05-13,Nh7jDVmtg0I,1449,,
2026-05-13,NvFqtHcCCXs,3503,,
2026-05-13,Nz2xOcIryF4,8717,,
2026-05-13,O14qr6DPo4Q,6450,,
2026-05-13,O1awyI-zPJs,14451,,
2026-05-13,OD8Jm9Yk0WY,21094,,
2026-05-13,OH7Rlrq71To,33672,,
2026-05-13,OHt_00p2dmY,5669,,
2026-05-13,OLPoLPMdW_g,2120,,
2026-05-13,OVHP92ag6d4,4121,,
2026-05-13,OYxpHMuv29k,8771,,
2026-05-13,O_7ZySSl0mk,4093,,
2026-05-13,OcgJZnE1a6o,770,,
2026-05-13,Ocp1_PPM4sI,22966,,
2026-05-13,OddgScxecfA,6889,,
2026-05-13,Om4MsEtTrnw,1448,,
2026-05-13,OsN0NNVuu7o,19230,,
2026-05-13,Ou7NGOVJ8Pc,3197,,
2026-05-13,OwK8r2uyqHU,6621,,
2026-05-13,P5dvh5HrHaE,7283,,
2026-05-13,P6a8zyHf7YY,949,,
2026-05-13,P7i-qgVG7c4,1754,,
2026-05-13,PLFNoideC9s,11466,,
2026-05-13,PM4DofLA2g0,730,,
2026-05-13,PUTrIDHNxQs,2366,,
2026-05-13,PdO8UebbbSA,1659,,
2026-05-13,PgvLUj9yWDQ,682,,
2026-05-13,Pk77G5OfECU,5040,,
2026-05-13,PkjXvpbR1q8,9000,,
2026-05-13,PmY9rmZK_oM,1814,,
2026-05-13,Pt8zI30MFm8,6854,,
2026-05-13,PtL2ZgPSF5o,14082,,
2026-05-13,Pwf2T_cntdg,20449,,
2026-05-13,PxyjUIyE5YI,15223,,
2026-05-13,Q-dHeMod7T0,7267,,
2026-05-13,Q1zf4SC-AvQ,2817,,
2026-05-13,QLdp2ZNFM_s,5294,,
2026-05-13,QQh0twun7tg,45465,,
2026-05-13,QUNzVqhLUBw,2630,,
2026-05-13,QVi7Ze1DEz4,5542,,
2026-05-13,QY2ox96a1zA,5868,,
2026-05-13,QeCKLvz2tIM,5665,,
2026-05-13,QhRPaWYjWYc,3922,,
2026-05-13,Qrag4Jg-veo,3853,,
2026-05-13,R1S8PFUsVWg,5389,,
2026-05-13,R4hO35nd_OI,6295,,
2026-05-13,R6Ukz91VIAY,1185,,
2026-05-13,R7utAmGPE_M,631,,
2026-05-13,RO6gVW9tdbY,1592,,
2026-05-13,ROV6ce9dkfI,4155,,
2026-05-13,RUy1hElRuUQ,4941,,
2026-05-13,RVWlgBZt6h8,4989,,
2026-05-13,RXEipSzDgtc,21865,,
2026-05-13,Rb2-RE864YY,10543,,
2026-05-13,RdvRwihvUUM,3925,,
2026-05-13,RgeVF0tu6ng,897,,
2026-05-13,RhUoPPchFBU,485,,
2026-05-13,RrVaJ5z_3mU,2947,,
2026-05-13,Rs5p0EuuTDw,9754,,
2026-05-13,Ry8PCL00Sjc,2006,,
2026-05-13,RyckAyrt7xQ,29001,,
2026-05-13,S0W7nQ2q3Kg,7257,,
2026-05-13,SB5QPpcWDXk,8503,,
2026-05-13,SCwP-bR498o,2533,,
2026-05-13,SGOEY0I_FQA,33227,,
2026-05-13,SHzg-IgnKuI,25315,,
2026-05-13,SKEcZIJKPzc,3427,,
2026-05-13,SOXoRwvxcv0,10490,,
2026-05-13,SQdrkq_hBzE,1854,,
2026-05-13,SW7PfbETFx8,2794,,
2026-05-13,SWoYNH7OMZI,1079,,
2026-05-13,SeWXiEIm9oI,1653,,
2026-05-13,Sf25ENrbQGM,997,,
2026-05-13,ShJ_j2paClA,9024,,
2026-05-13,ShkacKGq5Vk,5313,,
2026-05-13,SkukxahhmRo,6785,,
2026-05-13,Sl5Fl_vOthI,3067,,
2026-05-13,Sl5sYEh_UoU,6135,,
2026-05-13,SoVnrdQ7b_s,4487,,
2026-05-13,Sq3rkK6GhuE,245,,
2026-05-13,St5jhqEeasY,4533,,
2026-05-13,T2tuMBwhuKc,6881,,
2026-05-13,TDOWMduvE1o,3082,,
2026-05-13,TEqu2JH5dYc,891,,
2026-05-13,TMvgKj-2Z9k,1009,,
2026-05-13,TP7VDtErEvY,5371,,
2026-05-13,TS9rxa7-CXg,7088,,
2026-05-13,TV3fWx4rQh0,2285,,
2026-05-13,TWUoFcCtDhA,6486,,
2026-05-13,TXAe5nqafRY,1505,,
2026-05-13,T_jQIJSkjGo,7184,,
2026-05-13,TaY5NrLNABM,1329,,
2026-05-13,Tb4JB3eFPXw,5162,,
2026-05-13,Te57wukDp8g,4554,,
2026-05-13,TgJqTy_mCR4,7009,,
2026-05-13,Tj9CJM4ti2w,1720,,
2026-05-13,TqAy1jbJ9w8,8305,,
2026-05-13,TtCijTAgvPc,5013,,
2026-05-13,TvvDTvo-L74,7606,,
2026-05-13,TwfHRcdWHRg,4114,,
2026-05-13,U4zBHwf2MTw,1699,,
2026-05-13,U9sNqbVd1L8,3858,,
2026-05-13,UCaZFYzYm9k,6411,,
2026-05-13,UHGfFw-ZT98,3759,,
2026-05-13,UJOAvX_FD7o,249,,
2026-05-13,UKzsE2t00Jw,410,,
2026-05-13,UOOBf83nIco,36398,,
2026-05-13,UQIBN4D_qIs,2654,,
2026-05-13,UUUH5xnM-Mc,5926,,
2026-05-13,UVdc7kYPJEs,1059,,
2026-05-13,UVkQsLv7n2s,1853,,
2026-05-13,UZ3583GSSOo,3926,,
2026-05-13,UhuJQBAZv84,10165,,
2026-05-13,UiD0-skn904,812,,
2026-05-13,Ulotto-Re6w,4360,,
2026-05-13,UqLF2eIaDxg,7775,,
2026-05-13,UxyCkiufJyg,3209,,
2026-05-13,V1jmHGrVs_k,8638,,
2026-05-13,V2d8qoEGyEU,231,,
2026-05-13,V3IHs2DwX0U,696,,
2026-05-13,V3nsGV2yOV8,2279,,
2026-05-13,V50CUypS7UM,2926,,
2026-05-13,V6AOpDTpCO4,4914,,
2026-05-13,V6Lm17-mfxA,4377,,
2026-05-13,V6d2Dc1l7BA,7145,,
2026-05-13,VKJLsmW95wc,3709,,
2026-05-13,VKMMVQtaDrM,11338,,
2026-05-13,VLJJ9zvdj2Y,4961,,
2026-05-13,VTOl1gAKo44,3159,,
2026-05-13,VTszds8Y7rU,7945,,
2026-05-13,Vb5gSRAHXCA,3860,,
2026-05-13,VlgtaUj_dho,4018,,
2026-05-13,VoU-7YGmoo0,1850,,
2026-05-13,VvVtNiE0bjA,3959,,
2026-05-13,VwTMGmXxghU,18513,,
2026-05-13,W3I8gwLv0Ro,2865,,
2026-05-13,W6U3fBgQoVg,1970,,
2026-05-13,WD7EzA2sbnI,2091,,
2026-05-13,WIP6ZDjQmww,9456,,
2026-05-13,WKMTSCW51fI,5200,,
2026-05-13,WNFEf_ZwNFw,434,,
2026-05-13,WNhZUBZ8tUc,43451,,
2026-05-13,WUchEyRFIxw,3576,,
2026-05-13,WWIB8ZW1i6w,2893,,
2026-05-13,WYGsRorORyI,16104,,
2026-05-13,WjgW6u9Tde8,2005,,
2026-05-13,Wu4lafiHjh0,7265,,
2026-05-13,WvVMuiXrqcI,7374,,
2026-05-13,X22UHszz5Dg,4415,,
2026-05-13,X5L0LaarTLg,10399,,
2026-05-13,XAQ_GYsV52A,9957,,
2026-05-13,XEqxbZoaqUw,5140,,
2026-05-13,XIhM9oLObuU,2479,,
2026-05-13,XVwO4OvjwI4,2393,,
2026-05-13,XWSWCP3TBrc,2809,,
2026-05-13,Xm4ScqSNV10,4418,,
2026-05-13,XsCgtUDrxck,2143,,
2026-05-13,Y66yYblAsq8,1845,,
2026-05-13,Y7Rm_Bmu-K0,36995,,
2026-05-13,Y8YjZOGrhJI,3838,,
2026-05-13,YA85ddRTnus,4934,,
2026-05-13,YA_LFvsyLoU,2243,,
2026-05-13,YBMZINlORaw,5870,,
2026-05-13,YDlHWsYd23o,4292,,
2026-05-13,YDmxUb_oNLI,2733,,
2026-05-13,YFjQz7FijWM,14984,,
2026-05-13,YOe2PL-1gT0,671,,
2026-05-13,YXqYOapYqYc,7548,,
2026-05-13,Y_mkJt3oY_k,3516,,
2026-05-13,YiKIKU-5KpY,0,,
2026-05-13,YpCAi9ofhjs,4307,,
2026-05-13,YpMxtemC5y8,4767,,
2026-05-13,YqZzdPYfnso,3587,,
2026-05-13,Ytbx-7bzEGc,4260,,
2026-05-13,Z-s3rXFeosc,6549,,
2026-05-13,Z12fVM_cnaI,10395,,
2026-05-13,Z2njQkTQDKY,5148,,
2026-05-13,Z9Jjrb6xQeo,3522,,
2026-05-13,ZA_G9BP9HLY,484,,
2026-05-13,ZE2dghmFE8Y,22379,,
2026-05-13,ZE3jHXXiSBY,9077,,
2026-05-13,ZE9ENcHPRr8,23847,,
2026-05-13,ZG72S1_wBC0,4920,,
2026-05-13,ZY_oCjE95Ss,393,,
2026-05-13,ZZBZkqJqvu8,10864,,
2026-05-13,Z_REKs508KY,6543,,
2026-05-13,ZaksbmqvxNM,8122,,
2026-05-13,ZcdQLCEyjjU,8463,,
2026-05-13,ZfQ7oKzL-Pw,12344,,
2026-05-13,ZgN1aMmXELI,4732,,
2026-05-13,Zq-NFi8kxlo,48068,,
2026-05-13,ZrqtNoiNSdw,4712,,
2026-05-13,ZsIml_y5qU4,145,,
2026-05-13,ZtUTR0E7VPY,44857,,
2026-05-13,ZvUISEnjqbQ,5277,,
2026-05-13,ZzYTRvOWH1I,4355,,
2026-05-13,_3MWGJ7MUTA,2789,,
2026-05-13,_8p1UyvwmhI,3786,,
2026-05-13,_9BI3P-OH84,1712,,
2026-05-13,_ALc4VJkpjA,10787,,
2026-05-13,_BvUrcl5tls,3138,,
2026-05-13,_EZK5vA1EX0,5059,,
2026-05-13,_FzLqe9KziY,2473,,
2026-05-13,_Jlf2Q0xGZ8,5695,,
2026-05-13,_LzDM8xt_dA,7723,,
2026-05-13,_NHlgOF-WU0,405,,
2026-05-13,_OsQEaApgwY,2510,,
2026-05-13,_UWA2fCxRHI,3698,,
2026-05-13,_auL36M33Aw,2574,,
2026-05-13,_eLkGBx1XiE,1053,,
2026-05-13,_fcTS5NosDs,1559,,
2026-05-13,_r9bm8JLsKc,3265,,
2026-05-13,_wWswU9t8HU,212,,
2026-05-13,_xEjpsA_iVg,2016,,
2026-05-13,_zVLb3rpe5I,6043,,
2026-05-13,_zuQYhMwTgs,5431,,
2026-05-13,a2L6AbyANjw,13141,,
2026-05-13,a2n31BGGWFI,4081,,
2026-05-13,a65XoIF7K7Y,7785,,
2026-05-13,a6qWlOZtG3E,2129,,
2026-05-13,a8g5MvFPwxo,6004,,
2026-05-13,aD-WkrzMJrk,2279,,
2026-05-13,aDDnbn7KVls,12402,,
2026-05-13,aIcW25HaFsI,5029,,
2026-05-13,aMG8tqZ6bW0,2872,,
2026-05-13,aOOR5vp4Kl0,3593,,
2026-05-13,aQF7qqm1iHE,2377,,
2026-05-13,aYgFb-fiwxA,11607,,
2026-05-13,acvpoQwncqI,3012,,
2026-05-13,ad5pxORFPfk,2440,,
2026-05-13,adsB3sGIcVQ,5590,,
2026-05-13,afLeJEbZs2k,6370,,
2026-05-13,ahyTF-4Agkg,981,,
2026-05-13,akC-r5hlDkc,2131,,
2026-05-13,aoh738yJBRA,6314,,
2026-05-13,aqbo0yu_l6g,15709,,
2026-05-13,ar-bXQYvUhs,2415,,
2026-05-13,ath0o3oOJCs,6266,,
2026-05-13,b4fNiXZPqRQ,10019,,
2026-05-13,bHJfRtPpY6E,1644,,
2026-05-13,bHuv7kKqe-A,8170,,
2026-05-13,bJHikj8skz4,2958,,
2026-05-13,bQaZqs74i2Y,5246,,
2026-05-13,bT7qGpnOpo4,4716,,
2026-05-13,b_Obp5cBRZk,5490,,
2026-05-13,bi3ZAQbw8EI,1860,,
2026-05-13,bqTNuZQOziA,9937,,
2026-05-13,bqf0zywB-Wo,11667,,
2026-05-13,c2ket6Qczzw,1466,,
2026-05-13,c3rRnSi93Lw,8681,,
2026-05-13,c6WqvHRlRkc,4310,,
2026-05-13,c9CotszUwYQ,2345,,
2026-05-13,cFn-fD2GmYU,2530,,
2026-05-13,cJwXjAKA0-k,5145,,
2026-05-13,cR199eKHJ4k,341,,
2026-05-13,cWyP2mrcwdM,760,,
2026-05-13,cevjHgZRbrg,292,,
2026-05-13,cfGpIvLPcPw,4912,,
2026-05-13,cga1y52KSCk,2946,,
2026-05-13,cjpnhsKzs1Q,2802,,
2026-05-13,coqZMUFd2C0,35056,,
2026-05-13,cpd3lbm5tL8,3515,,
2026-05-13,cqPVe0nQ1A0,5135,,
2026-05-13,cuZsMnQlDQU,13418,,
2026-05-13,d-msiY5zz5A,3072,,
2026-05-13,d-zJskCnHpI,3064,,
2026-05-13,d09nbbfOIA8,5066,,
2026-05-13,dA0DwmLmQ9s,5783,,
2026-05-13,dFH36q7iWiU,241,,
2026-05-13,dHJbG72Itp8,15324,,
2026-05-13,dIqUY3R2_3A,7892,,
2026-05-13,dSmFHbtrZ7g,17371,,
2026-05-13,dURDUSYCm68,15096,,
2026-05-13,dWatNWKO9uk,3512,,
2026-05-13,de7gpeHMS1Q,381,,
2026-05-13,dgkZoy66esM,5274,,
2026-05-13,dijHVnTV0aM,6077,,
2026-05-13,dl3KzRCU-aQ,6516,,
2026-05-13,dlABqtYhbMk,6024,,
2026-05-13,dmbvfKzFSLo,2995,,
2026-05-13,dn-xSg_FT0A,17091,,
2026-05-13,dnI29M9CE44,3812,,
2026-05-13,dnUUMRDbasE,1865,,
2026-05-13,dp7vq7hweXs,1914,,
2026-05-13,dtdf5AeXwB8,418,,
2026-05-13,dtoZraGBx54,14981,,
2026-05-13,dv-40oFi5ak,6262,,
2026-05-13,dx9Qe_629yE,8649,,
2026-05-13,e061vqWD0lQ,999,,
2026-05-13,e6iHP-UMZnk,5222,,
2026-05-13,e83i1spluHo,6353,,
2026-05-13,eGnLjzejgI4,2974,,
2026-05-13,eK7uM-EeLIk,7635,,
2026-05-13,eLcRSVAncfc,1333,,
2026-05-13,eLhCLA0Jndo,2198,,
2026-05-13,eM2S4pWeczs,145693,,
2026-05-13,eOxOgo6VNzQ,3556,,
2026-05-13,eUkmg5xOC7c,2291,,
2026-05-13,eYY-goMG0N0,4278,,
2026-05-13,ebpANnTL0zw,12996,,
2026-05-13,ecutxRcKQ6I,6388,,
2026-05-13,enR1CfAS5zo,2041,,
2026-05-13,ensnUIxTUHE,13926,,
2026-05-13,eokbRB_Y2CU,4213,,
2026-05-13,er-8YWX70rk,11788,,
2026-05-13,etbk0Z69oDs,808,,
2026-05-13,eu92DDq5snw,5509,,
2026-05-13,eymQ0rXs7d8,6140,,
2026-05-13,f-aH0vpaoyo,9842,,
2026-05-13,f1eFQJocAow,7053,,
2026-05-13,f7yvLMqdMJo,4101,,
2026-05-13,f8fN8Uqbb8s,6049,,
2026-05-13,fFdiFTfeCwE,6115,,
2026-05-13,fFgFYRumrDU,10933,,
2026-05-13,fG1-74pj6A4,15716,,
2026-05-13,fHYBRGdrXo0,1945,,
2026-05-13,fIo8SE2ky98,2953,,
2026-05-13,fKvvShsdaWU,18676,,
2026-05-13,fMmn4SMuSdE,4621,,
2026-05-13,fQwyeIriRx8,8228,,
2026-05-13,fZ7RRiEw54E,6249,,
2026-05-13,fbZea8wkoe8,9651,,
2026-05-13,ff5ZGdHsgIA,1091,,
2026-05-13,fg72xV_ZX8g,782,,
2026-05-13,fj2SC2FA324,2005,,
2026-05-13,flJTAxtk67w,11042,,
2026-05-13,flbyvShpL18,4881,,
2026-05-13,fsI10W24Ya8,7949,,
2026-05-13,gAPX20Ja0zk,2628,,
2026-05-13,gENAeokhMHI,3964,,
2026-05-13,gK1VHYEXt_0,223,,
2026-05-13,gNEGNjVWO0Q,2829,,
2026-05-13,gVj7YvOUjfc,1029,,
2026-05-13,gWdtuyZNxeQ,10996,,
2026-05-13,gXT5p-IBNMg,6005,,
2026-05-13,goQs8La8e94,28300,,
2026-05-13,gpKioDijRD4,1518,,
2026-05-13,gtGmlmLZ3Ps,1206,,
2026-05-13,gy_rDsWx8_4,4890,,
2026-05-13,h1qNF-YaHX8,4821,,
2026-05-13,hBhD4lpfrvw,4127,,
2026-05-13,hBqhV23fZnE,3897,,
2026-05-13,hD4BjVn9YXw,4416,,
2026-05-13,hRgIER_2tZg,1184,,
2026-05-13,hSuSN9-UZUY,14752,,
2026-05-13,hUQqvZGsp6A,3449,,
2026-05-13,hVMJN3o6-5g,10688,,
2026-05-13,hX5lVJXMurI,6286,,
2026-05-13,h_v3GcIgbvM,18804,,
2026-05-13,hhwrtf3g0yY,4637,,
2026-05-13,hnnt5l96vVE,3497,,
2026-05-13,hrA_TspDTyM,2721,,
2026-05-13,hsiq1QlJqCs,36869,,
2026-05-13,htuK8cgwC-E,2568,,
2026-05-13,hwX4Jil8AFY,2216,,
2026-05-13,hy7L_a8J9z4,6019,,
2026-05-13,hyisCTgnS0g,805,,
2026-05-13,i4tThjQW98w,1476,,
2026-05-13,i5Ufb0FYkDM,2831,,
2026-05-13,i6kooD4epJ0,9280,,
2026-05-13,iCV7kvzQ_bA,18766,,
2026-05-13,iCrYuW2ixu8,2154,,
2026-05-13,iEHsfr9bvpg,11665,,
2026-05-13,iFu9J3h8RBY,8016,,
2026-05-13,iHt3VLuizj4,3614,,
2026-05-13,iKMz8ICRe8I,20116,,
2026-05-13,iNIxuEi7V54,2213,,
2026-05-13,iRyAJEXB_hE,3150,,
2026-05-13,iYHt1pdScK0,200179,,
2026-05-13,i_bfUG57Je8,10540,,
2026-05-13,ipf-y1PaGBg,3678,,
2026-05-13,iuZ57o6ph1A,2402,,
2026-05-13,ixG3RWG-Xdw,10414,,
2026-05-13,j3BrzaBGJqY,3109,,
2026-05-13,j50kYrWuR6U,1319,,
2026-05-13,j9lMyW5Emo0,7240,,
2026-05-13,jBZnliX8R7M,5256,,
2026-05-13,jCGuQ1T3kUE,10986,,
2026-05-13,jQiLi6ev9zM,4890,,
2026-05-13,jTEvYjhQKTM,3483,,
2026-05-13,jV8i3ErC3MA,10207,,
2026-05-13,jdAA_65-h0E,16640,,
2026-05-13,jfEMLlPzKEU,7813,,
2026-05-13,jgfWTFUl_58,1413,,
2026-05-13,jh22fly0d-k,5171,,
2026-05-13,jlV4MmBxgPI,13086,,
2026-05-13,jrnfWiLWFJw,380,,
2026-05-13,k1SjNJaOJcA,6944,,
2026-05-13,k3yhL30Kpnw,1606,,
2026-05-13,k4GBTLOy9aE,11005,,
2026-05-13,k73d1z4sXCE,2497,,
2026-05-13,kCTe19NTny4,2071,,
2026-05-13,kCcXFPN8bK0,2686,,
2026-05-13,kETEBzJrtSA,7267,,
2026-05-13,kFWumpkL5yI,3248,,
2026-05-13,kO5VQOB3sxI,6238,,
2026-05-13,kSbp6GNfK7Y,4405,,
2026-05-13,kUDZK_9QPtA,13960,,
2026-05-13,kYmLSudfROM,5611,,
2026-05-13,kb2G7jcB3Ls,4264,,
2026-05-13,keYeekasjI8,19585,,
2026-05-13,kjl_jo_1HTg,2441,,
2026-05-13,ko82nHa36U4,8543,,
2026-05-13,kpcxQ1XCrq8,252,,
2026-05-13,kr9WECLcJWU,3697,,
2026-05-13,ktZgSqvfl8o,449,,
2026-05-13,kuoLAhyeaJQ,3830,,
2026-05-13,kzApFdb-KEs,776,,
2026-05-13,kzQhIJnlTsI,95052,,
2026-05-13,l4OOeF2yo9Y,3760,,
2026-05-13,lADjNtrJtIo,3084,,
2026-05-13,lCTSpZlGMb4,3628,,
2026-05-13,lN4Nv7R4sBI,10198,,
2026-05-13,lOciy5N92Lg,1560,,
2026-05-13,lOomWUxwNlQ,4388,,
2026-05-13,lSkunEYX5Go,1720,,
2026-05-13,lTCDfNnY4u8,5673,,
2026-05-13,lZj5qfUurLw,3977,,
2026-05-13,lZm2ZwjEy38,2960,,
2026-05-13,lgNWcFP2Ltg,12103,,
2026-05-13,lr1GJQXbj4c,1944,,
2026-05-13,lvOd4uyJkFE,30512,,
2026-05-13,lvtS_HSjXUA,10278,,
2026-05-13,m1gcxwLGPos,5632,,
2026-05-13,m6233lu5J9Q,11491,,
2026-05-13,m9q3qhKxbk4,2447,,
2026-05-13,mDDcQa5yCfI,20495,,
2026-05-13,mHE2XXExu7Q,1251,,
2026-05-13,mHSNcvaQ8YU,1017,,
2026-05-13,mM4k2pf-l9E,6002,,
2026-05-13,mNKdQ1YwHPc,2864,,
2026-05-13,m_vvvpnOHfw,406,,
2026-05-13,mhXS2cpJlRo,1944,,
2026-05-13,mkJ-QgvLtyk,12116,,
2026-05-13,mnu4iJG72y8,5456,,
2026-05-13,n5WXv528CII,17650,,
2026-05-13,n93OGgP941o,2336,,
2026-05-13,n9XvIj6hOjc,2130,,
2026-05-13,nDLFzy9hIow,9629,,
2026-05-13,nF0VXXPcAh4,3020,,
2026-05-13,nMQCA_C9zoQ,101001,,
2026-05-13,nPV7ftm2WSg,2169,,
2026-05-13,nRTuARH-N9A,639,,
2026-05-13,nZ-Yf21ufww,9386,,
2026-05-13,n_8ek8wvHc8,5465,,
2026-05-13,nbqcaybmEe8,11556,,
2026-05-13,neQ91eM5hw4,21069,,
2026-05-13,nuEwWBGiQ4c,3820,,
2026-05-13,nwbp-b7PO4g,7192,,
2026-05-13,nxJqaJgDQIE,4278,,
2026-05-13,nyHN_s3QpkY,6950,,
2026-05-13,o0dULDtKQ-8,9918,,
2026-05-13,o4tmiD22BLI,18234,,
2026-05-13,oCAyG5S7cIw,10269,,
2026-05-13,oDeAAnpEEXU,1902,,
2026-05-13,oKTvQ7d9gYw,26875,,
2026-05-13,oPCHIAxcTHw,37073,,
2026-05-13,oRXt4EmUmKk,4228,,
2026-05-13,oUdstwXRu2c,2759,,
2026-05-13,oZh7YlRGlqA,5075,,
2026-05-13,oZjiL501lAY,1412,,
2026-05-13,o_FRQ02nigQ,5524,,
2026-05-13,ofwkfFci1iI,3327,,
2026-05-13,ol2a1T0BgrM,4363,,
2026-05-13,ol_M2L_mjBI,2600,,
2026-05-13,onlJoxwtQec,1364,,
2026-05-13,oo0K4ydn4rw,5943,,
2026-05-13,p-Ig77st4KY,6049,,
2026-05-13,p23Rm9i_EIg,6307,,
2026-05-13,p6uuiKju1Gc,4273,,
2026-05-13,p8GqOFBpR5w,4704,,
2026-05-13,p8ZK2nre57U,3761,,
2026-05-13,pC_lpEworvo,1020,,
2026-05-13,pGUjxBQqY5E,3962,,
2026-05-13,pKvwesJ8-t0,8714,,
2026-05-13,pRB23hC8dZY,3108,,
2026-05-13,pTqxjQV_PYU,8201,,
2026-05-13,pUPzkqLt5WM,4551,,
2026-05-13,pWY2T3MqfCw,3428,,
2026-05-13,pdIXWsxp0_g,3747,,
2026-05-13,pj41DZonKFU,4957,,
2026-05-13,pms2oKZcuqo,3402,,
2026-05-13,ptv9GRoEKs0,3685,,
2026-05-13,pyuB406DLuo,11297,,
2026-05-13,pzLWWa96_lE,5842,,
2026-05-13,q4mgxHWrmLM,6366,,
2026-05-13,q52xE5uCNT0,11496,,
2026-05-13,qIxGLqP2ZBA,3288,,
2026-05-13,qJ6pJMN4eiA,2633,,
2026-05-13,qMz0UbGJq4Y,6668,,
2026-05-13,qZi9yeRBf94,3733,,
2026-05-13,q_TknmNwvqA,5937,,
2026-05-13,qabDQ1ebZbQ,5835,,
2026-05-13,qbXC7hLKuGM,260,,
2026-05-13,qd6gmV0qrrk,14202,,
2026-05-13,qiI-rwVGiYQ,1963,,
2026-05-13,qkMCHJ28vsI,2284,,
2026-05-13,qmcbY6Sr_mw,2953,,
2026-05-13,qqQxwunPfLo,5147,,
2026-05-13,qzy12XbaJQ4,1497,,
2026-05-13,r0ZddKvFa9w,7583,,
2026-05-13,r3P6BU0gEVU,7404,,
2026-05-13,r4YE2Zghgbc,2817,,
2026-05-13,rAxPIoC8bB4,12425,,
2026-05-13,rJ6YCE4gWS0,1627,,
2026-05-13,rJeHPb9VWP4,2339,,
2026-05-13,rLZUcW0DBTM,9744,,
2026-05-13,rLfvnvBj8Ls,4450,,
2026-05-13,rR2A9ezT_gg,16242,,
2026-05-13,rULrrI9GfWU,1316,,
2026-05-13,rV23IXWdDOY,17005,,
2026-05-13,rVEh3PGiggk,372,,
2026-05-13,r_lWb2SpHO4,10228,,
2026-05-13,rckZ2uBOGYs,4256,,
2026-05-13,rixzhpBKdfg,2554,,
2026-05-13,rlnx986Qxkc,12659,,
2026-05-13,rojYn7h_-U4,2224,,
2026-05-13,rqcOPT_Dg7A,7021,,
2026-05-13,ruxKM1qX0Dc,11234,,
2026-05-13,rzIPT2DPtvA,5578,,
2026-05-13,s2GjWfPbh9I,1943,,
2026-05-13,sHQg97i_Hp0,155,,
2026-05-13,sO1rprIWDas,4234,,
2026-05-13,sQH3xPVic6Y,3867,,
2026-05-13,sVwAWTxKDJ0,7751,,
2026-05-13,sXRGp_ttFI4,7021,,
2026-05-13,sZhgf8PQ5gc,8536,,
2026-05-13,scIFhQSvvlE,2714,,
2026-05-13,scM9aI9kTus,4854,,
2026-05-13,skABNIsQ3fA,12309,,
2026-05-13,smATVd6dk-k,13854,,
2026-05-13,sqx6twZgR-k,3868,,
2026-05-13,ssIA_N2u50Y,7146,,
2026-05-13,syPu5HdMT4k,1016,,
2026-05-13,t01TItG_UAQ,592,,
2026-05-13,t1UIIjuMirY,8757,,
2026-05-13,t1kj63890o8,3445,,
2026-05-13,t3G_N5DO6us,6143,,
2026-05-13,t4gVVdxtNWE,8585,,
2026-05-13,tGsk0H21JgE,2126,,
2026-05-13,t_RBOUZAqGw,4434,,
2026-05-13,tcomjtcMjLE,1105,,
2026-05-13,tdc-zfxIlEY,31681,,
2026-05-13,tiDCtcHjdQU,7019,,
2026-05-13,trS0kTq6Tk8,1649,,
2026-05-13,txSX7-1XQOE,2637,,
2026-05-13,tyRJESdSDm4,14490,,
2026-05-13,tz7n--I4rDU,1475,,
2026-05-13,u00LAYagwGo,4452,,
2026-05-13,u4e1ijV4iRQ,5237,,
2026-05-13,u7xKzLuKt5I,17612,,
2026-05-13,uXbngiOXOD0,10206,,
2026-05-13,ub9JNL8EhJ4,1463,,
2026-05-13,uk5ADKNqHoc,1427,,
2026-05-13,ul9Sw7brukY,1549,,
2026-05-13,umNEJg2sj50,963,,
2026-05-13,un8Mt5f-mUE,10531,,
2026-05-13,usRrwR8CUb8,8823,,
2026-05-13,uxxwN68AJHE,5411,,
2026-05-13,v-ylvHTi_Mc,3340,,
2026-05-13,v0kp6W42yf4,2892,,
2026-05-13,v1J7bERLirA,3209,,
2026-05-13,v9INdKeBJEI,41159,,
2026-05-13,vDzWHTMsp_Y,1722,,
2026-05-13,vHvpM9nSO3Q,4029,,
2026-05-13,vIAhcX4SppA,3172,,
2026-05-13,vKYW7MTBAFg,10000,,
2026-05-13,vM5V9hoDKnQ,8874,,
2026-05-13,vQI78T3g4Gg,6047,,
2026-05-13,vUEmbLAxZ0Y,1099,,
2026-05-13,vWTTG9XlMoY,12959,,
2026-05-13,v_JJzLJ0eRw,4733,,
2026-05-13,vmSPrsKC8i8,48160,,
2026-05-13,vqsoh8y6xa8,5423,,
2026-05-13,vuvK_DUcqCk,7553,,
2026-05-13,vy88MX2ss_g,7261,,
2026-05-13,vyg196YvsgE,1018,,
2026-05-13,w3HciqK70s4,1635,,
2026-05-13,w68xGF_YIgU,24544,,
2026-05-13,w6b2AkddE8Y,2634,,
2026-05-13,w9kpcvkWngA,6517,,
2026-05-13,wBWXzI7uJYo,3668,,
2026-05-13,wGDSdaXZj00,44420,,
2026-05-13,wHcblaGXua8,9858,,
2026-05-13,wLB8pR4uME0,2680,,
2026-05-13,wSEMUoR4FS4,1492,,
2026-05-13,wSnq-Unha34,129739,,
2026-05-13,wX47G7oi_Z4,1958,,
2026-05-13,wg1R2_G_LEc,5945,,
2026-05-13,wnahjxPk5rk,2286,,
2026-05-13,wpHm4ARAChc,20322,,
2026-05-13,wpWCpGTZE2A,1884,,
2026-05-13,wuZgRtutoHQ,8144,,
2026-05-13,wutJAXwvMqo,8941,,
2026-05-13,wwtaQ_PNx1M,2955,,
2026-05-13,wxWz6zDC2wo,1472,,
2026-05-13,wzSn1b5XXtk,1862,,
2026-05-13,x3gjYoDR5tA,2621,,
2026-05-13,x5fPiJUOMk0,3855,,
2026-05-13,xMbY5fkmK0A,3492,,
2026-05-13,xQKEy65zAso,64051,,
2026-05-13,xTpYdSgeWPc,1178,,
2026-05-13,xZIOdejjTlg,2712,,
2026-05-13,x_KffjhARa0,2787,,
2026-05-13,xe6w3VmUf5I,6004,,
2026-05-13,xs2J2KW1q8Q,8389,,
2026-05-13,xvdkNKQAbJ8,1815,,
2026-05-13,xwLoo8ThKHI,856,,
2026-05-13,xxC2s5JBYZM,332,,
2026-05-13,xya7ZlFJ-x8,2256,,
2026-05-13,y3rXMXG_UF8,3604,,
2026-05-13,y4Yqheg9DuY,15126,,
2026-05-13,y6T5kX1L0aw,1627,,
2026-05-13,y76fsYJCAO0,1629,,
2026-05-13,y8mTWAs2PPw,3164,,
2026-05-13,yF9W5KZ4lfs,6492,,
2026-05-13,yGc4NnBE6nY,4881,,
2026-05-13,yKCrM_XkKaY,15141,,
2026-05-13,yKIM1UxtbpU,2005,,
2026-05-13,yPh9jEw5_Lw,2779,,
2026-05-13,ySg8CEjxwwo,5767,,
2026-05-13,yUQ4NYv_io0,3300,,
2026-05-13,yXWhKEoL3QU,3943,,
2026-05-13,yeBCQurwTAM,3834,,
2026-05-13,yo-Wdxc6ng0,3491,,
2026-05-13,yrJ1mvA6eIM,9940,,
2026-05-13,yrcwoFLtS5Y,7319,,
2026-05-13,ytt9pEb78FA,4952,,
2026-05-13,z-n_vz4gFRw,13995,,
2026-05-13,z0A-aCcVXSA,3063,,
2026-05-13,z2SU31i7Uo4,9106,,
2026-05-13,z8MJYHsQh5c,16210,,
2026-05-13,zCk1p-hPBCs,156,,
2026-05-13,zDtacZ_qT0Y,11845,,
2026-05-13,zI6L_SkYqkU,1233,,
2026-05-13,zLgpLCYCbyA,2515,,
2026-05-13,zSvZdF7CBjU,6170,,
2026-05-13,zVMIZRDSvCc,1737,,
2026-05-13,zceKtRTdgSo,12041,,
2026-05-13,zjYgzIlRmOk,6976,,
2026-05-13,zksWnpcM05I,4136,,
2026-05-13,zpX-Xs1a9MY,3118,,
2026-05-13,zrRTPvOBEnU,2812,,
2026-05-13,zsRQcswYx8w,2810,,
2026-05-13,zsYZHcSRvB8,25125,,
2026-05-13,zsaXdCEuYsY,2246,,
2026-05-13,zufjmNpcSlg,1605,,
2026-05-13,zvjhIylspTc,10117,,
2026-05-13,zxwGfKCo6as,4755,,
2026-05-13,zyY2aRVZMp4,1252,,
2026-05-13,zzWIE6Sg_E0,22036,,
2026-05-15,-Fkj0aK2dO8,5396,,
2026-05-15,3A0Gwb7nmw8,2443,,
2026-05-15,5b4RSDrkc8I,4416,,
2026-05-15,7sRKccOoPbY,8552,,
2026-05-15,Ati51CQqpKY,5429,,
2026-05-15,ClAz_Etby1k,3467,,
2026-05-15,KNwEQXDv5XM,8070,,
2026-05-15,Kh_0ICA5cfg,4895,,
2026-05-15,MOmBOx1LEJU,21131,,
2026-05-15,N9CZswDtnCA,3307,,
2026-05-15,PmY9rmZK_oM,1825,,
2026-05-15,QQh0twun7tg,45552,,
2026-05-15,SoVnrdQ7b_s,4529,,
2026-05-15,U9sNqbVd1L8,3883,,
2026-05-15,UVkQsLv7n2s,1933,,
2026-05-15,UxyCkiufJyg,3222,,
2026-05-15,WUchEyRFIxw,3600,,
2026-05-15,_ALc4VJkpjA,10893,,
2026-05-15,cMFi9XkhDDQ,2537,,
2026-05-15,dA0DwmLmQ9s,5803,,
2026-05-15,eokbRB_Y2CU,4226,,
2026-05-15,f1eFQJocAow,7078,,
2026-05-15,iY0az_GdCiI,3636,,
2026-05-15,p-Ig77st4KY,6215,,
2026-05-15,pTqxjQV_PYU,8230,,
2026-05-15,pj41DZonKFU,4990,,
2026-05-15,xZIOdejjTlg,2726,,
2026-05-15,yeBCQurwTAM,3843,,
2026-05-16,3A0Gwb7nmw8,2460,,
2026-05-16,5b4RSDrkc8I,4423,,
2026-05-16,Ati51CQqpKY,5446,,
2026-05-16,ClAz_Etby1k,3472,,
2026-05-16,KNwEQXDv5XM,8077,,
2026-05-16,Kh_0ICA5cfg,4987,,
2026-05-16,MOmBOx1LEJU,21709,,
2026-05-16,N9CZswDtnCA,3314,,
2026-05-16,PmY9rmZK_oM,1828,,
2026-05-16,QQh0twun7tg,45586,,
2026-05-16,SoVnrdQ7b_s,4542,,
2026-05-16,U9sNqbVd1L8,3892,,
2026-05-16,UVkQsLv7n2s,1964,,
2026-05-16,UxyCkiufJyg,3228,,
2026-05-16,WUchEyRFIxw,3608,,
2026-05-16,_ALc4VJkpjA,10929,,
2026-05-16,dA0DwmLmQ9s,5811,,
2026-05-16,eokbRB_Y2CU,4235,,
2026-05-16,f1eFQJocAow,7087,,
2026-05-16,iY0az_GdCiI,4149,,
2026-05-16,p-Ig77st4KY,6296,,
2026-05-16,pTqxjQV_PYU,8248,,
2026-05-16,pj41DZonKFU,5001,,
2026-05-16,xZIOdejjTlg,2727,,
2026-05-16,yeBCQurwTAM,3846,,
2026-05-17,3A0Gwb7nmw8,2471,,
2026-05-17,5b4RSDrkc8I,4426,,
2026-05-17,Ati51CQqpKY,5455,,
2026-05-17,ClAz_Etby1k,3479,,
2026-05-17,KNwEQXDv5XM,8083,,
2026-05-17,Kh_0ICA5cfg,5056,,
2026-05-17,MOmBOx1LEJU,22250,,
2026-05-17,N9CZswDtnCA,3315,,
2026-05-17,PmY9rmZK_oM,1837,,
2026-05-17,QQh0twun7tg,45612,,
2026-05-17,SoVnrdQ7b_s,4557,,
2026-05-17,U9sNqbVd1L8,3902,,
2026-05-17,UVkQsLv7n2s,1983,,
2026-05-17,UxyCkiufJyg,3229,,
2026-05-17,WUchEyRFIxw,3613,,
2026-05-17,_ALc4VJkpjA,10968,,
2026-05-17,dA0DwmLmQ9s,5818,,
2026-05-17,eokbRB_Y2CU,4240,,
2026-05-17,f1eFQJocAow,7095,,
2026-05-17,iY0az_GdCiI,4387,,
2026-05-17,p-Ig77st4KY,6355,,
2026-05-17,pTqxjQV_PYU,8262,,
2026-05-17,pj41DZonKFU,5013,,
2026-05-17,xZIOdejjTlg,2732,,
2026-05-17,yeBCQurwTAM,3851,,
2026-05-18,3A0Gwb7nmw8,2479,,
2026-05-18,5b4RSDrkc8I,4430,,
2026-05-18,Ati51CQqpKY,5466,,
2026-05-18,ClAz_Etby1k,3482,,
2026-05-18,KNwEQXDv5XM,8091,,
2026-05-18,Kh_0ICA5cfg,5123,,
2026-05-18,MOmBOx1LEJU,22765,,
2026-05-18,N9CZswDtnCA,3320,,
2026-05-18,Nhb3_wu7Ddk,13284,,
2026-05-18,PmY9rmZK_oM,1840,,
2026-05-18,QQh0twun7tg,45642,,
2026-05-18,SoVnrdQ7b_s,4566,,
2026-05-18,U9sNqbVd1L8,3911,,
2026-05-18,UVkQsLv7n2s,2009,,
2026-05-18,UxyCkiufJyg,3231,,
2026-05-18,WUchEyRFIxw,3625,,
2026-05-18,_ALc4VJkpjA,11011,,
2026-05-18,dA0DwmLmQ9s,5825,,
2026-05-18,eokbRB_Y2CU,4245,,
2026-05-18,f1eFQJocAow,7106,,
2026-05-18,iY0az_GdCiI,4549,,
2026-05-18,p-Ig77st4KY,6494,,
2026-05-18,pTqxjQV_PYU,8272,,
2026-05-18,pj41DZonKFU,5025,,
2026-05-18,sl11WONqgaQ,1347,,
2026-05-18,svTgRSTyypU,28944,,
2026-05-18,xZIOdejjTlg,2740,,
2026-05-18,yeBCQurwTAM,3853,,
2026-05-19,3A0Gwb7nmw8,2494,,
2026-05-19,5b4RSDrkc8I,4435,,
2026-05-19,Ati51CQqpKY,5473,,
2026-05-19,KNwEQXDv5XM,8101,,
2026-05-19,Kh_0ICA5cfg,5197,,
2026-05-19,MOmBOx1LEJU,23278,,
2026-05-19,N9CZswDtnCA,3325,,
2026-05-19,PmY9rmZK_oM,1844,,
2026-05-19,QQh0twun7tg,45715,,
2026-05-19,SoVnrdQ7b_s,4583,,
2026-05-19,U9sNqbVd1L8,3923,,
2026-05-19,UVkQsLv7n2s,2029,,
2026-05-19,UxyCkiufJyg,3232,,
2026-05-19,WUchEyRFIxw,3634,,
2026-05-19,_ALc4VJkpjA,11057,,
2026-05-19,dA0DwmLmQ9s,5839,,
2026-05-19,eokbRB_Y2CU,4250,,
2026-05-19,f1eFQJocAow,7124,,
2026-05-19,iY0az_GdCiI,4649,,
2026-05-19,p-Ig77st4KY,6584,,
2026-05-19,pTqxjQV_PYU,8290,,
2026-05-19,pj41DZonKFU,5034,,
2026-05-19,sl11WONqgaQ,2076,,
2026-05-19,xZIOdejjTlg,2744,,
2026-05-19,yeBCQurwTAM,3859,,
2026-05-20,--eCZ5KJphU,1928,,
2026-05-20,-27X7n7IstM,6314,,
2026-05-20,-3dLSMzi38k,5015,,
2026-05-20,-FJcDEQ2CB0,14029,,
2026-05-20,-GYR8m5pqkI,10554,,
2026-05-20,-SxNX1_ipZ0,4450,,
2026-05-20,-WID9zHoKhE,370,,
2026-05-20,-pXsceBZ-uI,1949,,
2026-05-20,01F_B8RaurQ,364,,
2026-05-20,0A3d0lovA9c,2812,,
2026-05-20,0BvJ_8VSpAQ,19816,,
2026-05-20,0JFuxpSFiLo,20473,,
2026-05-20,0Mur3o4gJn4,5841,,
2026-05-20,0U0-9stDv2w,6765,,
2026-05-20,0YdWcjA5acg,8137,,
2026-05-20,0_I4PHJ-miw,21513,,
2026-05-20,0dqRFbgCuVg,6375,,
2026-05-20,0irTZK6Z_YI,982,,
2026-05-20,0jvB7_mRdVk,1517,,
2026-05-20,0luCN1MyFX8,10821,,
2026-05-20,0nv1NY1lx_E,5243,,
2026-05-20,0t_oTJZ6Irs,6642,,
2026-05-20,13jLs1WwfTY,4702,,
2026-05-20,14FLm6zvvlM,3273,,
2026-05-20,1APEiSZz2zM,316,,
2026-05-20,1M5hO5Iz4hQ,11372,,
2026-05-20,1WejSH57PSA,555,,
2026-05-20,1_CE104JHi8,4456,,
2026-05-20,1fn9RPaSFvM,4127,,
2026-05-20,1gAj8idUtrk,12869,,
2026-05-20,1k6Bzkiw48o,10602,,
2026-05-20,1qYWYaGdxt4,1419,,
2026-05-20,1uRRhugMzlE,4289,,
2026-05-20,1vJB1yOPOf0,7356,,
2026-05-20,1yK9VWnQpx4,21372,,
2026-05-20,24Ib0j0xDxE,15779,,
2026-05-20,2CnmP8lvGE4,6218,,
2026-05-20,2JqFe4tSOyk,9302,,
2026-05-20,2OdJHlmdu3A,3437,,
2026-05-20,2WaFFWc3lno,6151,,
2026-05-20,2bY_4Ut49J8,4083,,
2026-05-20,2l0-duQwSfI,5221,,
2026-05-20,2lZK2lUb6ew,10499,,
2026-05-20,2qLT-wnFaP0,7782,,
2026-05-20,2qZb4PtGQUg,3196,,
2026-05-20,2qron8l5-WA,2868,,
2026-05-20,2vAcCPS9-YE,3122,,
2026-05-20,3A0Gwb7nmw8,2502,,
2026-05-20,3BNqAqRukts,17128,,
2026-05-20,3Cm_qVj04z0,338,,
2026-05-20,3DNRCakknE0,4689,,
2026-05-20,3HUs08W6-8o,15591,,
2026-05-20,3KJwgGv_hq0,4017,,
2026-05-20,3Nh8y-oesJ0,7834,,
2026-05-20,3gPoLb5rT70,16865,,
2026-05-20,3iUH-OYuGIo,235,,
2026-05-20,3jZh-NYS564,6689,,
2026-05-20,3nGph8PX2-Q,3492,,
2026-05-20,3xtwXWyEfhk,1796,,
2026-05-20,49KORRES2ks,2312,,
2026-05-20,4Q1Xe92xmwI,9241,,
2026-05-20,4VN65sXHXSU,5745,,
2026-05-20,4WHM_GRby90,5739,,
2026-05-20,4aUWIhJE2n4,3617,,
2026-05-20,4b4THjNuDW0,602,,
2026-05-20,4n-UnjzY3B0,252,,
2026-05-20,4qtFClwSzc8,1465,,
2026-05-20,4r4Fv5i5zCI,7130,,
2026-05-20,4tli9Q4KZ3w,3047,,
2026-05-20,4vHxpaifn9w,25097,,
2026-05-20,4zfnW56TcvY,2999,,
2026-05-20,5I2-cQ7oa10,3580,,
2026-05-20,5MHf5WPH1v4,4267,,
2026-05-20,5R6l50LDlV4,3537,,
2026-05-20,5b4RSDrkc8I,4438,,
2026-05-20,5kFO9eUjRPk,12933,,
2026-05-20,5sVEspUzpGY,3772,,
2026-05-20,5t3KYPZKUe4,10674,,
2026-05-20,615ClJ5oqkw,1215,,
2026-05-20,62v6RgdBly0,2389,,
2026-05-20,69_RI4iZxuQ,6504,,
2026-05-20,6BegJIenaBE,9656,,
2026-05-20,6Bmjis1ofzE,6128,,
2026-05-20,6SV0Lm47pvY,2445,,
2026-05-20,6TcR8BFdyJM,2891,,
2026-05-20,6VUBa5NSLU8,958,,
2026-05-20,6Xmd08nL2G4,4653,,
2026-05-20,6d8jMrgjDuE,3224,,
2026-05-20,6iCAxQUz4aQ,5643,,
2026-05-20,6l3bIPltt3A,6652,,
2026-05-20,6ob9UwPviJA,4943,,
2026-05-20,6tcSoXsMs9c,5918,,
2026-05-20,6vhfb7LUUYc,3570,,
2026-05-20,6zLWdLXiJC8,13585,,
2026-05-20,73a6CtNTac4,9904,,
2026-05-20,7BXf6nTyiCQ,3874,,
2026-05-20,7BkLmVdcaJw,6219,,
2026-05-20,7EgU3ReHrIc,1255,,
2026-05-20,7FZrM9iMsCM,6329,,
2026-05-20,7IZ5eCJ3Vqc,2417,,
2026-05-20,7NZvpCqH7eA,2774,,
2026-05-20,7NbPwroPQ80,3043,,
2026-05-20,7Odyxk-S9f0,52741,,
2026-05-20,7PSt_Gouh6g,2804,,
2026-05-20,7cpCkvLwQsI,2081,,
2026-05-20,7dlhZLngdvM,8771,,
2026-05-20,7m_UlzkGLlA,33041,,
2026-05-20,7tKbMZqzLks,2842,,
2026-05-20,7ufObjxCBKI,13183,,
2026-05-20,7wuBlcFsfvc,4388,,
2026-05-20,7zHiFWEJfZY,8423,,
2026-05-20,87Vb6sa1KcY,1456,,
2026-05-20,8OPlCKgcSO8,6281,,
2026-05-20,8T1Pe58GJpw,4289,,
2026-05-20,8UOwBfCgZn8,1054,,
2026-05-20,8UWpsEyQwCU,3966,,
2026-05-20,8_fxIwJi8eI,12095,,
2026-05-20,8fwEHUkKTFc,1227,,
2026-05-20,8hbiWsIlhQ0,1283,,
2026-05-20,8pRl03u-hjI,7426,,
2026-05-20,8r9S_xIzqLk,4047,,
2026-05-20,8tmQ6wySUSI,4500,,
2026-05-20,900BOlBTFNg,35599,,
2026-05-20,99bQhxWPWuo,9033,,
2026-05-20,9BmwbWSPXwY,4720,,
2026-05-20,9Fhr7gYQPBM,1440,,
2026-05-20,9O3XYd0F6VI,11006,,
2026-05-20,9Ot1RhssfL0,766,,
2026-05-20,9TvuNO-fnXM,16017,,
2026-05-20,9_6yRxY8iiY,9830,,
2026-05-20,9cZh_IuGMyM,373,,
2026-05-20,9dFDeUNHViY,9233,,
2026-05-20,9gFQ9rFMKEA,38245,,
2026-05-20,9h2v-rVmwEA,8598,,
2026-05-20,9hOkPAYmpPM,6592,,
2026-05-20,9hgzA60ZGZg,5390,,
2026-05-20,9rVcXaVHCXw,2598,,
2026-05-20,9wgzzLCatp8,853,,
2026-05-20,9yg2AIYdu6E,1725,,
2026-05-20,A4wr-iI2hJU,20091,,
2026-05-20,A5ojgoN39Lc,6241,,
2026-05-20,A9RXB8YTc6Y,12256,,
2026-05-20,ADwtKtLtE8Q,1979,,
2026-05-20,AKDQisHl8Ek,3869,,
2026-05-20,AKJRVoJu_Q4,7346,,
2026-05-20,ANYrzwn5h_M,4667,,
2026-05-20,AO1WNfgIgiE,8552,,
2026-05-20,ASSnCNI-KlM,1257,,
2026-05-20,AU7Z9h1x1Ys,694,,
2026-05-20,AUG114ir5eQ,1232,,
2026-05-20,AUxR3aTc3ng,1492,,
2026-05-20,AaCd4amsV0U,2019,,
2026-05-20,Ac6AOC9yxJE,4306,,
2026-05-20,AcR00ZHbVKU,7437,,
2026-05-20,AgcnylfczPE,10364,,
2026-05-20,AmYVHRf2Aq8,8608,,
2026-05-20,Ao4VRNX_h4A,11493,,
2026-05-20,Aq3emUbqTbA,802,,
2026-05-20,Ati51CQqpKY,5485,,
2026-05-20,B0IPEMdrCRA,3015,,
2026-05-20,B5xTJMahaK4,2528,,
2026-05-20,B9FbWxNdJPY,18587,,
2026-05-20,B9zmRMY6ISI,2659,,
2026-05-20,BNze82M59-E,6932,,
2026-05-20,BSum-2t0a28,4628,,
2026-05-20,B_OF2TYLnQw,6310,,
2026-05-20,B_rcAwySccg,3493,,
2026-05-20,BdCpg8-TlGg,3465,,
2026-05-20,BfLT1TlZInE,19787,,
2026-05-20,BfjZU1zyiOc,1882,,
2026-05-20,BkAhos9qrLQ,2124,,
2026-05-20,BsWIaYs09vc,5710,,
2026-05-20,BskXYIlyNzA,5974,,
2026-05-20,C5ETgNOq1gQ,14011,,
2026-05-20,C5Rh96Gz8yg,6920,,
2026-05-20,C9AMwVwgVPo,2972,,
2026-05-20,C9FJCiew0s8,4041,,
2026-05-20,CD6KcQMdzfc,2823,,
2026-05-20,CEF9v_JMVe8,7106,,
2026-05-20,CJkJWnPzguM,20496,,
2026-05-20,CKAGWlmyXbA,8878,,
2026-05-20,CMh4ttABaiE,1215,,
2026-05-20,CSTFP0gKnd8,5259,,
2026-05-20,CUpAWj1wVbU,23997,,
2026-05-20,CVFIzDp5iio,11108,,
2026-05-20,CYn4JoQTD1I,666,,
2026-05-20,CYvruxt8Ocw,5194,,
2026-05-20,CgzCQr9ilsw,386,,
2026-05-20,ChKL1KyjlZ4,5156,,
2026-05-20,CkghB9G4vOo,213,,
2026-05-20,Cpa04rQyl18,7280,,
2026-05-20,CufCJMTTKHk,1620,,
2026-05-20,Cy2qJ0Win1I,4261,,
2026-05-20,D-dgFUvl7YA,7698,,
2026-05-20,D4p6nv2t2FA,245,,
2026-05-20,D50nmITTLp8,1804,,
2026-05-20,DAuagmdRSOE,10598,,
2026-05-20,DBkInEbzPk0,2676,,
2026-05-20,DDd5prelU6A,8637,,
2026-05-20,DDiDtP-uOqU,2274,,
2026-05-20,DI-Oxm-J0W0,5485,,
2026-05-20,DIv0FHIZiko,3470,,
2026-05-20,DNsUjaDT3AQ,4082,,
2026-05-20,DPEZ-FtI4UI,8182,,
2026-05-20,DPz-ktdaHII,444,,
2026-05-20,DS_neiUmgrA,2716,,
2026-05-20,DY9enl751Hk,8914,,
2026-05-20,Dcu_IubxG8I,4935,,
2026-05-20,Df9q7HerAA4,4882,,
2026-05-20,DiLjnRqx0xo,3828,,
2026-05-20,DnXALAe3BtY,1595,,
2026-05-20,DohrPYUe11o,1526,,
2026-05-20,DouSkzKX7NE,6372,,
2026-05-20,Drqehd-O2ak,3440,,
2026-05-20,DxUH69hEi9k,449,,
2026-05-20,E6ac_QwimUk,3626,,
2026-05-20,EFc5_Nct8wE,4507,,
2026-05-20,EIKIx9Xpl7c,2718,,
2026-05-20,E_DqVHrHIxM,7748,,
2026-05-20,EckbfLRDGjE,1687,,
2026-05-20,EkKqSnrdG7U,2678,,
2026-05-20,Ezrw0VHCy7w,280,,
2026-05-20,F1hpeZ_T-ww,2707,,
2026-05-20,F5y8-ztKpCM,3766,,
2026-05-20,F8PMKa1dz9g,731,,
2026-05-20,FAIITnGT4wo,4757,,
2026-05-20,FAfQTG-v0Cs,3198,,
2026-05-20,FEqKnaBExZU,9242,,
2026-05-20,FG5G2G-XjhE,14275,,
2026-05-20,FIEy7T-kMmQ,1905,,
2026-05-20,FKbiHBctwwA,3824,,
2026-05-20,FNVB3Ndlrw8,429,,
2026-05-20,FSFC8O9LxRU,2461,,
2026-05-20,FYtl1LolxwQ,9719,,
2026-05-20,Fa8jGX5mvj4,3088,,
2026-05-20,FfCJfpHXt8c,4022,,
2026-05-20,FgTt2XD_ryA,13386,,
2026-05-20,FkK2Rp5xEIc,10839,,
2026-05-20,FlGf6zZGtkk,5204,,
2026-05-20,FlbiS6qn6oE,2731,,
2026-05-20,Fs8L9V90RDk,7666,,
2026-05-20,FsemZttxTN8,5278,,
2026-05-20,G2COlj5SS54,7799,,
2026-05-20,G76WtaecxB4,1177,,
2026-05-20,G9YcpN4TAZw,5089,,
2026-05-20,GEZg76Swgc8,425,,
2026-05-20,GJRAN3_x8U4,3563,,
2026-05-20,GTD7cyckPnA,270,,
2026-05-20,GYD-rQNG-rI,8847,,
2026-05-20,Gdybpz4wjgY,331,,
2026-05-20,GgtIBQCZxkQ,5206,,
2026-05-20,Gjf4AsYGwU8,10887,,
2026-05-20,GqAXRVF_edY,4082,,
2026-05-20,GqRwtWVepYw,8499,,
2026-05-20,GqWbo7Uo8Ec,5617,,
2026-05-20,Gs03wWJ6vFc,908,,
2026-05-20,Gx6Z5Aj875s,6470,,
2026-05-20,H-jiaEptrx0,4296,,
2026-05-20,H3JH96ZJWzM,784,,
2026-05-20,H5yOaNKxZ-4,20184,,
2026-05-20,H97Ldv1IXtw,17536,,
2026-05-20,HBhaj0_Zm34,4352,,
2026-05-20,HDN25GTdn40,3867,,
2026-05-20,HRQ4Ibbkkco,2264,,
2026-05-20,HUbRq3GR8SI,4986,,
2026-05-20,HbNx1HcTEk4,21735,,
2026-05-20,HlwfZ6atyLw,1873,,
2026-05-20,Hsv6dNsEO40,10670,,
2026-05-20,HvQpYQlLGzg,3764,,
2026-05-20,Hwi-jokx7aI,2677,,
2026-05-20,I-S-0EO3-FA,2829,,
2026-05-20,I1sccj6fjQs,3654,,
2026-05-20,I3T6O4ez75M,4053,,
2026-05-20,I66Prbdjcn0,3435,,
2026-05-20,I70TmekxAXE,2641,,
2026-05-20,IAdR2JdoGr8,9902,,
2026-05-20,IB_3oFDAULc,11261,,
2026-05-20,IE6oyFF67A0,15117,,
2026-05-20,IEIg6U_krbY,9476,,
2026-05-20,IF966yryyqY,262,,
2026-05-20,IH591H86iFQ,7048,,
2026-05-20,IHsdTOEuG4g,8422,,
2026-05-20,IJdPXXMpYPk,806,,
2026-05-20,IKIrneFKwJY,621,,
2026-05-20,IQ3zeRLgnt4,3336,,
2026-05-20,IQQViyty9zM,2013,,
2026-05-20,ISKY2Bgz_c0,1223,,
2026-05-20,IXOacyfD7V4,12900,,
2026-05-20,IrGSyH2wlK0,1593,,
2026-05-20,IuZyLH50TMQ,22557,,
2026-05-20,Ix6NRPPJhd8,1175,,
2026-05-20,J-aiAO8-Czk,12842,,
2026-05-20,J1tRJRX44zc,2050,,
2026-05-20,JH6X6472Gdk,3392,,
2026-05-20,JNuRoWbolfs,6298,,
2026-05-20,Jep6zVwriOA,6980,,
2026-05-20,Jl2XOwlw5Z4,5123,,
2026-05-20,JpfqYvUYNr8,2205,,
2026-05-20,Ju3_gwctpM8,16330,,
2026-05-20,Jyn59AgDf6o,7078,,
2026-05-20,JzsEVr4W5ng,10998,,
2026-05-20,K1YD12TDxwo,1703,,
2026-05-20,K2T8Cd4-ba8,699,,
2026-05-20,K4YFVRGWGEY,2826,,
2026-05-20,K8o_u0_iFJU,7547,,
2026-05-20,K9Asd1xasRc,787,,
2026-05-20,KEnYv8bMxXM,38231,,
2026-05-20,KLTqQaG2asM,4373,,
2026-05-20,KMTemVbHKS4,3428,,
2026-05-20,KNT1a6LakZI,4443,,
2026-05-20,KNwEQXDv5XM,8106,,
2026-05-20,KOF8EQ_YcOU,11891,,
2026-05-20,KOedI8Dr__Y,4468,,
2026-05-20,KTnAV2qb5CY,7701,,
2026-05-20,KVaKaf9FX5I,8337,,
2026-05-20,KXoxeoaSwOA,4238,,
2026-05-20,Kh_0ICA5cfg,5263,,
2026-05-20,KiOKGmcOb_g,10127,,
2026-05-20,KlnSnb7YFEY,2670,,
2026-05-20,Kn5RCzQ9ufc,3716,,
2026-05-20,KqZv27fFQlQ,135179,,
2026-05-20,KrjMNWiU52A,16702,,
2026-05-20,KtjAJuKUbDM,15263,,
2026-05-20,L0KEJ_zq0Ak,10121,,
2026-05-20,L5c4VvuaU7w,17817,,
2026-05-20,LD8rxn2RFNE,4333,,
2026-05-20,LMbdAdrLzXg,4263,,
2026-05-20,LMryIj-gt9A,2050,,
2026-05-20,LNWGlnt3wF4,18904,,
2026-05-20,LRySNa5Y0No,5593,,
2026-05-20,LSGYVCqNEjc,4239,,
2026-05-20,LXW_Z8rp3bU,2222,,
2026-05-20,L_mpuGgHhfE,4543,,
2026-05-20,LadLiCQaAwQ,5176,,
2026-05-20,Lbrq5ramx-A,4536,,
2026-05-20,LdYe9MF1QMs,1934,,
2026-05-20,Li2lFki33xM,9160,,
2026-05-20,Lk6JhpGO69M,9555,,
2026-05-20,LmDOOPuqYG8,7504,,
2026-05-20,LpqnF4FROjg,362,,
2026-05-20,Lswdyl9nZtE,9471,,
2026-05-20,M61DCig7ZJY,6068,,
2026-05-20,MA41DUCQWfw,2526,,
2026-05-20,MM879hqJf1U,17322,,
2026-05-20,MOmBOx1LEJU,23739,,
2026-05-20,MRxgJpEyabo,4958,,
2026-05-20,MVWyRSiH4uQ,2589,,
2026-05-20,MWkhT5GG75k,6833,,
2026-05-20,MhZ5AKwboh0,9703,,
2026-05-20,MsxCeW9nTb0,3349,,
2026-05-20,Mtqdsr2BC_A,5577,,
2026-05-20,MvMstvlNNzQ,402,,
2026-05-20,MxDzq8aLzTo,789,,
2026-05-20,N0_ptJC7W48,3765,,
2026-05-20,N54m3zy-uzk,3430,,
2026-05-20,N6qK7AUqn54,10463,,
2026-05-20,N9CZswDtnCA,3330,,
2026-05-20,NELsP8DaEa8,9457,,
2026-05-20,NHGisiXq7eg,7719,,
2026-05-20,NJelRHbyeWw,7399,,
2026-05-20,NRlM9dhgPTg,4344,,
2026-05-20,NWOjsRjPomI,2691,,
2026-05-20,NX-1jJ1PuxY,7704,,
2026-05-20,Nc1nItUxpQQ,8140,,
2026-05-20,Nh7jDVmtg0I,1452,,
2026-05-20,NvFqtHcCCXs,3512,,
2026-05-20,Nz2xOcIryF4,8750,,
2026-05-20,O14qr6DPo4Q,6541,,
2026-05-20,O1awyI-zPJs,14514,,
2026-05-20,OD8Jm9Yk0WY,21143,,
2026-05-20,OH7Rlrq71To,33767,,
2026-05-20,OHt_00p2dmY,5678,,
2026-05-20,OLPoLPMdW_g,2124,,
2026-05-20,OVHP92ag6d4,4123,,
2026-05-20,OYxpHMuv29k,8775,,
2026-05-20,O_7ZySSl0mk,4100,,
2026-05-20,OcgJZnE1a6o,770,,
2026-05-20,Ocp1_PPM4sI,23032,,
2026-05-20,OddgScxecfA,6890,,
2026-05-20,Om4MsEtTrnw,1449,,
2026-05-20,OsN0NNVuu7o,19402,,
2026-05-20,Ou7NGOVJ8Pc,3203,,
2026-05-20,OwK8r2uyqHU,6664,,
2026-05-20,P5dvh5HrHaE,7352,,
2026-05-20,P6a8zyHf7YY,953,,
2026-05-20,P7i-qgVG7c4,1765,,
2026-05-20,PLFNoideC9s,11517,,
2026-05-20,PM4DofLA2g0,730,,
2026-05-20,PUTrIDHNxQs,2372,,
2026-05-20,PdO8UebbbSA,1659,,
2026-05-20,PgvLUj9yWDQ,683,,
2026-05-20,Pk77G5OfECU,5043,,
2026-05-20,PkjXvpbR1q8,9045,,
2026-05-20,PmY9rmZK_oM,1851,,
2026-05-20,Pt8zI30MFm8,6866,,
2026-05-20,PtL2ZgPSF5o,14111,,
2026-05-20,Pwf2T_cntdg,20518,,
2026-05-20,PxyjUIyE5YI,15269,,
2026-05-20,Q-dHeMod7T0,7273,,
2026-05-20,Q1zf4SC-AvQ,2819,,
2026-05-20,QLdp2ZNFM_s,5296,,
2026-05-20,QQh0twun7tg,45762,,
2026-05-20,QUNzVqhLUBw,2631,,
2026-05-20,QVi7Ze1DEz4,5544,,
2026-05-20,QY2ox96a1zA,5876,,
2026-05-20,QeCKLvz2tIM,5685,,
2026-05-20,QhRPaWYjWYc,3939,,
2026-05-20,Qrag4Jg-veo,3858,,
2026-05-20,R1S8PFUsVWg,5402,,
2026-05-20,R4hO35nd_OI,6318,,
2026-05-20,R6Ukz91VIAY,1185,,
2026-05-20,R7utAmGPE_M,631,,
2026-05-20,RO6gVW9tdbY,1593,,
2026-05-20,ROV6ce9dkfI,4158,,
2026-05-20,RUy1hElRuUQ,4963,,
2026-05-20,RVWlgBZt6h8,4993,,
2026-05-20,RXEipSzDgtc,21880,,
2026-05-20,Rb2-RE864YY,10557,,
2026-05-20,RdvRwihvUUM,3926,,
2026-05-20,RgeVF0tu6ng,897,,
2026-05-20,RhUoPPchFBU,485,,
2026-05-20,RrVaJ5z_3mU,2954,,
2026-05-20,Rs5p0EuuTDw,9767,,
2026-05-20,Ry8PCL00Sjc,2007,,
2026-05-20,RyckAyrt7xQ,29066,,
2026-05-20,S0W7nQ2q3Kg,7287,,
2026-05-20,SB5QPpcWDXk,8523,,
2026-05-20,SCwP-bR498o,2539,,
2026-05-20,SGOEY0I_FQA,33260,,
2026-05-20,SHzg-IgnKuI,25411,,
2026-05-20,SKEcZIJKPzc,3442,,
2026-05-20,SOXoRwvxcv0,10525,,
2026-05-20,SQdrkq_hBzE,1862,,
2026-05-20,SW7PfbETFx8,2795,,
2026-05-20,SWoYNH7OMZI,1080,,
2026-05-20,SeWXiEIm9oI,1653,,
2026-05-20,Sf25ENrbQGM,997,,
2026-05-20,ShJ_j2paClA,9037,,
2026-05-20,ShkacKGq5Vk,5323,,
2026-05-20,SkukxahhmRo,6790,,
2026-05-20,Sl5Fl_vOthI,3070,,
2026-05-20,Sl5sYEh_UoU,6140,,
2026-05-20,SoVnrdQ7b_s,4592,,
2026-05-20,Sq3rkK6GhuE,245,,
2026-05-20,St5jhqEeasY,4536,,
2026-05-20,T2tuMBwhuKc,6893,,
2026-05-20,TDOWMduvE1o,3082,,
2026-05-20,TEqu2JH5dYc,898,,
2026-05-20,TMvgKj-2Z9k,1009,,
2026-05-20,TP7VDtErEvY,5379,,
2026-05-20,TS9rxa7-CXg,7096,,
2026-05-20,TV3fWx4rQh0,2292,,
2026-05-20,TWUoFcCtDhA,6503,,
2026-05-20,TXAe5nqafRY,1506,,
2026-05-20,T_jQIJSkjGo,7195,,
2026-05-20,TaY5NrLNABM,1329,,
2026-05-20,Tb4JB3eFPXw,5198,,
2026-05-20,Te57wukDp8g,4556,,
2026-05-20,TgJqTy_mCR4,7057,,
2026-05-20,Tj9CJM4ti2w,1720,,
2026-05-20,TqAy1jbJ9w8,8334,,
2026-05-20,TtCijTAgvPc,5014,,
2026-05-20,TvvDTvo-L74,7642,,
2026-05-20,TwfHRcdWHRg,4122,,
2026-05-20,U4zBHwf2MTw,1699,,
2026-05-20,U9sNqbVd1L8,3929,,
2026-05-20,UCaZFYzYm9k,6422,,
2026-05-20,UHGfFw-ZT98,3765,,
2026-05-20,UJOAvX_FD7o,249,,
2026-05-20,UKzsE2t00Jw,410,,
2026-05-20,UOOBf83nIco,36510,,
2026-05-20,UQIBN4D_qIs,2656,,
2026-05-20,UUUH5xnM-Mc,5950,,
2026-05-20,UVdc7kYPJEs,1059,,
2026-05-20,UVkQsLv7n2s,2052,,
2026-05-20,UZ3583GSSOo,3932,,
2026-05-20,UhuJQBAZv84,10185,,
2026-05-20,UiD0-skn904,812,,
2026-05-20,Ulotto-Re6w,4362,,
2026-05-20,UqLF2eIaDxg,7789,,
2026-05-20,UxyCkiufJyg,3236,,
2026-05-20,V1jmHGrVs_k,8676,,
2026-05-20,V2d8qoEGyEU,231,,
2026-05-20,V3IHs2DwX0U,696,,
2026-05-20,V3nsGV2yOV8,2281,,
2026-05-20,V50CUypS7UM,2930,,
2026-05-20,V6AOpDTpCO4,4922,,
2026-05-20,V6Lm17-mfxA,4382,,
2026-05-20,V6d2Dc1l7BA,7146,,
2026-05-20,VKJLsmW95wc,3715,,
2026-05-20,VKMMVQtaDrM,11369,,
2026-05-20,VLJJ9zvdj2Y,4966,,
2026-05-20,VTOl1gAKo44,3163,,
2026-05-20,VTszds8Y7rU,7959,,
2026-05-20,Vb5gSRAHXCA,3861,,
2026-05-20,VlgtaUj_dho,4022,,
2026-05-20,VoU-7YGmoo0,1851,,
2026-05-20,VvVtNiE0bjA,3964,,
2026-05-20,VwTMGmXxghU,18545,,
2026-05-20,W3I8gwLv0Ro,2873,,
2026-05-20,W6U3fBgQoVg,1970,,
2026-05-20,WD7EzA2sbnI,2097,,
2026-05-20,WIP6ZDjQmww,9467,,
2026-05-20,WKMTSCW51fI,5204,,
2026-05-20,WNFEf_ZwNFw,434,,
2026-05-20,WNhZUBZ8tUc,43548,,
2026-05-20,WUchEyRFIxw,3646,,
2026-05-20,WWIB8ZW1i6w,2896,,
2026-05-20,WYGsRorORyI,16180,,
2026-05-20,WjgW6u9Tde8,2005,,
2026-05-20,Wu4lafiHjh0,7283,,
2026-05-20,WvVMuiXrqcI,7396,,
2026-05-20,X22UHszz5Dg,4416,,
2026-05-20,X5L0LaarTLg,10421,,
2026-05-20,XAQ_GYsV52A,9969,,
2026-05-20,XEqxbZoaqUw,5142,,
2026-05-20,XIhM9oLObuU,2480,,
2026-05-20,XVwO4OvjwI4,2399,,
2026-05-20,XWSWCP3TBrc,2813,,
2026-05-20,Xm4ScqSNV10,4418,,
2026-05-20,XsCgtUDrxck,2150,,
2026-05-20,Y66yYblAsq8,1846,,
2026-05-20,Y7Rm_Bmu-K0,37082,,
2026-05-20,Y8YjZOGrhJI,3849,,
2026-05-20,YA85ddRTnus,4945,,
2026-05-20,YA_LFvsyLoU,2245,,
2026-05-20,YBMZINlORaw,5878,,
2026-05-20,YDlHWsYd23o,4302,,
2026-05-20,YDmxUb_oNLI,2735,,
2026-05-20,YFjQz7FijWM,15004,,
2026-05-20,YOe2PL-1gT0,671,,
2026-05-20,YXqYOapYqYc,7569,,
2026-05-20,Y_mkJt3oY_k,3520,,
2026-05-20,YiKIKU-5KpY,0,,
2026-05-20,YpCAi9ofhjs,4308,,
2026-05-20,YpMxtemC5y8,4772,,
2026-05-20,YqZzdPYfnso,3588,,
2026-05-20,Ytbx-7bzEGc,4264,,
2026-05-20,Z-s3rXFeosc,6557,,
2026-05-20,Z12fVM_cnaI,10426,,
2026-05-20,Z2njQkTQDKY,5148,,
2026-05-20,Z9Jjrb6xQeo,3526,,
2026-05-20,ZA_G9BP9HLY,484,,
2026-05-20,ZE2dghmFE8Y,22394,,
2026-05-20,ZE3jHXXiSBY,9112,,
2026-05-20,ZE9ENcHPRr8,23892,,
2026-05-20,ZG72S1_wBC0,4929,,
2026-05-20,ZY_oCjE95Ss,393,,
2026-05-20,ZZBZkqJqvu8,10875,,
2026-05-20,Z_REKs508KY,6553,,
2026-05-20,ZaksbmqvxNM,8172,,
2026-05-20,ZcdQLCEyjjU,8483,,
2026-05-20,ZfQ7oKzL-Pw,12359,,
2026-05-20,ZgN1aMmXELI,4744,,
2026-05-20,Zq-NFi8kxlo,48164,,
2026-05-20,ZrqtNoiNSdw,4725,,
2026-05-20,ZsIml_y5qU4,145,,
2026-05-20,ZtUTR0E7VPY,44909,,
2026-05-20,ZvUISEnjqbQ,5283,,
2026-05-20,ZzYTRvOWH1I,4357,,
2026-05-20,_3MWGJ7MUTA,2793,,
2026-05-20,_8p1UyvwmhI,3797,,
2026-05-20,_9BI3P-OH84,1712,,
2026-05-20,_ALc4VJkpjA,11101,,
2026-05-20,_BvUrcl5tls,3139,,
2026-05-20,_EZK5vA1EX0,5073,,
2026-05-20,_FzLqe9KziY,2474,,
2026-05-20,_Jlf2Q0xGZ8,5716,,
2026-05-20,_LzDM8xt_dA,7744,,
2026-05-20,_NHlgOF-WU0,405,,
2026-05-20,_OsQEaApgwY,2511,,
2026-05-20,_UWA2fCxRHI,3700,,
2026-05-20,_auL36M33Aw,2579,,
2026-05-20,_eLkGBx1XiE,1055,,
2026-05-20,_fcTS5NosDs,1559,,
2026-05-20,_r9bm8JLsKc,3267,,
2026-05-20,_wWswU9t8HU,212,,
2026-05-20,_xEjpsA_iVg,2020,,
2026-05-20,_zVLb3rpe5I,6047,,
2026-05-20,_zuQYhMwTgs,5445,,
2026-05-20,a2L6AbyANjw,13157,,
2026-05-20,a2n31BGGWFI,4092,,
2026-05-20,a65XoIF7K7Y,7797,,
2026-05-20,a6qWlOZtG3E,2130,,
2026-05-20,a8g5MvFPwxo,6030,,
2026-05-20,aD-WkrzMJrk,2285,,
2026-05-20,aDDnbn7KVls,12443,,
2026-05-20,aIcW25HaFsI,5033,,
2026-05-20,aMG8tqZ6bW0,2876,,
2026-05-20,aOOR5vp4Kl0,3595,,
2026-05-20,aQF7qqm1iHE,2378,,
2026-05-20,aYgFb-fiwxA,11623,,
2026-05-20,acvpoQwncqI,3021,,
2026-05-20,ad5pxORFPfk,2440,,
2026-05-20,adsB3sGIcVQ,5595,,
2026-05-20,afLeJEbZs2k,6375,,
2026-05-20,ahyTF-4Agkg,981,,
2026-05-20,akC-r5hlDkc,2135,,
2026-05-20,aoh738yJBRA,6317,,
2026-05-20,aqbo0yu_l6g,15727,,
2026-05-20,ar-bXQYvUhs,2418,,
2026-05-20,ath0o3oOJCs,6274,,
2026-05-20,b4fNiXZPqRQ,10023,,
2026-05-20,bHJfRtPpY6E,1646,,
2026-05-20,bHuv7kKqe-A,8172,,
2026-05-20,bJHikj8skz4,2963,,
2026-05-20,bQaZqs74i2Y,5248,,
2026-05-20,bT7qGpnOpo4,4731,,
2026-05-20,b_Obp5cBRZk,5499,,
2026-05-20,bi3ZAQbw8EI,1860,,
2026-05-20,bqTNuZQOziA,9940,,
2026-05-20,bqf0zywB-Wo,11676,,
2026-05-20,c2ket6Qczzw,1466,,
2026-05-20,c3rRnSi93Lw,8685,,
2026-05-20,c6WqvHRlRkc,4318,,
2026-05-20,c9CotszUwYQ,2347,,
2026-05-20,cFn-fD2GmYU,2536,,
2026-05-20,cJwXjAKA0-k,5150,,
2026-05-20,cR199eKHJ4k,343,,
2026-05-20,cWyP2mrcwdM,760,,
2026-05-20,cevjHgZRbrg,292,,
2026-05-20,cfGpIvLPcPw,4914,,
2026-05-20,cga1y52KSCk,2957,,
2026-05-20,cjpnhsKzs1Q,2808,,
2026-05-20,coqZMUFd2C0,35126,,
2026-05-20,cpd3lbm5tL8,3515,,
2026-05-20,cqPVe0nQ1A0,5140,,
2026-05-20,cuZsMnQlDQU,13439,,
2026-05-20,d-msiY5zz5A,3073,,
2026-05-20,d-zJskCnHpI,3071,,
2026-05-20,d09nbbfOIA8,5069,,
2026-05-20,dA0DwmLmQ9s,5851,,
2026-05-20,dFH36q7iWiU,241,,
2026-05-20,dHJbG72Itp8,15419,,
2026-05-20,dIqUY3R2_3A,7896,,
2026-05-20,dSmFHbtrZ7g,17409,,
2026-05-20,dURDUSYCm68,15097,,
2026-05-20,dWatNWKO9uk,3512,,
2026-05-20,de7gpeHMS1Q,381,,
2026-05-20,dgkZoy66esM,5276,,
2026-05-20,dijHVnTV0aM,6105,,
2026-05-20,dl3KzRCU-aQ,6527,,
2026-05-20,dlABqtYhbMk,6031,,
2026-05-20,dmbvfKzFSLo,3005,,
2026-05-20,dn-xSg_FT0A,17149,,
2026-05-20,dnI29M9CE44,3821,,
2026-05-20,dnUUMRDbasE,1866,,
2026-05-20,dp7vq7hweXs,1914,,
2026-05-20,dtdf5AeXwB8,418,,
2026-05-20,dtoZraGBx54,15044,,
2026-05-20,dv-40oFi5ak,6290,,
2026-05-20,dx9Qe_629yE,8665,,
2026-05-20,e061vqWD0lQ,999,,
2026-05-20,e6iHP-UMZnk,5222,,
2026-05-20,e83i1spluHo,6357,,
2026-05-20,eGnLjzejgI4,2980,,
2026-05-20,eK7uM-EeLIk,7642,,
2026-05-20,eLcRSVAncfc,1333,,
2026-05-20,eLhCLA0Jndo,2203,,
2026-05-20,eM2S4pWeczs,146186,,
2026-05-20,eOxOgo6VNzQ,3562,,
2026-05-20,eUkmg5xOC7c,2305,,
2026-05-20,eYY-goMG0N0,4298,,
2026-05-20,ebpANnTL0zw,13046,,
2026-05-20,ecutxRcKQ6I,6399,,
2026-05-20,enR1CfAS5zo,2042,,
2026-05-20,ensnUIxTUHE,13941,,
2026-05-20,eokbRB_Y2CU,4256,,
2026-05-20,er-8YWX70rk,11814,,
2026-05-20,etbk0Z69oDs,808,,
2026-05-20,eu92DDq5snw,5510,,
2026-05-20,eymQ0rXs7d8,6141,,
2026-05-20,f-aH0vpaoyo,9896,,
2026-05-20,f1eFQJocAow,7145,,
2026-05-20,f7yvLMqdMJo,4105,,
2026-05-20,f8fN8Uqbb8s,6055,,
2026-05-20,fFdiFTfeCwE,6122,,
2026-05-20,fFgFYRumrDU,10956,,
2026-05-20,fG1-74pj6A4,15768,,
2026-05-20,fHYBRGdrXo0,1945,,
2026-05-20,fIo8SE2ky98,2954,,
2026-05-20,fKvvShsdaWU,18701,,
2026-05-20,fMmn4SMuSdE,4629,,
2026-05-20,fQwyeIriRx8,8238,,
2026-05-20,fZ7RRiEw54E,6255,,
2026-05-20,fbZea8wkoe8,9678,,
2026-05-20,ff5ZGdHsgIA,1091,,
2026-05-20,fg72xV_ZX8g,782,,
2026-05-20,fj2SC2FA324,2014,,
2026-05-20,flJTAxtk67w,11057,,
2026-05-20,flbyvShpL18,4881,,
2026-05-20,fsI10W24Ya8,7953,,
2026-05-20,gAPX20Ja0zk,2628,,
2026-05-20,gENAeokhMHI,3966,,
2026-05-20,gK1VHYEXt_0,223,,
2026-05-20,gNEGNjVWO0Q,2835,,
2026-05-20,gVj7YvOUjfc,1030,,
2026-05-20,gWdtuyZNxeQ,11023,,
2026-05-20,gXT5p-IBNMg,6009,,
2026-05-20,goQs8La8e94,28402,,
2026-05-20,gpKioDijRD4,1520,,
2026-05-20,gtGmlmLZ3Ps,1206,,
2026-05-20,gy_rDsWx8_4,4895,,
2026-05-20,h1qNF-YaHX8,4829,,
2026-05-20,hBhD4lpfrvw,4132,,
2026-05-20,hBqhV23fZnE,3907,,
2026-05-20,hD4BjVn9YXw,4430,,
2026-05-20,hRgIER_2tZg,1184,,
2026-05-20,hSuSN9-UZUY,14800,,
2026-05-20,hUQqvZGsp6A,3456,,
2026-05-20,hVMJN3o6-5g,10707,,
2026-05-20,hX5lVJXMurI,6298,,
2026-05-20,h_v3GcIgbvM,18804,,
2026-05-20,hhwrtf3g0yY,4644,,
2026-05-20,hnnt5l96vVE,3503,,
2026-05-20,hrA_TspDTyM,2723,,
2026-05-20,hsiq1QlJqCs,36913,,
2026-05-20,htuK8cgwC-E,2568,,
2026-05-20,hwX4Jil8AFY,2217,,
2026-05-20,hy7L_a8J9z4,6031,,
2026-05-20,hyisCTgnS0g,805,,
2026-05-20,i4tThjQW98w,1476,,
2026-05-20,i5Ufb0FYkDM,2833,,
2026-05-20,i6kooD4epJ0,9338,,
2026-05-20,iCV7kvzQ_bA,18841,,
2026-05-20,iCrYuW2ixu8,2157,,
2026-05-20,iEHsfr9bvpg,11749,,
2026-05-20,iFu9J3h8RBY,8044,,
2026-05-20,iHt3VLuizj4,3620,,
2026-05-20,iKMz8ICRe8I,20165,,
2026-05-20,iNIxuEi7V54,2213,,
2026-05-20,iRyAJEXB_hE,3159,,
2026-05-20,iY0az_GdCiI,4716,,
2026-05-20,iYHt1pdScK0,200732,,
2026-05-20,i_bfUG57Je8,10543,,
2026-05-20,ipf-y1PaGBg,3688,,
2026-05-20,iuZ57o6ph1A,2407,,
2026-05-20,ixG3RWG-Xdw,10438,,
2026-05-20,j3BrzaBGJqY,3117,,
2026-05-20,j50kYrWuR6U,1319,,
2026-05-20,j9lMyW5Emo0,7253,,
2026-05-20,jBZnliX8R7M,5258,,
2026-05-20,jCGuQ1T3kUE,11011,,
2026-05-20,jQiLi6ev9zM,4893,,
2026-05-20,jTEvYjhQKTM,3484,,
2026-05-20,jV8i3ErC3MA,10220,,
2026-05-20,jdAA_65-h0E,16681,,
2026-05-20,jfEMLlPzKEU,7831,,
2026-05-20,jgfWTFUl_58,1418,,
2026-05-20,jh22fly0d-k,5173,,
2026-05-20,jlV4MmBxgPI,13133,,
2026-05-20,jrnfWiLWFJw,380,,
2026-05-20,k1SjNJaOJcA,6955,,
2026-05-20,k3yhL30Kpnw,1607,,
2026-05-20,k4GBTLOy9aE,11026,,
2026-05-20,k73d1z4sXCE,2511,,
2026-05-20,kCTe19NTny4,2073,,
2026-05-20,kCcXFPN8bK0,2688,,
2026-05-20,kETEBzJrtSA,7274,,
2026-05-20,kFWumpkL5yI,3256,,
2026-05-20,kO5VQOB3sxI,6247,,
2026-05-20,kSbp6GNfK7Y,4414,,
2026-05-20,kUDZK_9QPtA,14016,,
2026-05-20,kYmLSudfROM,5622,,
2026-05-20,kb2G7jcB3Ls,4268,,
2026-05-20,keYeekasjI8,19642,,
2026-05-20,kjl_jo_1HTg,2442,,
2026-05-20,ko82nHa36U4,8583,,
2026-05-20,kpcxQ1XCrq8,252,,
2026-05-20,kr9WECLcJWU,3703,,
2026-05-20,ktZgSqvfl8o,449,,
2026-05-20,kuoLAhyeaJQ,3864,,
2026-05-20,kzApFdb-KEs,776,,
2026-05-20,kzQhIJnlTsI,95236,,
2026-05-20,l4OOeF2yo9Y,3763,,
2026-05-20,lADjNtrJtIo,3091,,
2026-05-20,lCTSpZlGMb4,3639,,
2026-05-20,lN4Nv7R4sBI,10223,,
2026-05-20,lOciy5N92Lg,1560,,
2026-05-20,lOomWUxwNlQ,4411,,
2026-05-20,lSkunEYX5Go,1725,,
2026-05-20,lTCDfNnY4u8,5679,,
2026-05-20,lZj5qfUurLw,3984,,
2026-05-20,lZm2ZwjEy38,2961,,
2026-05-20,lgNWcFP2Ltg,12111,,
2026-05-20,lr1GJQXbj4c,1945,,
2026-05-20,lvOd4uyJkFE,30578,,
2026-05-20,lvtS_HSjXUA,10292,,
2026-05-20,m1gcxwLGPos,5640,,
2026-05-20,m6233lu5J9Q,11511,,
2026-05-20,m9q3qhKxbk4,2447,,
2026-05-20,mDDcQa5yCfI,20534,,
2026-05-20,mHE2XXExu7Q,1251,,
2026-05-20,mHSNcvaQ8YU,1017,,
2026-05-20,mM4k2pf-l9E,6007,,
2026-05-20,mNKdQ1YwHPc,2867,,
2026-05-20,m_vvvpnOHfw,406,,
2026-05-20,mhXS2cpJlRo,1945,,
2026-05-20,mkJ-QgvLtyk,12134,,
2026-05-20,mnu4iJG72y8,5462,,
2026-05-20,n5WXv528CII,17664,,
2026-05-20,n93OGgP941o,2336,,
2026-05-20,n9XvIj6hOjc,2130,,
2026-05-20,nDLFzy9hIow,9635,,
2026-05-20,nF0VXXPcAh4,3023,,
2026-05-20,nMQCA_C9zoQ,101222,,
2026-05-20,nPV7ftm2WSg,2174,,
2026-05-20,nRTuARH-N9A,639,,
2026-05-20,nZ-Yf21ufww,9417,,
2026-05-20,n_8ek8wvHc8,5471,,
2026-05-20,nbqcaybmEe8,11563,,
2026-05-20,neQ91eM5hw4,21101,,
2026-05-20,nuEwWBGiQ4c,3825,,
2026-05-20,nwbp-b7PO4g,7203,,
2026-05-20,nxJqaJgDQIE,4285,,
2026-05-20,nyHN_s3QpkY,6956,,
2026-05-20,o0dULDtKQ-8,9921,,
2026-05-20,o4tmiD22BLI,18287,,
2026-05-20,oCAyG5S7cIw,10281,,
2026-05-20,oDeAAnpEEXU,1920,,
2026-05-20,oKTvQ7d9gYw,26980,,
2026-05-20,oPCHIAxcTHw,37234,,
2026-05-20,oRXt4EmUmKk,4231,,
2026-05-20,oUdstwXRu2c,2763,,
2026-05-20,oZh7YlRGlqA,5082,,
2026-05-20,oZjiL501lAY,1412,,
2026-05-20,o_FRQ02nigQ,5526,,
2026-05-20,ofwkfFci1iI,3330,,
2026-05-20,ol2a1T0BgrM,4372,,
2026-05-20,ol_M2L_mjBI,2601,,
2026-05-20,onlJoxwtQec,1366,,
2026-05-20,oo0K4ydn4rw,5952,,
2026-05-20,p-Ig77st4KY,6649,,
2026-05-20,p23Rm9i_EIg,6335,,
2026-05-20,p6uuiKju1Gc,4273,,
2026-05-20,p8GqOFBpR5w,4719,,
2026-05-20,p8ZK2nre57U,3771,,
2026-05-20,pC_lpEworvo,1020,,
2026-05-20,pGUjxBQqY5E,3971,,
2026-05-20,pKvwesJ8-t0,8718,,
2026-05-20,pRB23hC8dZY,3110,,
2026-05-20,pTqxjQV_PYU,8305,,
2026-05-20,pUPzkqLt5WM,4554,,
2026-05-20,pWY2T3MqfCw,3429,,
2026-05-20,pdIXWsxp0_g,3757,,
2026-05-20,pj41DZonKFU,5047,,
2026-05-20,pms2oKZcuqo,3403,,
2026-05-20,ptv9GRoEKs0,3689,,
2026-05-20,pyuB406DLuo,11319,,
2026-05-20,pzLWWa96_lE,5853,,
2026-05-20,q4mgxHWrmLM,6366,,
2026-05-20,q52xE5uCNT0,11514,,
2026-05-20,qIxGLqP2ZBA,3295,,
2026-05-20,qJ6pJMN4eiA,2633,,
2026-05-20,qMz0UbGJq4Y,6686,,
2026-05-20,qZi9yeRBf94,3740,,
2026-05-20,q_TknmNwvqA,5951,,
2026-05-20,qabDQ1ebZbQ,5856,,
2026-05-20,qbXC7hLKuGM,260,,
2026-05-20,qd6gmV0qrrk,14228,,
2026-05-20,qiI-rwVGiYQ,1967,,
2026-05-20,qkMCHJ28vsI,2293,,
2026-05-20,qmcbY6Sr_mw,2970,,
2026-05-20,qqQxwunPfLo,5147,,
2026-05-20,qzy12XbaJQ4,1498,,
2026-05-20,r0ZddKvFa9w,7588,,
2026-05-20,r3P6BU0gEVU,7418,,
2026-05-20,r4YE2Zghgbc,2821,,
2026-05-20,rAxPIoC8bB4,12439,,
2026-05-20,rJ6YCE4gWS0,1628,,
2026-05-20,rJeHPb9VWP4,2340,,
2026-05-20,rLZUcW0DBTM,9751,,
2026-05-20,rLfvnvBj8Ls,4536,,
2026-05-20,rR2A9ezT_gg,16267,,
2026-05-20,rULrrI9GfWU,1318,,
2026-05-20,rV23IXWdDOY,17030,,
2026-05-20,rVEh3PGiggk,372,,
2026-05-20,r_lWb2SpHO4,10237,,
2026-05-20,rckZ2uBOGYs,4258,,
2026-05-20,rixzhpBKdfg,2556,,
2026-05-20,rlnx986Qxkc,12707,,
2026-05-20,rojYn7h_-U4,2229,,
2026-05-20,rqcOPT_Dg7A,7045,,
2026-05-20,ruxKM1qX0Dc,11270,,
2026-05-20,rzIPT2DPtvA,5586,,
2026-05-20,s2GjWfPbh9I,1946,,
2026-05-20,sHQg97i_Hp0,155,,
2026-05-20,sO1rprIWDas,4237,,
2026-05-20,sQH3xPVic6Y,3871,,
2026-05-20,sVwAWTxKDJ0,7763,,
2026-05-20,sXRGp_ttFI4,7026,,
2026-05-20,sZhgf8PQ5gc,8539,,
2026-05-20,scIFhQSvvlE,2717,,
2026-05-20,scM9aI9kTus,4860,,
2026-05-20,skABNIsQ3fA,12341,,
2026-05-20,sl11WONqgaQ,2413,,
2026-05-20,smATVd6dk-k,13867,,
2026-05-20,sqx6twZgR-k,3873,,
2026-05-20,ssIA_N2u50Y,7162,,
2026-05-20,syPu5HdMT4k,1016,,
2026-05-20,t01TItG_UAQ,592,,
2026-05-20,t1UIIjuMirY,8759,,
2026-05-20,t1kj63890o8,3450,,
2026-05-20,t3G_N5DO6us,6152,,
2026-05-20,t4gVVdxtNWE,8592,,
2026-05-20,tGsk0H21JgE,2128,,
2026-05-20,t_RBOUZAqGw,4439,,
2026-05-20,tcomjtcMjLE,1105,,
2026-05-20,tdc-zfxIlEY,31745,,
2026-05-20,tiDCtcHjdQU,7035,,
2026-05-20,trS0kTq6Tk8,1648,,
2026-05-20,txSX7-1XQOE,2639,,
2026-05-20,tyRJESdSDm4,14505,,
2026-05-20,tz7n--I4rDU,1476,,
2026-05-20,u00LAYagwGo,4460,,
2026-05-20,u4e1ijV4iRQ,5252,,
2026-05-20,u7xKzLuKt5I,17621,,
2026-05-20,uXbngiOXOD0,10226,,
2026-05-20,ub9JNL8EhJ4,1463,,
2026-05-20,uk5ADKNqHoc,1429,,
2026-05-20,ul9Sw7brukY,1552,,
2026-05-20,umNEJg2sj50,964,,
2026-05-20,un8Mt5f-mUE,10545,,
2026-05-20,usRrwR8CUb8,8861,,
2026-05-20,uxxwN68AJHE,5422,,
2026-05-20,v-ylvHTi_Mc,3343,,
2026-05-20,v0kp6W42yf4,2892,,
2026-05-20,v1J7bERLirA,3211,,
2026-05-20,v9INdKeBJEI,41297,,
2026-05-20,vDzWHTMsp_Y,1722,,
2026-05-20,vHvpM9nSO3Q,4033,,
2026-05-20,vIAhcX4SppA,3175,,
2026-05-20,vKYW7MTBAFg,10011,,
2026-05-20,vM5V9hoDKnQ,8887,,
2026-05-20,vQI78T3g4Gg,6069,,
2026-05-20,vUEmbLAxZ0Y,1099,,
2026-05-20,vWTTG9XlMoY,12999,,
2026-05-20,v_JJzLJ0eRw,4735,,
2026-05-20,vmSPrsKC8i8,48436,,
2026-05-20,vqsoh8y6xa8,5442,,
2026-05-20,vuvK_DUcqCk,7568,,
2026-05-20,vy88MX2ss_g,7279,,
2026-05-20,vyg196YvsgE,1021,,
2026-05-20,w3HciqK70s4,1636,,
2026-05-20,w68xGF_YIgU,24586,,
2026-05-20,w6b2AkddE8Y,2636,,
2026-05-20,w9kpcvkWngA,6533,,
2026-05-20,wBWXzI7uJYo,3671,,
2026-05-20,wGDSdaXZj00,44498,,
2026-05-20,wHcblaGXua8,9892,,
2026-05-20,wLB8pR4uME0,2689,,
2026-05-20,wSEMUoR4FS4,1492,,
2026-05-20,wSnq-Unha34,131229,,
2026-05-20,wX47G7oi_Z4,1958,,
2026-05-20,wg1R2_G_LEc,5983,,
2026-05-20,wnahjxPk5rk,2288,,
2026-05-20,wpHm4ARAChc,20457,,
2026-05-20,wpWCpGTZE2A,1886,,
2026-05-20,wuZgRtutoHQ,8153,,
2026-05-20,wutJAXwvMqo,8997,,
2026-05-20,wwtaQ_PNx1M,2955,,
2026-05-20,wxWz6zDC2wo,1472,,
2026-05-20,wzSn1b5XXtk,1862,,
2026-05-20,x3gjYoDR5tA,2626,,
2026-05-20,x5fPiJUOMk0,3854,,
2026-05-20,xMbY5fkmK0A,3495,,
2026-05-20,xQKEy65zAso,64091,,
2026-05-20,xTpYdSgeWPc,1179,,
2026-05-20,xZIOdejjTlg,2753,,
2026-05-20,x_KffjhARa0,2787,,
2026-05-20,xe6w3VmUf5I,6009,,
2026-05-20,xs2J2KW1q8Q,8409,,
2026-05-20,xvdkNKQAbJ8,1817,,
2026-05-20,xwLoo8ThKHI,857,,
2026-05-20,xxC2s5JBYZM,332,,
2026-05-20,xya7ZlFJ-x8,2258,,
2026-05-20,y3rXMXG_UF8,3611,,
2026-05-20,y4Yqheg9DuY,15161,,
2026-05-20,y6T5kX1L0aw,1627,,
2026-05-20,y76fsYJCAO0,1630,,
2026-05-20,y8mTWAs2PPw,3166,,
2026-05-20,yF9W5KZ4lfs,6496,,
2026-05-20,yGc4NnBE6nY,4891,,
2026-05-20,yKCrM_XkKaY,15173,,
2026-05-20,yKIM1UxtbpU,2012,,
2026-05-20,yPh9jEw5_Lw,2783,,
2026-05-20,ySg8CEjxwwo,5771,,
2026-05-20,yUQ4NYv_io0,3313,,
2026-05-20,yXWhKEoL3QU,3945,,
2026-05-20,yeBCQurwTAM,3861,,
2026-05-20,yo-Wdxc6ng0,3492,,
2026-05-20,yrJ1mvA6eIM,9955,,
2026-05-20,yrcwoFLtS5Y,7327,,
2026-05-20,ytt9pEb78FA,4955,,
2026-05-20,z-n_vz4gFRw,14029,,
2026-05-20,z0A-aCcVXSA,3072,,
2026-05-20,z2SU31i7Uo4,9139,,
2026-05-20,z8MJYHsQh5c,16266,,
2026-05-20,zCk1p-hPBCs,156,,
2026-05-20,zDtacZ_qT0Y,11878,,
2026-05-20,zI6L_SkYqkU,1238,,
2026-05-20,zLgpLCYCbyA,2519,,
2026-05-20,zSvZdF7CBjU,6175,,
2026-05-20,zVMIZRDSvCc,1737,,
2026-05-20,zceKtRTdgSo,12172,,
2026-05-20,zjYgzIlRmOk,6981,,
2026-05-20,zksWnpcM05I,4153,,
2026-05-20,zpX-Xs1a9MY,3123,,
2026-05-20,zrRTPvOBEnU,2813,,
2026-05-20,zsRQcswYx8w,2813,,
2026-05-20,zsYZHcSRvB8,25158,,
2026-05-20,zsaXdCEuYsY,2248,,
2026-05-20,zufjmNpcSlg,1605,,
2026-05-20,zvjhIylspTc,10120,,
2026-05-20,zxwGfKCo6as,4756,,
2026-05-20,zyY2aRVZMp4,1252,,
2026-05-20,zzWIE6Sg_E0,22073,,
2026-05-21,3A0Gwb7nmw8,2513,,
2026-05-21,5b4RSDrkc8I,4444,,
2026-05-21,Ati51CQqpKY,5493,,
2026-05-21,KNwEQXDv5XM,8114,,
2026-05-21,Kh_0ICA5cfg,5311,,
2026-05-21,MOmBOx1LEJU,24173,,
2026-05-21,N9CZswDtnCA,3333,,
2026-05-21,PmY9rmZK_oM,1854,,
2026-05-21,QQh0twun7tg,45807,,
2026-05-21,SoVnrdQ7b_s,4602,,
2026-05-21,U9sNqbVd1L8,3935,,
2026-05-21,UVkQsLv7n2s,2077,,
2026-05-21,UxyCkiufJyg,3241,,
2026-05-21,WUchEyRFIxw,3653,,
2026-05-21,_ALc4VJkpjA,11136,,
2026-05-21,dA0DwmLmQ9s,5866,,
2026-05-21,eokbRB_Y2CU,4257,,
2026-05-21,f1eFQJocAow,7155,,
2026-05-21,iY0az_GdCiI,4787,,
2026-05-21,p-Ig77st4KY,6731,,
2026-05-21,pTqxjQV_PYU,8312,,
2026-05-21,pj41DZonKFU,5057,,
2026-05-21,sl11WONqgaQ,2607,,
2026-05-21,xZIOdejjTlg,2753,,
2026-05-21,yeBCQurwTAM,3862,,
2026-05-22,-Fkj0aK2dO8,5486,,
2026-05-22,3A0Gwb7nmw8,2519,,
2026-05-22,5b4RSDrkc8I,4450,,
2026-05-22,7sRKccOoPbY,8605,,
2026-05-22,Ati51CQqpKY,5496,,
2026-05-22,KNwEQXDv5XM,8125,,
2026-05-22,Kh_0ICA5cfg,5348,,
2026-05-22,MOmBOx1LEJU,24601,,
2026-05-22,N9CZswDtnCA,3335,,
2026-05-22,PmY9rmZK_oM,1855,,
2026-05-22,QQh0twun7tg,45840,,
2026-05-22,SoVnrdQ7b_s,4610,,
2026-05-22,U9sNqbVd1L8,3940,,
2026-05-22,UVkQsLv7n2s,2096,,
2026-05-22,UxyCkiufJyg,3246,,
2026-05-22,WUchEyRFIxw,3663,,
2026-05-22,_ALc4VJkpjA,11168,,
2026-05-22,cMFi9XkhDDQ,2544,,
2026-05-22,dA0DwmLmQ9s,5873,,
2026-05-22,eokbRB_Y2CU,4263,,
2026-05-22,f1eFQJocAow,7176,,
2026-05-22,iY0az_GdCiI,4827,,
2026-05-22,p-Ig77st4KY,6794,,
2026-05-22,pTqxjQV_PYU,8321,,
2026-05-22,pj41DZonKFU,5063,,
2026-05-22,sl11WONqgaQ,2703,,
2026-05-22,xZIOdejjTlg,2762,,
2026-05-22,yeBCQurwTAM,3866,,
2026-05-22,zx1Xu1eI_UM,1281,,
2026-05-23,3A0Gwb7nmw8,2525,,
2026-05-23,5b4RSDrkc8I,4454,,
2026-05-23,Ati51CQqpKY,5500,,
2026-05-23,KNwEQXDv5XM,8130,,
2026-05-23,Kh_0ICA5cfg,5396,,
2026-05-23,MOmBOx1LEJU,24896,,
2026-05-23,N9CZswDtnCA,3336,,
2026-05-23,PmY9rmZK_oM,1859,,
2026-05-23,QQh0twun7tg,45864,,
2026-05-23,SoVnrdQ7b_s,4623,,
2026-05-23,U9sNqbVd1L8,3958,,
2026-05-23,UVkQsLv7n2s,2101,,
2026-05-23,UxyCkiufJyg,3248,,
2026-05-23,WUchEyRFIxw,3671,,
2026-05-23,_ALc4VJkpjA,11204,,
2026-05-23,dA0DwmLmQ9s,5889,,
2026-05-23,f1eFQJocAow,7182,,
2026-05-23,iY0az_GdCiI,4881,,
2026-05-23,p-Ig77st4KY,6822,,
2026-05-23,pTqxjQV_PYU,8338,,
2026-05-23,pj41DZonKFU,5073,,
2026-05-23,sl11WONqgaQ,2750,,
2026-05-23,xZIOdejjTlg,2770,,
2026-05-23,yeBCQurwTAM,3870,,
2026-05-23,zx1Xu1eI_UM,1441,,
2026-05-24,3A0Gwb7nmw8,2538,,
2026-05-24,5b4RSDrkc8I,4459,,
2026-05-24,Ati51CQqpKY,5507,,
2026-05-24,KNwEQXDv5XM,8142,,
2026-05-24,Kh_0ICA5cfg,5430,,
2026-05-24,MOmBOx1LEJU,25235,,
2026-05-24,N9CZswDtnCA,3343,,
2026-05-24,PmY9rmZK_oM,1861,,
2026-05-24,QQh0twun7tg,45896,,
2026-05-24,SoVnrdQ7b_s,4631,,
2026-05-24,U9sNqbVd1L8,3968,,
2026-05-24,UVkQsLv7n2s,2106,,
2026-05-24,UxyCkiufJyg,3253,,
2026-05-24,WUchEyRFIxw,3684,,
2026-05-24,_ALc4VJkpjA,11244,,
2026-05-24,dA0DwmLmQ9s,5899,,
2026-05-24,f1eFQJocAow,7195,,
2026-05-24,iY0az_GdCiI,4914,,
2026-05-24,p-Ig77st4KY,6848,,
2026-05-24,pTqxjQV_PYU,8344,,
2026-05-24,pj41DZonKFU,5080,,
2026-05-24,sl11WONqgaQ,2796,,
2026-05-24,xZIOdejjTlg,2772,,
2026-05-24,yeBCQurwTAM,3873,,
2026-05-24,zx1Xu1eI_UM,1543,,
2026-05-25,3A0Gwb7nmw8,2547,,
2026-05-25,5b4RSDrkc8I,4462,,
2026-05-25,Ati51CQqpKY,5529,,
2026-05-25,ClAz_Etby1k,3503,,
2026-05-25,KNwEQXDv5XM,8150,,
2026-05-25,Kh_0ICA5cfg,5468,,
2026-05-25,MOmBOx1LEJU,25601,,
2026-05-25,N9CZswDtnCA,3346,,
2026-05-25,Nhb3_wu7Ddk,13379,,
2026-05-25,PmY9rmZK_oM,1868,,
2026-05-25,QQh0twun7tg,45943,,
2026-05-25,SoVnrdQ7b_s,4645,,
2026-05-25,U9sNqbVd1L8,3978,,
2026-05-25,UVkQsLv7n2s,2121,,
2026-05-25,UxyCkiufJyg,3259,,
2026-05-25,WUchEyRFIxw,3698,,
2026-05-25,_ALc4VJkpjA,11296,,
2026-05-25,dA0DwmLmQ9s,5912,,
2026-05-25,f1eFQJocAow,7213,,
2026-05-25,iY0az_GdCiI,4956,,
2026-05-25,p-Ig77st4KY,6901,,
2026-05-25,pTqxjQV_PYU,8365,,
2026-05-25,pj41DZonKFU,5089,,
2026-05-25,sl11WONqgaQ,2871,,
2026-05-25,svTgRSTyypU,29071,,
2026-05-25,xZIOdejjTlg,2779,,
2026-05-25,yeBCQurwTAM,3876,,
2026-05-25,zx1Xu1eI_UM,1625,,
2026-05-26,3A0Gwb7nmw8,2560,,
2026-05-26,5b4RSDrkc8I,4467,,
2026-05-26,Ati51CQqpKY,5542,,
2026-05-26,KNwEQXDv5XM,8157,,
2026-05-26,Kh_0ICA5cfg,5516,,
2026-05-26,MOmBOx1LEJU,25976,,
2026-05-26,N9CZswDtnCA,3349,,
2026-05-26,PmY9rmZK_oM,1870,,
2026-05-26,QQh0twun7tg,45983,,
2026-05-26,SoVnrdQ7b_s,4659,,
2026-05-26,U9sNqbVd1L8,3999,,
2026-05-26,UVkQsLv7n2s,2142,,
2026-05-26,UxyCkiufJyg,3263,,
2026-05-26,WUchEyRFIxw,3706,,
2026-05-26,_ALc4VJkpjA,11334,,
2026-05-26,f1eFQJocAow,7221,,
2026-05-26,iY0az_GdCiI,5001,,
2026-05-26,p-Ig77st4KY,6964,,
2026-05-26,pTqxjQV_PYU,8378,,
2026-05-26,pj41DZonKFU,5106,,
2026-05-26,sl11WONqgaQ,2926,,
2026-05-26,xZIOdejjTlg,2788,,
2026-05-26,yeBCQurwTAM,3883,,
2026-05-26,zx1Xu1eI_UM,1684,,
2026-05-27,--eCZ5KJphU,1929,,
2026-05-27,-27X7n7IstM,6351,,
2026-05-27,-3dLSMzi38k,5019,,
2026-05-27,-FJcDEQ2CB0,14068,,
2026-05-27,-GYR8m5pqkI,10573,,
2026-05-27,-SxNX1_ipZ0,4456,,
2026-05-27,-WID9zHoKhE,372,,
2026-05-27,-pXsceBZ-uI,1950,,
2026-05-27,01F_B8RaurQ,364,,
2026-05-27,0A3d0lovA9c,2828,,
2026-05-27,0BvJ_8VSpAQ,19850,,
2026-05-27,0JFuxpSFiLo,20539,,
2026-05-27,0Mur3o4gJn4,5843,,
2026-05-27,0U0-9stDv2w,6775,,
2026-05-27,0YdWcjA5acg,8152,,
2026-05-27,0_I4PHJ-miw,21527,,
2026-05-27,0dqRFbgCuVg,6392,,
2026-05-27,0irTZK6Z_YI,982,,
2026-05-27,0jvB7_mRdVk,1517,,
2026-05-27,0luCN1MyFX8,10845,,
2026-05-27,0nv1NY1lx_E,5257,,
2026-05-27,0t_oTJZ6Irs,6653,,
2026-05-27,13jLs1WwfTY,4708,,
2026-05-27,14FLm6zvvlM,3281,,
2026-05-27,1APEiSZz2zM,319,,
2026-05-27,1M5hO5Iz4hQ,11399,,
2026-05-27,1WejSH57PSA,555,,
2026-05-27,1_CE104JHi8,4459,,
2026-05-27,1fn9RPaSFvM,4133,,
2026-05-27,1gAj8idUtrk,12880,,
2026-05-27,1k6Bzkiw48o,10621,,
2026-05-27,1qYWYaGdxt4,1419,,
2026-05-27,1uRRhugMzlE,4297,,
2026-05-27,1vJB1yOPOf0,7363,,
2026-05-27,1yK9VWnQpx4,21409,,
2026-05-27,24Ib0j0xDxE,15796,,
2026-05-27,2CnmP8lvGE4,6235,,
2026-05-27,2JqFe4tSOyk,9398,,
2026-05-27,2OdJHlmdu3A,3439,,
2026-05-27,2WaFFWc3lno,6153,,
2026-05-27,2bY_4Ut49J8,4085,,
2026-05-27,2l0-duQwSfI,5234,,
2026-05-27,2lZK2lUb6ew,10525,,
2026-05-27,2qLT-wnFaP0,7795,,
2026-05-27,2qZb4PtGQUg,3204,,
2026-05-27,2qron8l5-WA,2877,,
2026-05-27,2vAcCPS9-YE,3126,,
2026-05-27,3A0Gwb7nmw8,2568,,
2026-05-27,3BNqAqRukts,17187,,
2026-05-27,3Cm_qVj04z0,338,,
2026-05-27,3DNRCakknE0,4689,,
2026-05-27,3HUs08W6-8o,15609,,
2026-05-27,3KJwgGv_hq0,4026,,
2026-05-27,3Nh8y-oesJ0,7847,,
2026-05-27,3gPoLb5rT70,16872,,
2026-05-27,3iUH-OYuGIo,235,,
2026-05-27,3jZh-NYS564,6703,,
2026-05-27,3nGph8PX2-Q,3495,,
2026-05-27,3xtwXWyEfhk,1796,,
2026-05-27,49KORRES2ks,2313,,
2026-05-27,4Q1Xe92xmwI,9271,,
2026-05-27,4VN65sXHXSU,5753,,
2026-05-27,4WHM_GRby90,5751,,
2026-05-27,4aUWIhJE2n4,3620,,
2026-05-27,4b4THjNuDW0,602,,
2026-05-27,4n-UnjzY3B0,252,,
2026-05-27,4qtFClwSzc8,1465,,
2026-05-27,4r4Fv5i5zCI,7138,,
2026-05-27,4tli9Q4KZ3w,3062,,
2026-05-27,4vHxpaifn9w,25123,,
2026-05-27,4zfnW56TcvY,2999,,
2026-05-27,5I2-cQ7oa10,3583,,
2026-05-27,5MHf5WPH1v4,4299,,
2026-05-27,5R6l50LDlV4,3543,,
2026-05-27,5b4RSDrkc8I,4477,,
2026-05-27,5kFO9eUjRPk,12936,,
2026-05-27,5sVEspUzpGY,3780,,
2026-05-27,5t3KYPZKUe4,10685,,
2026-05-27,615ClJ5oqkw,1215,,
2026-05-27,62v6RgdBly0,2393,,
2026-05-27,69_RI4iZxuQ,6513,,
2026-05-27,6BegJIenaBE,9676,,
2026-05-27,6Bmjis1ofzE,6132,,
2026-05-27,6SV0Lm47pvY,2450,,
2026-05-27,6TcR8BFdyJM,2895,,
2026-05-27,6VUBa5NSLU8,966,,
2026-05-27,6Xmd08nL2G4,4668,,
2026-05-27,6d8jMrgjDuE,3227,,
2026-05-27,6iCAxQUz4aQ,5653,,
2026-05-27,6l3bIPltt3A,6677,,
2026-05-27,6ob9UwPviJA,4956,,
2026-05-27,6tcSoXsMs9c,5931,,
2026-05-27,6vhfb7LUUYc,3572,,
2026-05-27,6zLWdLXiJC8,13621,,
2026-05-27,73a6CtNTac4,9946,,
2026-05-27,7BXf6nTyiCQ,3875,,
2026-05-27,7BkLmVdcaJw,6242,,
2026-05-27,7EgU3ReHrIc,1257,,
2026-05-27,7FZrM9iMsCM,6334,,
2026-05-27,7IZ5eCJ3Vqc,2419,,
2026-05-27,7NZvpCqH7eA,2774,,
2026-05-27,7NbPwroPQ80,3044,,
2026-05-27,7Odyxk-S9f0,52784,,
2026-05-27,7PSt_Gouh6g,2804,,
2026-05-27,7cpCkvLwQsI,2085,,
2026-05-27,7dlhZLngdvM,8778,,
2026-05-27,7m_UlzkGLlA,33239,,
2026-05-27,7tKbMZqzLks,2843,,
2026-05-27,7ufObjxCBKI,13287,,
2026-05-27,7wuBlcFsfvc,4388,,
2026-05-27,7zHiFWEJfZY,8463,,
2026-05-27,87Vb6sa1KcY,1456,,
2026-05-27,8OPlCKgcSO8,6287,,
2026-05-27,8T1Pe58GJpw,4289,,
2026-05-27,8UOwBfCgZn8,1054,,
2026-05-27,8UWpsEyQwCU,3972,,
2026-05-27,8_fxIwJi8eI,12118,,
2026-05-27,8fwEHUkKTFc,1229,,
2026-05-27,8hbiWsIlhQ0,1283,,
2026-05-27,8pRl03u-hjI,7488,,
2026-05-27,8r9S_xIzqLk,4048,,
2026-05-27,8tmQ6wySUSI,4507,,
2026-05-27,900BOlBTFNg,35670,,
2026-05-27,99bQhxWPWuo,9042,,
2026-05-27,9BmwbWSPXwY,4722,,
2026-05-27,9Fhr7gYQPBM,1444,,
2026-05-27,9O3XYd0F6VI,11041,,
2026-05-27,9Ot1RhssfL0,766,,
2026-05-27,9TvuNO-fnXM,16040,,
2026-05-27,9_6yRxY8iiY,9834,,
2026-05-27,9cZh_IuGMyM,374,,
2026-05-27,9dFDeUNHViY,9247,,
2026-05-27,9gFQ9rFMKEA,38375,,
2026-05-27,9h2v-rVmwEA,8600,,
2026-05-27,9hOkPAYmpPM,6598,,
2026-05-27,9hgzA60ZGZg,5399,,
2026-05-27,9rVcXaVHCXw,2599,,
2026-05-27,9wgzzLCatp8,853,,
2026-05-27,9yg2AIYdu6E,1726,,
2026-05-27,A4wr-iI2hJU,20481,,
2026-05-27,A5ojgoN39Lc,6256,,
2026-05-27,A9RXB8YTc6Y,12306,,
2026-05-27,ADwtKtLtE8Q,1980,,
2026-05-27,AKDQisHl8Ek,3870,,
2026-05-27,AKJRVoJu_Q4,7358,,
2026-05-27,ANYrzwn5h_M,4667,,
2026-05-27,AO1WNfgIgiE,8556,,
2026-05-27,ASSnCNI-KlM,1257,,
2026-05-27,AU7Z9h1x1Ys,694,,
2026-05-27,AUG114ir5eQ,1232,,
2026-05-27,AUxR3aTc3ng,1493,,
2026-05-27,AaCd4amsV0U,2019,,
2026-05-27,Ac6AOC9yxJE,4309,,
2026-05-27,AcR00ZHbVKU,7447,,
2026-05-27,AgcnylfczPE,10380,,
2026-05-27,AmYVHRf2Aq8,8612,,
2026-05-27,Ao4VRNX_h4A,11541,,
2026-05-27,Aq3emUbqTbA,803,,
2026-05-27,Ati51CQqpKY,5547,,
2026-05-27,B0IPEMdrCRA,3018,,
2026-05-27,B5xTJMahaK4,2528,,
2026-05-27,B9FbWxNdJPY,18641,,
2026-05-27,B9zmRMY6ISI,2666,,
2026-05-27,BNze82M59-E,6937,,
2026-05-27,BSum-2t0a28,4629,,
2026-05-27,B_OF2TYLnQw,6313,,
2026-05-27,B_rcAwySccg,3495,,
2026-05-27,BdCpg8-TlGg,3490,,
2026-05-27,BfLT1TlZInE,19806,,
2026-05-27,BfjZU1zyiOc,1882,,
2026-05-27,BkAhos9qrLQ,2127,,
2026-05-27,BsWIaYs09vc,5732,,
2026-05-27,BskXYIlyNzA,5975,,
2026-05-27,C5ETgNOq1gQ,14049,,
2026-05-27,C5Rh96Gz8yg,6927,,
2026-05-27,C9AMwVwgVPo,2978,,
2026-05-27,C9FJCiew0s8,4041,,
2026-05-27,CD6KcQMdzfc,2825,,
2026-05-27,CEF9v_JMVe8,7123,,
2026-05-27,CJkJWnPzguM,20591,,
2026-05-27,CKAGWlmyXbA,8881,,
2026-05-27,CMh4ttABaiE,1216,,
2026-05-27,CSTFP0gKnd8,5267,,
2026-05-27,CUpAWj1wVbU,24052,,
2026-05-27,CVFIzDp5iio,11124,,
2026-05-27,CYn4JoQTD1I,666,,
2026-05-27,CYvruxt8Ocw,5210,,
2026-05-27,CgzCQr9ilsw,387,,
2026-05-27,ChKL1KyjlZ4,5158,,
2026-05-27,CkghB9G4vOo,213,,
2026-05-27,Cpa04rQyl18,7370,,
2026-05-27,CufCJMTTKHk,1621,,
2026-05-27,Cy2qJ0Win1I,4273,,
2026-05-27,D-dgFUvl7YA,7722,,
2026-05-27,D4p6nv2t2FA,245,,
2026-05-27,D50nmITTLp8,1805,,
2026-05-27,DAuagmdRSOE,10623,,
2026-05-27,DBkInEbzPk0,2683,,
2026-05-27,DDd5prelU6A,8689,,
2026-05-27,DDiDtP-uOqU,2274,,
2026-05-27,DI-Oxm-J0W0,5495,,
2026-05-27,DIv0FHIZiko,3470,,
2026-05-27,DNsUjaDT3AQ,4093,,
2026-05-27,DPEZ-FtI4UI,8190,,
2026-05-27,DPz-ktdaHII,444,,
2026-05-27,DS_neiUmgrA,2716,,
2026-05-27,DY9enl751Hk,8936,,
2026-05-27,Dcu_IubxG8I,4939,,
2026-05-27,Df9q7HerAA4,4886,,
2026-05-27,DiLjnRqx0xo,3829,,
2026-05-27,DnXALAe3BtY,1595,,
2026-05-27,DohrPYUe11o,1527,,
2026-05-27,DouSkzKX7NE,6382,,
2026-05-27,Drqehd-O2ak,3552,,
2026-05-27,DxUH69hEi9k,449,,
2026-05-27,E6ac_QwimUk,3635,,
2026-05-27,EFc5_Nct8wE,4509,,
2026-05-27,EIKIx9Xpl7c,2719,,
2026-05-27,E_DqVHrHIxM,7765,,
2026-05-27,EckbfLRDGjE,1687,,
2026-05-27,EkKqSnrdG7U,2678,,
2026-05-27,Ezrw0VHCy7w,280,,
2026-05-27,F1hpeZ_T-ww,2714,,
2026-05-27,F5y8-ztKpCM,3773,,
2026-05-27,F8PMKa1dz9g,731,,
2026-05-27,FAIITnGT4wo,4767,,
2026-05-27,FAfQTG-v0Cs,3202,,
2026-05-27,FEqKnaBExZU,9272,,
2026-05-27,FG5G2G-XjhE,14294,,
2026-05-27,FIEy7T-kMmQ,1905,,
2026-05-27,FKbiHBctwwA,3829,,
2026-05-27,FNVB3Ndlrw8,429,,
2026-05-27,FSFC8O9LxRU,2463,,
2026-05-27,FYtl1LolxwQ,9754,,
2026-05-27,Fa8jGX5mvj4,3089,,
2026-05-27,FfCJfpHXt8c,4026,,
2026-05-27,FgTt2XD_ryA,13398,,
2026-05-27,FkK2Rp5xEIc,10852,,
2026-05-27,FlGf6zZGtkk,5209,,
2026-05-27,FlbiS6qn6oE,2731,,
2026-05-27,Fs8L9V90RDk,7685,,
2026-05-27,FsemZttxTN8,5296,,
2026-05-27,G2COlj5SS54,7814,,
2026-05-27,G76WtaecxB4,1179,,
2026-05-27,G9YcpN4TAZw,5090,,
2026-05-27,GEZg76Swgc8,425,,
2026-05-27,GJRAN3_x8U4,3563,,
2026-05-27,GTD7cyckPnA,270,,
2026-05-27,GYD-rQNG-rI,8849,,
2026-05-27,Gdybpz4wjgY,331,,
2026-05-27,GgtIBQCZxkQ,5216,,
2026-05-27,Gjf4AsYGwU8,10914,,
2026-05-27,GqAXRVF_edY,4085,,
2026-05-27,GqRwtWVepYw,8540,,
2026-05-27,GqWbo7Uo8Ec,5625,,
2026-05-27,Gs03wWJ6vFc,909,,
2026-05-27,Gx6Z5Aj875s,6493,,
2026-05-27,H-jiaEptrx0,4304,,
2026-05-27,H3JH96ZJWzM,784,,
2026-05-27,H5yOaNKxZ-4,20299,,
2026-05-27,H97Ldv1IXtw,17571,,
2026-05-27,HBhaj0_Zm34,4377,,
2026-05-27,HDN25GTdn40,3875,,
2026-05-27,HRQ4Ibbkkco,2264,,
2026-05-27,HUbRq3GR8SI,4986,,
2026-05-27,HbNx1HcTEk4,21751,,
2026-05-27,HlwfZ6atyLw,1874,,
2026-05-27,Hsv6dNsEO40,10693,,
2026-05-27,HvQpYQlLGzg,3769,,
2026-05-27,Hwi-jokx7aI,2679,,
2026-05-27,I-S-0EO3-FA,2831,,
2026-05-27,I1sccj6fjQs,3667,,
2026-05-27,I3T6O4ez75M,4053,,
2026-05-27,I66Prbdjcn0,3437,,
2026-05-27,I70TmekxAXE,2642,,
2026-05-27,IAdR2JdoGr8,9928,,
2026-05-27,IB_3oFDAULc,11353,,
2026-05-27,IE6oyFF67A0,15150,,
2026-05-27,IEIg6U_krbY,9490,,
2026-05-27,IF966yryyqY,262,,
2026-05-27,IH591H86iFQ,7059,,
2026-05-27,IHsdTOEuG4g,8433,,
2026-05-27,IJdPXXMpYPk,806,,
2026-05-27,IKIrneFKwJY,621,,
2026-05-27,IQ3zeRLgnt4,3336,,
2026-05-27,IQQViyty9zM,2017,,
2026-05-27,ISKY2Bgz_c0,1223,,
2026-05-27,IXOacyfD7V4,12942,,
2026-05-27,IrGSyH2wlK0,1594,,
2026-05-27,IuZyLH50TMQ,22628,,
2026-05-27,Ix6NRPPJhd8,1176,,
2026-05-27,J-aiAO8-Czk,12864,,
2026-05-27,J1tRJRX44zc,2051,,
2026-05-27,JH6X6472Gdk,3394,,
2026-05-27,JNuRoWbolfs,6308,,
2026-05-27,Jep6zVwriOA,6985,,
2026-05-27,Jl2XOwlw5Z4,5168,,
2026-05-27,JpfqYvUYNr8,2205,,
2026-05-27,Ju3_gwctpM8,16342,,
2026-05-27,Jyn59AgDf6o,7081,,
2026-05-27,JzsEVr4W5ng,11022,,
2026-05-27,K1YD12TDxwo,1703,,
2026-05-27,K2T8Cd4-ba8,699,,
2026-05-27,K4YFVRGWGEY,2827,,
2026-05-27,K8o_u0_iFJU,7573,,
2026-05-27,K9Asd1xasRc,787,,
2026-05-27,KEnYv8bMxXM,38278,,
2026-05-27,KLTqQaG2asM,4374,,
2026-05-27,KMTemVbHKS4,3428,,
2026-05-27,KNT1a6LakZI,4443,,
2026-05-27,KNwEQXDv5XM,8167,,
2026-05-27,KOF8EQ_YcOU,11898,,
2026-05-27,KOedI8Dr__Y,4472,,
2026-05-27,KTnAV2qb5CY,7726,,
2026-05-27,KVaKaf9FX5I,8339,,
2026-05-27,KXoxeoaSwOA,4278,,
2026-05-27,Kh_0ICA5cfg,5531,,
2026-05-27,KiOKGmcOb_g,10135,,
2026-05-27,KlnSnb7YFEY,2672,,
2026-05-27,Kn5RCzQ9ufc,3716,,
2026-05-27,KqZv27fFQlQ,136618,,
2026-05-27,KrjMNWiU52A,16738,,
2026-05-27,KtjAJuKUbDM,15298,,
2026-05-27,L0KEJ_zq0Ak,10152,,
2026-05-27,L5c4VvuaU7w,17852,,
2026-05-27,LD8rxn2RFNE,4339,,
2026-05-27,LMbdAdrLzXg,4274,,
2026-05-27,LMryIj-gt9A,2050,,
2026-05-27,LNWGlnt3wF4,18949,,
2026-05-27,LRySNa5Y0No,5606,,
2026-05-27,LSGYVCqNEjc,4246,,
2026-05-27,LXW_Z8rp3bU,2223,,
2026-05-27,L_mpuGgHhfE,4557,,
2026-05-27,LadLiCQaAwQ,5182,,
2026-05-27,Lbrq5ramx-A,4538,,
2026-05-27,LdYe9MF1QMs,1934,,
2026-05-27,Li2lFki33xM,9168,,
2026-05-27,Lk6JhpGO69M,9596,,
2026-05-27,LmDOOPuqYG8,7551,,
2026-05-27,LpqnF4FROjg,363,,
2026-05-27,Lswdyl9nZtE,9483,,
2026-05-27,M61DCig7ZJY,6073,,
2026-05-27,MA41DUCQWfw,2527,,
2026-05-27,MM879hqJf1U,17365,,
2026-05-27,MOmBOx1LEJU,26409,,
2026-05-27,MRxgJpEyabo,4962,,
2026-05-27,MVWyRSiH4uQ,2592,,
2026-05-27,MWkhT5GG75k,6843,,
2026-05-27,MhZ5AKwboh0,9727,,
2026-05-27,MsxCeW9nTb0,3350,,
2026-05-27,Mtqdsr2BC_A,5578,,
2026-05-27,MvMstvlNNzQ,402,,
2026-05-27,MxDzq8aLzTo,789,,
2026-05-27,N0_ptJC7W48,3774,,
2026-05-27,N54m3zy-uzk,3430,,
2026-05-27,N6qK7AUqn54,10512,,
2026-05-27,N9CZswDtnCA,3355,,
2026-05-27,NELsP8DaEa8,9486,,
2026-05-27,NHGisiXq7eg,7721,,
2026-05-27,NJelRHbyeWw,7421,,
2026-05-27,NRlM9dhgPTg,4344,,
2026-05-27,NWOjsRjPomI,2691,,
2026-05-27,NX-1jJ1PuxY,7726,,
2026-05-27,Nc1nItUxpQQ,8145,,
2026-05-27,Nh7jDVmtg0I,1453,,
2026-05-27,NvFqtHcCCXs,3519,,
2026-05-27,Nz2xOcIryF4,8773,,
2026-05-27,O14qr6DPo4Q,6615,,
2026-05-27,O1awyI-zPJs,14577,,
2026-05-27,OD8Jm9Yk0WY,21215,,
2026-05-27,OH7Rlrq71To,33856,,
2026-05-27,OHt_00p2dmY,5685,,
2026-05-27,OLPoLPMdW_g,2131,,
2026-05-27,OVHP92ag6d4,4127,,
2026-05-27,OYxpHMuv29k,8778,,
2026-05-27,O_7ZySSl0mk,4103,,
2026-05-27,OcgJZnE1a6o,771,,
2026-05-27,Ocp1_PPM4sI,23078,,
2026-05-27,OddgScxecfA,6891,,
2026-05-27,Om4MsEtTrnw,1450,,
2026-05-27,OsN0NNVuu7o,19630,,
2026-05-27,Ou7NGOVJ8Pc,3204,,
2026-05-27,OwK8r2uyqHU,6674,,
2026-05-27,P5dvh5HrHaE,7411,,
2026-05-27,P6a8zyHf7YY,953,,
2026-05-27,P7i-qgVG7c4,1766,,
2026-05-27,PLFNoideC9s,11557,,
2026-05-27,PM4DofLA2g0,730,,
2026-05-27,PUTrIDHNxQs,2376,,
2026-05-27,PdO8UebbbSA,1659,,
2026-05-27,PgvLUj9yWDQ,688,,
2026-05-27,Pk77G5OfECU,5046,,
2026-05-27,PkjXvpbR1q8,9072,,
2026-05-27,PmY9rmZK_oM,1873,,
2026-05-27,Pt8zI30MFm8,6879,,
2026-05-27,PtL2ZgPSF5o,14138,,
2026-05-27,Pwf2T_cntdg,20574,,
2026-05-27,PxyjUIyE5YI,15323,,
2026-05-27,Q-dHeMod7T0,7289,,
2026-05-27,Q1zf4SC-AvQ,2824,,
2026-05-27,QLdp2ZNFM_s,5301,,
2026-05-27,QQh0twun7tg,46006,,
2026-05-27,QUNzVqhLUBw,2632,,
2026-05-27,QVi7Ze1DEz4,5545,,
2026-05-27,QY2ox96a1zA,5885,,
2026-05-27,QeCKLvz2tIM,5694,,
2026-05-27,QhRPaWYjWYc,3947,,
2026-05-27,Qrag4Jg-veo,3857,,
2026-05-27,R1S8PFUsVWg,5421,,
2026-05-27,R4hO35nd_OI,6332,,
2026-05-27,R6Ukz91VIAY,1186,,
2026-05-27,R7utAmGPE_M,632,,
2026-05-27,RO6gVW9tdbY,1594,,
2026-05-27,ROV6ce9dkfI,4159,,
2026-05-27,RUy1hElRuUQ,4972,,
2026-05-27,RVWlgBZt6h8,4993,,
2026-05-27,RXEipSzDgtc,21898,,
2026-05-27,Rb2-RE864YY,10576,,
2026-05-27,RdvRwihvUUM,3926,,
2026-05-27,RgeVF0tu6ng,897,,
2026-05-27,RhUoPPchFBU,485,,
2026-05-27,RrVaJ5z_3mU,2955,,
2026-05-27,Rs5p0EuuTDw,9774,,
2026-05-27,Ry8PCL00Sjc,2008,,
2026-05-27,RyckAyrt7xQ,29191,,
2026-05-27,S0W7nQ2q3Kg,7327,,
2026-05-27,SB5QPpcWDXk,8534,,
2026-05-27,SCwP-bR498o,2541,,
2026-05-27,SGOEY0I_FQA,33312,,
2026-05-27,SHzg-IgnKuI,25530,,
2026-05-27,SKEcZIJKPzc,3445,,
2026-05-27,SOXoRwvxcv0,10557,,
2026-05-27,SQdrkq_hBzE,1864,,
2026-05-27,SW7PfbETFx8,2795,,
2026-05-27,SWoYNH7OMZI,1080,,
2026-05-27,SeWXiEIm9oI,1653,,
2026-05-27,Sf25ENrbQGM,997,,
2026-05-27,ShJ_j2paClA,9057,,
2026-05-27,ShkacKGq5Vk,5332,,
2026-05-27,SkukxahhmRo,6804,,
2026-05-27,Sl5Fl_vOthI,3086,,
2026-05-27,Sl5sYEh_UoU,6145,,
2026-05-27,SoVnrdQ7b_s,4672,,
2026-05-27,Sq3rkK6GhuE,245,,
2026-05-27,St5jhqEeasY,4537,,
2026-05-27,T2tuMBwhuKc,6896,,
2026-05-27,TDOWMduvE1o,3082,,
2026-05-27,TEqu2JH5dYc,900,,
2026-05-27,TMvgKj-2Z9k,1009,,
2026-05-27,TP7VDtErEvY,5381,,
2026-05-27,TS9rxa7-CXg,7102,,
2026-05-27,TV3fWx4rQh0,2303,,
2026-05-27,TWUoFcCtDhA,6505,,
2026-05-27,TXAe5nqafRY,1511,,
2026-05-27,T_jQIJSkjGo,7206,,
2026-05-27,TaY5NrLNABM,1330,,
2026-05-27,Tb4JB3eFPXw,5234,,
2026-05-27,Te57wukDp8g,4556,,
2026-05-27,TgJqTy_mCR4,7111,,
2026-05-27,Tj9CJM4ti2w,1721,,
2026-05-27,TqAy1jbJ9w8,8340,,
2026-05-27,TtCijTAgvPc,5015,,
2026-05-27,TvvDTvo-L74,7664,,
2026-05-27,TwfHRcdWHRg,4131,,
2026-05-27,U4zBHwf2MTw,1699,,
2026-05-27,U9sNqbVd1L8,4012,,
2026-05-27,UCaZFYzYm9k,6434,,
2026-05-27,UHGfFw-ZT98,3764,,
2026-05-27,UJOAvX_FD7o,249,,
2026-05-27,UKzsE2t00Jw,410,,
2026-05-27,UOOBf83nIco,36602,,
2026-05-27,UQIBN4D_qIs,2657,,
2026-05-27,UUUH5xnM-Mc,5962,,
2026-05-27,UVdc7kYPJEs,1062,,
2026-05-27,UVkQsLv7n2s,2151,,
2026-05-27,UZ3583GSSOo,3939,,
2026-05-27,UhuJQBAZv84,10204,,
2026-05-27,UiD0-skn904,812,,
2026-05-27,Ulotto-Re6w,4365,,
2026-05-27,UqLF2eIaDxg,7794,,
2026-05-27,UxyCkiufJyg,3266,,
2026-05-27,V1jmHGrVs_k,8704,,
2026-05-27,V2d8qoEGyEU,231,,
2026-05-27,V3IHs2DwX0U,697,,
2026-05-27,V3nsGV2yOV8,2284,,
2026-05-27,V50CUypS7UM,2934,,
2026-05-27,V6AOpDTpCO4,4927,,
2026-05-27,V6Lm17-mfxA,4387,,
2026-05-27,V6d2Dc1l7BA,7148,,
2026-05-27,VKJLsmW95wc,3717,,
2026-05-27,VKMMVQtaDrM,11390,,
2026-05-27,VLJJ9zvdj2Y,4970,,
2026-05-27,VTOl1gAKo44,3168,,
2026-05-27,VTszds8Y7rU,7962,,
2026-05-27,Vb5gSRAHXCA,3863,,
2026-05-27,VlgtaUj_dho,4024,,
2026-05-27,VoU-7YGmoo0,1851,,
2026-05-27,VvVtNiE0bjA,3973,,
2026-05-27,VwTMGmXxghU,18582,,
2026-05-27,W3I8gwLv0Ro,2888,,
2026-05-27,W6U3fBgQoVg,1971,,
2026-05-27,WD7EzA2sbnI,2100,,
2026-05-27,WIP6ZDjQmww,9483,,
2026-05-27,WKMTSCW51fI,5204,,
2026-05-27,WNFEf_ZwNFw,434,,
2026-05-27,WNhZUBZ8tUc,43622,,
2026-05-27,WUchEyRFIxw,3712,,
2026-05-27,WWIB8ZW1i6w,2899,,
2026-05-27,WYGsRorORyI,16253,,
2026-05-27,WjgW6u9Tde8,2005,,
2026-05-27,Wu4lafiHjh0,7298,,
2026-05-27,WvVMuiXrqcI,7401,,
2026-05-27,X22UHszz5Dg,4418,,
2026-05-27,X5L0LaarTLg,10440,,
2026-05-27,XAQ_GYsV52A,9978,,
2026-05-27,XEqxbZoaqUw,5146,,
2026-05-27,XIhM9oLObuU,2488,,
2026-05-27,XVwO4OvjwI4,2412,,
2026-05-27,XWSWCP3TBrc,2825,,
2026-05-27,Xm4ScqSNV10,4420,,
2026-05-27,XsCgtUDrxck,2151,,
2026-05-27,Y66yYblAsq8,1848,,
2026-05-27,Y7Rm_Bmu-K0,37183,,
2026-05-27,Y8YjZOGrhJI,3852,,
2026-05-27,YA85ddRTnus,4948,,
2026-05-27,YA_LFvsyLoU,2248,,
2026-05-27,YBMZINlORaw,5883,,
2026-05-27,YDlHWsYd23o,4306,,
2026-05-27,YDmxUb_oNLI,2736,,
2026-05-27,YFjQz7FijWM,15022,,
2026-05-27,YOe2PL-1gT0,671,,
2026-05-27,YXqYOapYqYc,7579,,
2026-05-27,Y_mkJt3oY_k,3521,,
2026-05-27,YiKIKU-5KpY,0,,
2026-05-27,YpCAi9ofhjs,4309,,
2026-05-27,YpMxtemC5y8,4780,,
2026-05-27,YqZzdPYfnso,3590,,
2026-05-27,Ytbx-7bzEGc,4269,,
2026-05-27,Z-s3rXFeosc,6562,,
2026-05-27,Z12fVM_cnaI,10441,,
2026-05-27,Z2njQkTQDKY,5150,,
2026-05-27,Z9Jjrb6xQeo,3530,,
2026-05-27,ZA_G9BP9HLY,484,,
2026-05-27,ZE2dghmFE8Y,22411,,
2026-05-27,ZE3jHXXiSBY,9144,,
2026-05-27,ZE9ENcHPRr8,23936,,
2026-05-27,ZG72S1_wBC0,4944,,
2026-05-27,ZY_oCjE95Ss,393,,
2026-05-27,ZZBZkqJqvu8,10893,,
2026-05-27,Z_REKs508KY,6561,,
2026-05-27,ZaksbmqvxNM,8213,,
2026-05-27,ZcdQLCEyjjU,8492,,
2026-05-27,ZfQ7oKzL-Pw,12367,,
2026-05-27,ZgN1aMmXELI,4751,,
2026-05-27,Zq-NFi8kxlo,48233,,
2026-05-27,ZrqtNoiNSdw,4732,,
2026-05-27,ZsIml_y5qU4,145,,
2026-05-27,ZtUTR0E7VPY,44980,,
2026-05-27,ZvUISEnjqbQ,5293,,
2026-05-27,ZzYTRvOWH1I,4357,,
2026-05-27,_3MWGJ7MUTA,2796,,
2026-05-27,_8p1UyvwmhI,3807,,
2026-05-27,_9BI3P-OH84,1713,,
2026-05-27,_ALc4VJkpjA,11445,,
2026-05-27,_BvUrcl5tls,3139,,
2026-05-27,_EZK5vA1EX0,5076,,
2026-05-27,_FzLqe9KziY,2475,,
2026-05-27,_Jlf2Q0xGZ8,5728,,
2026-05-27,_LzDM8xt_dA,7752,,
2026-05-27,_NHlgOF-WU0,405,,
2026-05-27,_OsQEaApgwY,2512,,
2026-05-27,_UWA2fCxRHI,3706,,
2026-05-27,_auL36M33Aw,2584,,
2026-05-27,_eLkGBx1XiE,1055,,
2026-05-27,_fcTS5NosDs,1560,,
2026-05-27,_r9bm8JLsKc,3280,,
2026-05-27,_wWswU9t8HU,212,,
2026-05-27,_xEjpsA_iVg,2021,,
2026-05-27,_zVLb3rpe5I,6055,,
2026-05-27,_zuQYhMwTgs,5461,,
2026-05-27,a2L6AbyANjw,13172,,
2026-05-27,a2n31BGGWFI,4105,,
2026-05-27,a65XoIF7K7Y,7809,,
2026-05-27,a6qWlOZtG3E,2130,,
2026-05-27,a8g5MvFPwxo,6062,,
2026-05-27,aD-WkrzMJrk,2286,,
2026-05-27,aDDnbn7KVls,12487,,
2026-05-27,aIcW25HaFsI,5034,,
2026-05-27,aMG8tqZ6bW0,2876,,
2026-05-27,aOOR5vp4Kl0,3596,,
2026-05-27,aQF7qqm1iHE,2379,,
2026-05-27,aYgFb-fiwxA,11640,,
2026-05-27,acvpoQwncqI,3032,,
2026-05-27,ad5pxORFPfk,2440,,
2026-05-27,adsB3sGIcVQ,5608,,
2026-05-27,afLeJEbZs2k,6378,,
2026-05-27,ahyTF-4Agkg,981,,
2026-05-27,akC-r5hlDkc,2138,,
2026-05-27,aoh738yJBRA,6330,,
2026-05-27,aqbo0yu_l6g,15749,,
2026-05-27,ar-bXQYvUhs,2426,,
2026-05-27,ath0o3oOJCs,6278,,
2026-05-27,b4fNiXZPqRQ,10028,,
2026-05-27,bHJfRtPpY6E,1648,,
2026-05-27,bHuv7kKqe-A,8174,,
2026-05-27,bJHikj8skz4,2966,,
2026-05-27,bQaZqs74i2Y,5251,,
2026-05-27,bT7qGpnOpo4,4735,,
2026-05-27,b_Obp5cBRZk,5503,,
2026-05-27,bi3ZAQbw8EI,1861,,
2026-05-27,bqTNuZQOziA,9945,,
2026-05-27,bqf0zywB-Wo,11703,,
2026-05-27,c2ket6Qczzw,1466,,
2026-05-27,c3rRnSi93Lw,8692,,
2026-05-27,c6WqvHRlRkc,4324,,
2026-05-27,c9CotszUwYQ,2349,,
2026-05-27,cFn-fD2GmYU,2537,,
2026-05-27,cJwXjAKA0-k,5158,,
2026-05-27,cR199eKHJ4k,343,,
2026-05-27,cWyP2mrcwdM,763,,
2026-05-27,cevjHgZRbrg,292,,
2026-05-27,cfGpIvLPcPw,4920,,
2026-05-27,cga1y52KSCk,2960,,
2026-05-27,cjpnhsKzs1Q,2815,,
2026-05-27,coqZMUFd2C0,35179,,
2026-05-27,cpd3lbm5tL8,3522,,
2026-05-27,cqPVe0nQ1A0,5142,,
2026-05-27,cuZsMnQlDQU,13467,,
2026-05-27,d-msiY5zz5A,3074,,
2026-05-27,d-zJskCnHpI,3071,,
2026-05-27,d09nbbfOIA8,5069,,
2026-05-27,dFH36q7iWiU,241,,
2026-05-27,dHJbG72Itp8,15487,,
2026-05-27,dIqUY3R2_3A,7902,,
2026-05-27,dSmFHbtrZ7g,17440,,
2026-05-27,dURDUSYCm68,15101,,
2026-05-27,dWatNWKO9uk,3515,,
2026-05-27,de7gpeHMS1Q,381,,
2026-05-27,dgkZoy66esM,5278,,
2026-05-27,dijHVnTV0aM,6124,,
2026-05-27,dl3KzRCU-aQ,6535,,
2026-05-27,dlABqtYhbMk,6040,,
2026-05-27,dmbvfKzFSLo,3014,,
2026-05-27,dn-xSg_FT0A,17186,,
2026-05-27,dnI29M9CE44,3834,,
2026-05-27,dnUUMRDbasE,1868,,
2026-05-27,dp7vq7hweXs,1917,,
2026-05-27,dtdf5AeXwB8,418,,
2026-05-27,dtoZraGBx54,15099,,
2026-05-27,dv-40oFi5ak,6317,,
2026-05-27,dx9Qe_629yE,8682,,
2026-05-27,e061vqWD0lQ,999,,
2026-05-27,e6iHP-UMZnk,5222,,
2026-05-27,e83i1spluHo,6362,,
2026-05-27,eGnLjzejgI4,2983,,
2026-05-27,eK7uM-EeLIk,7655,,
2026-05-27,eLcRSVAncfc,1333,,
2026-05-27,eLhCLA0Jndo,2205,,
2026-05-27,eM2S4pWeczs,146707,,
2026-05-27,eOxOgo6VNzQ,3570,,
2026-05-27,eUkmg5xOC7c,2314,,
2026-05-27,eYY-goMG0N0,4314,,
2026-05-27,ebpANnTL0zw,13089,,
2026-05-27,ecutxRcKQ6I,6404,,
2026-05-27,enR1CfAS5zo,2043,,
2026-05-27,ensnUIxTUHE,13955,,
2026-05-27,er-8YWX70rk,11850,,
2026-05-27,etbk0Z69oDs,809,,
2026-05-27,eu92DDq5snw,5511,,
2026-05-27,eymQ0rXs7d8,6143,,
2026-05-27,f-aH0vpaoyo,9922,,
2026-05-27,f1eFQJocAow,7228,,
2026-05-27,f7yvLMqdMJo,4106,,
2026-05-27,f8fN8Uqbb8s,6058,,
2026-05-27,fFdiFTfeCwE,6122,,
2026-05-27,fFgFYRumrDU,10973,,
2026-05-27,fG1-74pj6A4,15825,,
2026-05-27,fHYBRGdrXo0,1945,,
2026-05-27,fIo8SE2ky98,2956,,
2026-05-27,fKvvShsdaWU,18720,,
2026-05-27,fMmn4SMuSdE,4647,,
2026-05-27,fQwyeIriRx8,8254,,
2026-05-27,fZ7RRiEw54E,6274,,
2026-05-27,fbZea8wkoe8,9680,,
2026-05-27,ff5ZGdHsgIA,1093,,
2026-05-27,fg72xV_ZX8g,783,,
2026-05-27,fj2SC2FA324,2018,,
2026-05-27,flJTAxtk67w,11074,,
2026-05-27,flbyvShpL18,4881,,
2026-05-27,fsI10W24Ya8,7964,,
2026-05-27,gAPX20Ja0zk,2631,,
2026-05-27,gENAeokhMHI,3970,,
2026-05-27,gK1VHYEXt_0,223,,
2026-05-27,gNEGNjVWO0Q,2837,,
2026-05-27,gVj7YvOUjfc,1031,,
2026-05-27,gWdtuyZNxeQ,11046,,
2026-05-27,gXT5p-IBNMg,6011,,
2026-05-27,goQs8La8e94,28498,,
2026-05-27,gpKioDijRD4,1520,,
2026-05-27,gtGmlmLZ3Ps,1208,,
2026-05-27,gy_rDsWx8_4,4896,,
2026-05-27,h1qNF-YaHX8,4837,,
2026-05-27,hBhD4lpfrvw,4133,,
2026-05-27,hBqhV23fZnE,3925,,
2026-05-27,hD4BjVn9YXw,4447,,
2026-05-27,hRgIER_2tZg,1184,,
2026-05-27,hSuSN9-UZUY,14845,,
2026-05-27,hUQqvZGsp6A,3462,,
2026-05-27,hVMJN3o6-5g,10726,,
2026-05-27,hX5lVJXMurI,6305,,
2026-05-27,h_v3GcIgbvM,18809,,
2026-05-27,hhwrtf3g0yY,4648,,
2026-05-27,hnnt5l96vVE,3508,,
2026-05-27,hrA_TspDTyM,2726,,
2026-05-27,hsiq1QlJqCs,36950,,
2026-05-27,htuK8cgwC-E,2569,,
2026-05-27,hwX4Jil8AFY,2218,,
2026-05-27,hy7L_a8J9z4,6036,,
2026-05-27,hyisCTgnS0g,805,,
2026-05-27,i4tThjQW98w,1476,,
2026-05-27,i5Ufb0FYkDM,2833,,
2026-05-27,i6kooD4epJ0,9411,,
2026-05-27,iCV7kvzQ_bA,18903,,
2026-05-27,iCrYuW2ixu8,2160,,
2026-05-27,iEHsfr9bvpg,11842,,
2026-05-27,iFu9J3h8RBY,8057,,
2026-05-27,iHt3VLuizj4,3635,,
2026-05-27,iKMz8ICRe8I,20211,,
2026-05-27,iNIxuEi7V54,2214,,
2026-05-27,iRyAJEXB_hE,3172,,
2026-05-27,iY0az_GdCiI,5053,,
2026-05-27,iYHt1pdScK0,201204,,
2026-05-27,i_bfUG57Je8,10549,,
2026-05-27,ipf-y1PaGBg,3699,,
2026-05-27,iuZ57o6ph1A,2407,,
2026-05-27,ixG3RWG-Xdw,10461,,
2026-05-27,j3BrzaBGJqY,3122,,
2026-05-27,j50kYrWuR6U,1321,,
2026-05-27,j9lMyW5Emo0,7276,,
2026-05-27,jBZnliX8R7M,5260,,
2026-05-27,jCGuQ1T3kUE,11026,,
2026-05-27,jQiLi6ev9zM,4899,,
2026-05-27,jTEvYjhQKTM,3487,,
2026-05-27,jV8i3ErC3MA,10230,,
2026-05-27,jdAA_65-h0E,16732,,
2026-05-27,jfEMLlPzKEU,7849,,
2026-05-27,jgfWTFUl_58,1420,,
2026-05-27,jh22fly0d-k,5174,,
2026-05-27,jlV4MmBxgPI,13155,,
2026-05-27,jrnfWiLWFJw,381,,
2026-05-27,k1SjNJaOJcA,6969,,
2026-05-27,k3yhL30Kpnw,1607,,
2026-05-27,k4GBTLOy9aE,11052,,
2026-05-27,k73d1z4sXCE,2525,,
2026-05-27,kCTe19NTny4,2076,,
2026-05-27,kCcXFPN8bK0,2688,,
2026-05-27,kETEBzJrtSA,7279,,
2026-05-27,kFWumpkL5yI,3263,,
2026-05-27,kO5VQOB3sxI,6254,,
2026-05-27,kSbp6GNfK7Y,4418,,
2026-05-27,kUDZK_9QPtA,14058,,
2026-05-27,kYmLSudfROM,5631,,
2026-05-27,kb2G7jcB3Ls,4272,,
2026-05-27,keYeekasjI8,19748,,
2026-05-27,kjl_jo_1HTg,2451,,
2026-05-27,ko82nHa36U4,8615,,
2026-05-27,kpcxQ1XCrq8,252,,
2026-05-27,kr9WECLcJWU,3702,,
2026-05-27,ktZgSqvfl8o,449,,
2026-05-27,kuoLAhyeaJQ,3899,,
2026-05-27,kzApFdb-KEs,776,,
2026-05-27,kzQhIJnlTsI,95463,,
2026-05-27,l4OOeF2yo9Y,3766,,
2026-05-27,lADjNtrJtIo,3102,,
2026-05-27,lCTSpZlGMb4,3655,,
2026-05-27,lN4Nv7R4sBI,10247,,
2026-05-27,lOciy5N92Lg,1560,,
2026-05-27,lOomWUxwNlQ,4421,,
2026-05-27,lSkunEYX5Go,1726,,
2026-05-27,lTCDfNnY4u8,5688,,
2026-05-27,lZj5qfUurLw,3991,,
2026-05-27,lZm2ZwjEy38,2965,,
2026-05-27,lgNWcFP2Ltg,12123,,
2026-05-27,lr1GJQXbj4c,1947,,
2026-05-27,lvOd4uyJkFE,30607,,
2026-05-27,lvtS_HSjXUA,10305,,
2026-05-27,m1gcxwLGPos,5650,,
2026-05-27,m6233lu5J9Q,11548,,
2026-05-27,m9q3qhKxbk4,2450,,
2026-05-27,mDDcQa5yCfI,20563,,
2026-05-27,mHE2XXExu7Q,1251,,
2026-05-27,mHSNcvaQ8YU,1017,,
2026-05-27,mM4k2pf-l9E,6012,,
2026-05-27,mNKdQ1YwHPc,2871,,
2026-05-27,m_vvvpnOHfw,406,,
2026-05-27,mhXS2cpJlRo,1949,,
2026-05-27,mkJ-QgvLtyk,12169,,
2026-05-27,mnu4iJG72y8,5467,,
2026-05-27,n5WXv528CII,17679,,
2026-05-27,n93OGgP941o,2339,,
2026-05-27,n9XvIj6hOjc,2130,,
2026-05-27,nDLFzy9hIow,9639,,
2026-05-27,nF0VXXPcAh4,3026,,
2026-05-27,nMQCA_C9zoQ,101478,,
2026-05-27,nPV7ftm2WSg,2175,,
2026-05-27,nRTuARH-N9A,639,,
2026-05-27,nZ-Yf21ufww,9449,,
2026-05-27,n_8ek8wvHc8,5475,,
2026-05-27,nbqcaybmEe8,11574,,
2026-05-27,neQ91eM5hw4,21134,,
2026-05-27,nuEwWBGiQ4c,3830,,
2026-05-27,nwbp-b7PO4g,7211,,
2026-05-27,nxJqaJgDQIE,4287,,
2026-05-27,nyHN_s3QpkY,6961,,
2026-05-27,o0dULDtKQ-8,9928,,
2026-05-27,o4tmiD22BLI,18320,,
2026-05-27,oCAyG5S7cIw,10293,,
2026-05-27,oDeAAnpEEXU,1922,,
2026-05-27,oKTvQ7d9gYw,27078,,
2026-05-27,oPCHIAxcTHw,37360,,
2026-05-27,oRXt4EmUmKk,4237,,
2026-05-27,oUdstwXRu2c,2768,,
2026-05-27,oZh7YlRGlqA,5088,,
2026-05-27,oZjiL501lAY,1413,,
2026-05-27,o_FRQ02nigQ,5527,,
2026-05-27,ofwkfFci1iI,3333,,
2026-05-27,ol2a1T0BgrM,4378,,
2026-05-27,ol_M2L_mjBI,2603,,
2026-05-27,onlJoxwtQec,1367,,
2026-05-27,oo0K4ydn4rw,5963,,
2026-05-27,p-Ig77st4KY,7014,,
2026-05-27,p23Rm9i_EIg,6368,,
2026-05-27,p6uuiKju1Gc,4273,,
2026-05-27,p8GqOFBpR5w,4739,,
2026-05-27,p8ZK2nre57U,3778,,
2026-05-27,pC_lpEworvo,1022,,
2026-05-27,pGUjxBQqY5E,3982,,
2026-05-27,pKvwesJ8-t0,8726,,
2026-05-27,pRB23hC8dZY,3111,,
2026-05-27,pTqxjQV_PYU,8399,,
2026-05-27,pUPzkqLt5WM,4559,,
2026-05-27,pWY2T3MqfCw,3429,,
2026-05-27,pdIXWsxp0_g,3769,,
2026-05-27,pj41DZonKFU,5124,,
2026-05-27,pms2oKZcuqo,3404,,
2026-05-27,ptv9GRoEKs0,3695,,
2026-05-27,pyuB406DLuo,11335,,
2026-05-27,pzLWWa96_lE,5856,,
2026-05-27,q4mgxHWrmLM,6366,,
2026-05-27,q52xE5uCNT0,11534,,
2026-05-27,qIxGLqP2ZBA,3300,,
2026-05-27,qJ6pJMN4eiA,2633,,
2026-05-27,qMz0UbGJq4Y,6710,,
2026-05-27,qZi9yeRBf94,3743,,
2026-05-27,q_TknmNwvqA,5962,,
2026-05-27,qabDQ1ebZbQ,5867,,
2026-05-27,qbXC7hLKuGM,260,,
2026-05-27,qd6gmV0qrrk,14243,,
2026-05-27,qiI-rwVGiYQ,1970,,
2026-05-27,qkMCHJ28vsI,2298,,
2026-05-27,qmcbY6Sr_mw,2992,,
2026-05-27,qqQxwunPfLo,5151,,
2026-05-27,qzy12XbaJQ4,1498,,
2026-05-27,r0ZddKvFa9w,7590,,
2026-05-27,r3P6BU0gEVU,7434,,
2026-05-27,r4YE2Zghgbc,2824,,
2026-05-27,rAxPIoC8bB4,12451,,
2026-05-27,rJ6YCE4gWS0,1628,,
2026-05-27,rJeHPb9VWP4,2344,,
2026-05-27,rLZUcW0DBTM,9755,,
2026-05-27,rLfvnvBj8Ls,4655,,
2026-05-27,rR2A9ezT_gg,16297,,
2026-05-27,rULrrI9GfWU,1320,,
2026-05-27,rV23IXWdDOY,17051,,
2026-05-27,rVEh3PGiggk,372,,
2026-05-27,r_lWb2SpHO4,10246,,
2026-05-27,rckZ2uBOGYs,4264,,
2026-05-27,rixzhpBKdfg,2573,,
2026-05-27,rlnx986Qxkc,12756,,
2026-05-27,rojYn7h_-U4,2232,,
2026-05-27,rqcOPT_Dg7A,7061,,
2026-05-27,ruxKM1qX0Dc,11300,,
2026-05-27,rzIPT2DPtvA,5598,,
2026-05-27,s2GjWfPbh9I,1951,,
2026-05-27,sHQg97i_Hp0,155,,
2026-05-27,sO1rprIWDas,4239,,
2026-05-27,sQH3xPVic6Y,3872,,
2026-05-27,sVwAWTxKDJ0,7772,,
2026-05-27,sXRGp_ttFI4,7035,,
2026-05-27,sZhgf8PQ5gc,8541,,
2026-05-27,scIFhQSvvlE,2721,,
2026-05-27,scM9aI9kTus,4865,,
2026-05-27,skABNIsQ3fA,12405,,
2026-05-27,sl11WONqgaQ,2973,,
2026-05-27,smATVd6dk-k,13902,,
2026-05-27,sqx6twZgR-k,3879,,
2026-05-27,ssIA_N2u50Y,7176,,
2026-05-27,syPu5HdMT4k,1016,,
2026-05-27,t01TItG_UAQ,592,,
2026-05-27,t1UIIjuMirY,8766,,
2026-05-27,t1kj63890o8,3454,,
2026-05-27,t3G_N5DO6us,6157,,
2026-05-27,t4gVVdxtNWE,8595,,
2026-05-27,tGsk0H21JgE,2130,,
2026-05-27,t_RBOUZAqGw,4440,,
2026-05-27,tcomjtcMjLE,1105,,
2026-05-27,tdc-zfxIlEY,31793,,
2026-05-27,tiDCtcHjdQU,7047,,
2026-05-27,trS0kTq6Tk8,1648,,
2026-05-27,txSX7-1XQOE,2640,,
2026-05-27,tyRJESdSDm4,14517,,
2026-05-27,tz7n--I4rDU,1477,,
2026-05-27,u00LAYagwGo,4462,,
2026-05-27,u4e1ijV4iRQ,5257,,
2026-05-27,u7xKzLuKt5I,17624,,
2026-05-27,uXbngiOXOD0,10233,,
2026-05-27,ub9JNL8EhJ4,1465,,
2026-05-27,uk5ADKNqHoc,1433,,
2026-05-27,ul9Sw7brukY,1556,,
2026-05-27,umNEJg2sj50,964,,
2026-05-27,un8Mt5f-mUE,10558,,
2026-05-27,usRrwR8CUb8,8898,,
2026-05-27,uxxwN68AJHE,5435,,
2026-05-27,v-ylvHTi_Mc,3351,,
2026-05-27,v0kp6W42yf4,2896,,
2026-05-27,v1J7bERLirA,3215,,
2026-05-27,v9INdKeBJEI,41452,,
2026-05-27,vDzWHTMsp_Y,1722,,
2026-05-27,vHvpM9nSO3Q,4035,,
2026-05-27,vIAhcX4SppA,3182,,
2026-05-27,vKYW7MTBAFg,10023,,
2026-05-27,vM5V9hoDKnQ,8892,,
2026-05-27,vQI78T3g4Gg,6077,,
2026-05-27,vUEmbLAxZ0Y,1099,,
2026-05-27,vWTTG9XlMoY,13047,,
2026-05-27,v_JJzLJ0eRw,4734,,
2026-05-27,vmSPrsKC8i8,48701,,
2026-05-27,vqsoh8y6xa8,5448,,
2026-05-27,vuvK_DUcqCk,7592,,
2026-05-27,vy88MX2ss_g,7305,,
2026-05-27,vyg196YvsgE,1021,,
2026-05-27,w3HciqK70s4,1637,,
2026-05-27,w68xGF_YIgU,24629,,
2026-05-27,w6b2AkddE8Y,2637,,
2026-05-27,w9kpcvkWngA,6540,,
2026-05-27,wBWXzI7uJYo,3675,,
2026-05-27,wGDSdaXZj00,44550,,
2026-05-27,wHcblaGXua8,9915,,
2026-05-27,wLB8pR4uME0,2696,,
2026-05-27,wSEMUoR4FS4,1492,,
2026-05-27,wSnq-Unha34,132622,,
2026-05-27,wX47G7oi_Z4,1958,,
2026-05-27,wg1R2_G_LEc,6024,,
2026-05-27,wnahjxPk5rk,2288,,
2026-05-27,wpHm4ARAChc,20614,,
2026-05-27,wpWCpGTZE2A,1889,,
2026-05-27,wuZgRtutoHQ,8157,,
2026-05-27,wutJAXwvMqo,9030,,
2026-05-27,wwtaQ_PNx1M,2960,,
2026-05-27,wxWz6zDC2wo,1474,,
2026-05-27,wzSn1b5XXtk,1863,,
2026-05-27,x3gjYoDR5tA,2626,,
2026-05-27,x5fPiJUOMk0,3856,,
2026-05-27,xMbY5fkmK0A,3504,,
2026-05-27,xQKEy65zAso,64125,,
2026-05-27,xTpYdSgeWPc,1179,,
2026-05-27,xZIOdejjTlg,2794,,
2026-05-27,x_KffjhARa0,2787,,
2026-05-27,xe6w3VmUf5I,6023,,
2026-05-27,xs2J2KW1q8Q,8417,,
2026-05-27,xvdkNKQAbJ8,1817,,
2026-05-27,xwLoo8ThKHI,857,,
2026-05-27,xxC2s5JBYZM,332,,
2026-05-27,xya7ZlFJ-x8,2258,,
2026-05-27,y3rXMXG_UF8,3619,,
2026-05-27,y4Yqheg9DuY,15202,,
2026-05-27,y6T5kX1L0aw,1627,,
2026-05-27,y76fsYJCAO0,1631,,
2026-05-27,y8mTWAs2PPw,3166,,
2026-05-27,yF9W5KZ4lfs,6500,,
2026-05-27,yGc4NnBE6nY,4897,,
2026-05-27,yKCrM_XkKaY,15190,,
2026-05-27,yKIM1UxtbpU,2021,,
2026-05-27,yPh9jEw5_Lw,2786,,
2026-05-27,ySg8CEjxwwo,5775,,
2026-05-27,yUQ4NYv_io0,3320,,
2026-05-27,yXWhKEoL3QU,3945,,
2026-05-27,yeBCQurwTAM,3888,,
2026-05-27,yo-Wdxc6ng0,3499,,
2026-05-27,yrJ1mvA6eIM,9970,,
2026-05-27,yrcwoFLtS5Y,7340,,
2026-05-27,ytt9pEb78FA,4964,,
2026-05-27,z-n_vz4gFRw,14088,,
2026-05-27,z0A-aCcVXSA,3072,,
2026-05-27,z2SU31i7Uo4,9167,,
2026-05-27,z8MJYHsQh5c,16326,,
2026-05-27,zCk1p-hPBCs,156,,
2026-05-27,zDtacZ_qT0Y,11912,,
2026-05-27,zI6L_SkYqkU,1240,,
2026-05-27,zLgpLCYCbyA,2522,,
2026-05-27,zSvZdF7CBjU,6182,,
2026-05-27,zVMIZRDSvCc,1740,,
2026-05-27,zceKtRTdgSo,12315,,
2026-05-27,zjYgzIlRmOk,6993,,
2026-05-27,zksWnpcM05I,4171,,
2026-05-27,zpX-Xs1a9MY,3125,,
2026-05-27,zrRTPvOBEnU,2816,,
2026-05-27,zsRQcswYx8w,2815,,
2026-05-27,zsYZHcSRvB8,25209,,
2026-05-27,zsaXdCEuYsY,2248,,
2026-05-27,zufjmNpcSlg,1605,,
2026-05-27,zvjhIylspTc,10122,,
2026-05-27,zx1Xu1eI_UM,1729,,
2026-05-27,zxwGfKCo6as,4758,,
2026-05-27,zyY2aRVZMp4,1253,,
2026-05-27,zzWIE6Sg_E0,22111,,
2026-05-28,3A0Gwb7nmw8,2577,,
2026-05-28,5b4RSDrkc8I,4485,,
2026-05-28,Ati51CQqpKY,5559,,
2026-05-28,KNwEQXDv5XM,8175,,
2026-05-28,Kh_0ICA5cfg,5544,,
2026-05-28,MOmBOx1LEJU,26808,,
2026-05-28,N9CZswDtnCA,3364,,
2026-05-28,PmY9rmZK_oM,1876,,
2026-05-28,QQh0twun7tg,46032,,
2026-05-28,SoVnrdQ7b_s,4683,,
2026-05-28,U9sNqbVd1L8,4022,,
2026-05-28,UVkQsLv7n2s,2168,,
2026-05-28,UxyCkiufJyg,3270,,
2026-05-28,WUchEyRFIxw,3721,,
2026-05-28,_ALc4VJkpjA,11530,,
2026-05-28,ccZaP6LEaLI,6586,,
2026-05-28,f1eFQJocAow,7237,,
2026-05-28,iY0az_GdCiI,5086,,
2026-05-28,p-Ig77st4KY,7054,,
2026-05-28,pTqxjQV_PYU,8432,,
2026-05-28,pj41DZonKFU,5137,,
2026-05-28,sl11WONqgaQ,3010,,
2026-05-28,xZIOdejjTlg,2799,,
2026-05-28,yeBCQurwTAM,3893,,
2026-05-28,zx1Xu1eI_UM,1773,,
2026-05-29,-Fkj0aK2dO8,5544,,
2026-05-29,3A0Gwb7nmw8,2586,,
2026-05-29,5b4RSDrkc8I,4490,,
2026-05-29,7sRKccOoPbY,8667,,
2026-05-29,Ati51CQqpKY,5563,,
2026-05-29,KNwEQXDv5XM,8183,,
2026-05-29,Kh_0ICA5cfg,5565,,
2026-05-29,MOmBOx1LEJU,27060,,
2026-05-29,N9CZswDtnCA,3365,,
2026-05-29,PmY9rmZK_oM,1879,,
2026-05-29,QQh0twun7tg,46048,,
2026-05-29,SoVnrdQ7b_s,4691,,
2026-05-29,U9sNqbVd1L8,4036,,
2026-05-29,UVkQsLv7n2s,2174,,
2026-05-29,UxyCkiufJyg,3274,,
2026-05-29,WUchEyRFIxw,3726,,
2026-05-29,_ALc4VJkpjA,11609,,
2026-05-29,cMFi9XkhDDQ,2556,,
2026-05-29,ccZaP6LEaLI,6813,,
2026-05-29,eokbRB_Y2CU,4295,,
2026-05-29,f1eFQJocAow,7246,,
2026-05-29,iY0az_GdCiI,5116,,
2026-05-29,p-Ig77st4KY,7088,,
2026-05-29,pTqxjQV_PYU,8459,,
2026-05-29,pj41DZonKFU,5148,,
2026-05-29,sl11WONqgaQ,3043,,
2026-05-29,xZIOdejjTlg,2806,,
2026-05-29,yeBCQurwTAM,3897,,
2026-05-29,zx1Xu1eI_UM,1801,,
2026-05-30,3A0Gwb7nmw8,2589,,
2026-05-30,5b4RSDrkc8I,4497,,
2026-05-30,Ati51CQqpKY,5573,,
2026-05-30,KNwEQXDv5XM,8191,,
2026-05-30,Kh_0ICA5cfg,5587,,
2026-05-30,MOmBOx1LEJU,27319,,
2026-05-30,N9CZswDtnCA,3368,,
2026-05-30,PmY9rmZK_oM,1887,,
2026-05-30,SoVnrdQ7b_s,4695,,
2026-05-30,U9sNqbVd1L8,4047,,
2026-05-30,UVkQsLv7n2s,2182,,
2026-05-30,UxyCkiufJyg,3279,,
2026-05-30,WUchEyRFIxw,3737,,
2026-05-30,_ALc4VJkpjA,11657,,
2026-05-30,ccZaP6LEaLI,7079,,
2026-05-30,f1eFQJocAow,7253,,
2026-05-30,iY0az_GdCiI,5137,,
2026-05-30,p-Ig77st4KY,7126,,
2026-05-30,pTqxjQV_PYU,8488,,
2026-05-30,pj41DZonKFU,5161,,
2026-05-30,sl11WONqgaQ,3076,,
2026-05-30,xZIOdejjTlg,2810,,
2026-05-30,yeBCQurwTAM,3900,,
2026-05-30,zx1Xu1eI_UM,1824,,
