date,video_id,views,likes,comments
2026-08-01,0PBCtb7Va-c,6726,,
2026-08-01,4n4yKMederk,7377,,
2026-08-01,9rJgQmuc2SM,5798,,
2026-08-01,F5WCr1Md6mk,2118,,
2026-08-01,GME--_-r_lU,3188,,
2026-08-01,IM0HdpgIDq8,12129,,
2026-08-01,JJ0wEMAa0Qg,4827,,
2026-08-01,Kh_0ICA5cfg,6158,,
2026-08-01,NEahGL5R0HI,10366,,
2026-08-01,NJXuNpJ26us,3274,,
2026-08-01,UVkQsLv7n2s,2382,,
2026-08-01,aVKjY_uB3tA,2625,,
2026-08-01,ccZaP6LEaLI,9578,,
2026-08-01,gAlQprevPh0,3099,,
2026-08-01,hJ3DwYLFjcY,3831,,
2026-08-01,iY0az_GdCiI,5958,,
2026-08-01,mOqGGh-ot08,12802,,
2026-08-01,ppIXkOvS4WI,4455,,
2026-08-01,roO2HBjdtQw,5033,,
2026-08-01,sl11WONqgaQ,3670,,
2026-08-01,uNX13pgpGBU,5149,,
2026-08-01,xGMFiacVSrk,4962,,
2026-08-01,yJTEsQi0G98,1662,,
2026-08-01,zXbAf49C9vE,6176,,
2026-08-01,zx1Xu1eI_UM,2155,,
2026-08-02,0PBCtb7Va-c,6738,,
2026-08-02,4n4yKMederk,7521,,
2026-08-02,9rJgQmuc2SM,5918,,
2026-08-02,F5WCr1Md6mk,2122,,
2026-08-02,GME--_-r_lU,3196,,
2026-08-02,IM0HdpgIDq8,12143,,
2026-08-02,JJ0wEMAa0Qg,5510,,
2026-08-02,Kh_0ICA5cfg,6161,,
2026-08-02,NEahGL5R0HI,10452,,
2026-08-02,NJXuNpJ26us,3292,,
2026-08-02,UVkQsLv7n2s,2384,,
2026-08-02,aVKjY_uB3tA,2639,,
2026-08-02,ccZaP6LEaLI,9586,,
2026-08-02,gAlQprevPh0,3101,,
2026-08-02,hJ3DwYLFjcY,3838,,
2026-08-02,iY0az_GdCiI,5962,,
2026-08-02,mOqGGh-ot08,12821,,
2026-08-02,ppIXkOvS4WI,4473,,
2026-08-02,r6_PIKzQJ8Q,1835,,
2026-08-02,roO2HBjdtQw,5052,,
2026-08-02,sl11WONqgaQ,3676,,
2026-08-02,uNX13pgpGBU,5168,,
2026-08-02,xGMFiacVSrk,4975,,
2026-08-02,yJTEsQi0G98,1664,,
2026-08-02,zXbAf49C9vE,6197,,
2026-08-02,zx1Xu1eI_UM,2159,,
2026-08-03,0PBCtb7Va-c,6752,,
2026-08-03,3A0Gwb7nmw8,2829,,
2026-08-03,4n4yKMederk,7609,,
2026-08-03,5b4RSDrkc8I,4696,,
2026-08-03,9rJgQmuc2SM,6013,,
2026-08-03,ClAz_Etby1k,3662,,
2026-08-03,F5WCr1Md6mk,2122,,
2026-08-03,GME--_-r_lU,3201,,
2026-08-03,IM0HdpgIDq8,12160,,
2026-08-03,JJ0wEMAa0Qg,5959,,
2026-08-03,Kh_0ICA5cfg,6167,,
2026-08-03,N9CZswDtnCA,3574,,
2026-08-03,NEahGL5R0HI,10585,,
2026-08-03,NJXuNpJ26us,3323,,
2026-08-03,Nhb3_wu7Ddk,13877,,
2026-08-03,PmY9rmZK_oM,2039,,
2026-08-03,UVkQsLv7n2s,2386,,
2026-08-03,UxyCkiufJyg,3455,,
2026-08-03,WUchEyRFIxw,4005,,
2026-08-03,aEQu0cO-iG8,979,,
2026-08-03,aVKjY_uB3tA,2652,,
2026-08-03,ccZaP6LEaLI,9603,,
2026-08-03,dA0DwmLmQ9s,6925,,
2026-08-03,gAlQprevPh0,3104,,
2026-08-03,hJ3DwYLFjcY,3842,,
2026-08-03,iY0az_GdCiI,5967,,
2026-08-03,mOqGGh-ot08,12832,,
2026-08-03,ppIXkOvS4WI,4483,,
2026-08-03,r6_PIKzQJ8Q,2197,,
2026-08-03,roO2HBjdtQw,5088,,
2026-08-03,sl11WONqgaQ,3679,,
2026-08-03,svTgRSTyypU,30228,,
2026-08-03,uNX13pgpGBU,5201,,
2026-08-03,xGMFiacVSrk,4984,,
2026-08-03,xZIOdejjTlg,3007,,
2026-08-03,yJTEsQi0G98,1665,,
2026-08-03,yeBCQurwTAM,4024,,
2026-08-03,zXbAf49C9vE,6217,,
2026-08-03,zx1Xu1eI_UM,2160,,
2026-08-04,0PBCtb7Va-c,6773,,
2026-08-04,4n4yKMederk,7742,,
2026-08-04,9rJgQmuc2SM,6074,,
2026-08-04,F5WCr1Md6mk,2123,,
2026-08-04,GME--_-r_lU,3210,,
2026-08-04,IM0HdpgIDq8,12173,,
2026-08-04,JJ0wEMAa0Qg,6304,,
2026-08-04,Kh_0ICA5cfg,6169,,
2026-08-04,NEahGL5R0HI,10714,,
2026-08-04,NJXuNpJ26us,3340,,
2026-08-04,SoVnrdQ7b_s,5133,,
2026-08-04,aEQu0cO-iG8,1551,,
2026-08-04,aVKjY_uB3tA,2671,,
2026-08-04,ccZaP6LEaLI,9623,,
2026-08-04,gAlQprevPh0,3106,,
2026-08-04,hJ3DwYLFjcY,3845,,
2026-08-04,iY0az_GdCiI,5971,,
2026-08-04,mOqGGh-ot08,12850,,
2026-08-04,ppIXkOvS4WI,4496,,
2026-08-04,r6_PIKzQJ8Q,2408,,
2026-08-04,roO2HBjdtQw,5119,,
2026-08-04,sl11WONqgaQ,3682,,
2026-08-04,uNX13pgpGBU,5213,,
2026-08-04,xGMFiacVSrk,4990,,
2026-08-04,yJTEsQi0G98,1666,,
2026-08-04,zXbAf49C9vE,6252,,
2026-08-04,zx1Xu1eI_UM,2161,,
2026-08-05,--eCZ5KJphU,1978,,
2026-08-05,-27X7n7IstM,6790,,
2026-08-05,-3dLSMzi38k,5096,,
2026-08-05,-FJcDEQ2CB0,14405,,
2026-08-05,-GYR8m5pqkI,10733,,
2026-08-05,-SxNX1_ipZ0,4518,,
2026-08-05,-WID9zHoKhE,372,,
2026-08-05,-pXsceBZ-uI,1961,,
2026-08-05,01F_B8RaurQ,364,,
2026-08-05,0A3d0lovA9c,3022,,
2026-08-05,0BvJ_8VSpAQ,20062,,
2026-08-05,0JFuxpSFiLo,21125,,
2026-08-05,0Mur3o4gJn4,5881,,
2026-08-05,0PBCtb7Va-c,6783,,
2026-08-05,0U0-9stDv2w,6829,,
2026-08-05,0YdWcjA5acg,8282,,
2026-08-05,0_I4PHJ-miw,21689,,
2026-08-05,0dqRFbgCuVg,6636,,
2026-08-05,0irTZK6Z_YI,991,,
2026-08-05,0jvB7_mRdVk,1548,,
2026-08-05,0luCN1MyFX8,11139,,
2026-08-05,0nv1NY1lx_E,5362,,
2026-08-05,0t_oTJZ6Irs,6751,,
2026-08-05,13jLs1WwfTY,4818,,
2026-08-05,14FLm6zvvlM,3307,,
2026-08-05,1APEiSZz2zM,323,,
2026-08-05,1M5hO5Iz4hQ,11642,,
2026-08-05,1WejSH57PSA,555,,
2026-08-05,1_CE104JHi8,4494,,
2026-08-05,1fn9RPaSFvM,4195,,
2026-08-05,1gAj8idUtrk,12999,,
2026-08-05,1k6Bzkiw48o,10902,,
2026-08-05,1qYWYaGdxt4,1437,,
2026-08-05,1uRRhugMzlE,4401,,
2026-08-05,1vJB1yOPOf0,7441,,
2026-08-05,1yK9VWnQpx4,21894,,
2026-08-05,24Ib0j0xDxE,15953,,
2026-08-05,2CnmP8lvGE4,6340,,
2026-08-05,2JqFe4tSOyk,10145,,
2026-08-05,2OdJHlmdu3A,3441,,
2026-08-05,2WaFFWc3lno,6207,,
2026-08-05,2bY_4Ut49J8,4109,,
2026-08-05,2l0-duQwSfI,5375,,
2026-08-05,2lZK2lUb6ew,10668,,
2026-08-05,2qLT-wnFaP0,7916,,
2026-08-05,2qZb4PtGQUg,3238,,
2026-08-05,2qron8l5-WA,2923,,
2026-08-05,2vAcCPS9-YE,3140,,
2026-08-05,3BNqAqRukts,17640,,
2026-08-05,3Cm_qVj04z0,338,,
2026-08-05,3DNRCakknE0,4692,,
2026-08-05,3HUs08W6-8o,15838,,
2026-08-05,3KJwgGv_hq0,4072,,
2026-08-05,3Nh8y-oesJ0,7973,,
2026-08-05,3gPoLb5rT70,16952,,
2026-08-05,3iUH-OYuGIo,235,,
2026-08-05,3jZh-NYS564,6862,,
2026-08-05,3nGph8PX2-Q,3530,,
2026-08-05,3xtwXWyEfhk,1800,,
2026-08-05,49KORRES2ks,2319,,
2026-08-05,4Q1Xe92xmwI,9611,,
2026-08-05,4VN65sXHXSU,5789,,
2026-08-05,4WHM_GRby90,5841,,
2026-08-05,4aUWIhJE2n4,3650,,
2026-08-05,4b4THjNuDW0,607,,
2026-08-05,4n-UnjzY3B0,253,,
2026-08-05,4n4yKMederk,7845,,
2026-08-05,4qtFClwSzc8,1466,,
2026-08-05,4r4Fv5i5zCI,7206,,
2026-08-05,4tli9Q4KZ3w,3220,,
2026-08-05,4vHxpaifn9w,25336,,
2026-08-05,4zfnW56TcvY,3016,,
2026-08-05,5I2-cQ7oa10,3631,,
2026-08-05,5MHf5WPH1v4,4440,,
2026-08-05,5R6l50LDlV4,3582,,
2026-08-05,5kFO9eUjRPk,13021,,
2026-08-05,5sVEspUzpGY,3808,,
2026-08-05,5t3KYPZKUe4,10793,,
2026-08-05,615ClJ5oqkw,1221,,
2026-08-05,62v6RgdBly0,2412,,
2026-08-05,69_RI4iZxuQ,6548,,
2026-08-05,6BegJIenaBE,9842,,
2026-08-05,6Bmjis1ofzE,6178,,
2026-08-05,6SV0Lm47pvY,2470,,
2026-08-05,6TcR8BFdyJM,2927,,
2026-08-05,6VUBa5NSLU8,970,,
2026-08-05,6Xmd08nL2G4,4753,,
2026-08-05,6d8jMrgjDuE,3254,,
2026-08-05,6iCAxQUz4aQ,5825,,
2026-08-05,6l3bIPltt3A,6939,,
2026-08-05,6ob9UwPviJA,5094,,
2026-08-05,6tcSoXsMs9c,6133,,
2026-08-05,6vhfb7LUUYc,3610,,
2026-08-05,6zLWdLXiJC8,13983,,
2026-08-05,73a6CtNTac4,10159,,
2026-08-05,7BXf6nTyiCQ,3897,,
2026-08-05,7BkLmVdcaJw,6403,,
2026-08-05,7EgU3ReHrIc,1262,,
2026-08-05,7FZrM9iMsCM,6361,,
2026-08-05,7IZ5eCJ3Vqc,2455,,
2026-08-05,7NZvpCqH7eA,2779,,
2026-08-05,7NbPwroPQ80,3049,,
2026-08-05,7Odyxk-S9f0,53353,,
2026-08-05,7PSt_Gouh6g,2816,,
2026-08-05,7cpCkvLwQsI,2107,,
2026-08-05,7dlhZLngdvM,8857,,
2026-08-05,7m_UlzkGLlA,35379,,
2026-08-05,7tKbMZqzLks,2866,,
2026-08-05,7ufObjxCBKI,14255,,
2026-08-05,7wuBlcFsfvc,4390,,
2026-08-05,7zHiFWEJfZY,8782,,
2026-08-05,87Vb6sa1KcY,1460,,
2026-08-05,8OPlCKgcSO8,6427,,
2026-08-05,8T1Pe58GJpw,4303,,
2026-08-05,8UOwBfCgZn8,1054,,
2026-08-05,8UWpsEyQwCU,3988,,
2026-08-05,8_fxIwJi8eI,12374,,
2026-08-05,8fwEHUkKTFc,1241,,
2026-08-05,8hbiWsIlhQ0,1285,,
2026-08-05,8pRl03u-hjI,7908,,
2026-08-05,8r9S_xIzqLk,4076,,
2026-08-05,8tmQ6wySUSI,4598,,
2026-08-05,900BOlBTFNg,36314,,
2026-08-05,99bQhxWPWuo,9226,,
2026-08-05,9BmwbWSPXwY,4772,,
2026-08-05,9Fhr7gYQPBM,1460,,
2026-08-05,9O3XYd0F6VI,11369,,
2026-08-05,9Ot1RhssfL0,769,,
2026-08-05,9TvuNO-fnXM,16255,,
2026-08-05,9_6yRxY8iiY,9894,,
2026-08-05,9cZh_IuGMyM,379,,
2026-08-05,9dFDeUNHViY,9351,,
2026-08-05,9gFQ9rFMKEA,39120,,
2026-08-05,9h2v-rVmwEA,8685,,
2026-08-05,9hOkPAYmpPM,6665,,
2026-08-05,9hgzA60ZGZg,5498,,
2026-08-05,9rJgQmuc2SM,6164,,
2026-08-05,9rVcXaVHCXw,2621,,
2026-08-05,9wgzzLCatp8,854,,
2026-08-05,9yg2AIYdu6E,1740,,
2026-08-05,A4wr-iI2hJU,21392,,
2026-08-05,A5ojgoN39Lc,6366,,
2026-08-05,A9RXB8YTc6Y,12725,,
2026-08-05,ADwtKtLtE8Q,2007,,
2026-08-05,AKDQisHl8Ek,3910,,
2026-08-05,AKJRVoJu_Q4,7461,,
2026-08-05,ANYrzwn5h_M,4668,,
2026-08-05,AO1WNfgIgiE,8583,,
2026-08-05,ASSnCNI-KlM,1264,,
2026-08-05,AU7Z9h1x1Ys,698,,
2026-08-05,AUG114ir5eQ,1241,,
2026-08-05,AUxR3aTc3ng,1507,,
2026-08-05,AaCd4amsV0U,2028,,
2026-08-05,Ac6AOC9yxJE,4327,,
2026-08-05,AcR00ZHbVKU,7535,,
2026-08-05,AgcnylfczPE,10596,,
2026-08-05,AmYVHRf2Aq8,8664,,
2026-08-05,Ao4VRNX_h4A,11982,,
2026-08-05,Aq3emUbqTbA,803,,
2026-08-05,B0IPEMdrCRA,3038,,
2026-08-05,B5xTJMahaK4,2529,,
2026-08-05,B9FbWxNdJPY,19214,,
2026-08-05,B9zmRMY6ISI,2712,,
2026-08-05,BNze82M59-E,7027,,
2026-08-05,BSum-2t0a28,4647,,
2026-08-05,B_OF2TYLnQw,6339,,
2026-08-05,B_rcAwySccg,3528,,
2026-08-05,BdCpg8-TlGg,3541,,
2026-08-05,BfLT1TlZInE,20061,,
2026-08-05,BfjZU1zyiOc,1883,,
2026-08-05,BkAhos9qrLQ,2133,,
2026-08-05,BsWIaYs09vc,5985,,
2026-08-05,BskXYIlyNzA,5981,,
2026-08-05,C5ETgNOq1gQ,14357,,
2026-08-05,C5Rh96Gz8yg,6955,,
2026-08-05,C9AMwVwgVPo,3032,,
2026-08-05,C9FJCiew0s8,4052,,
2026-08-05,CD6KcQMdzfc,2832,,
2026-08-05,CEF9v_JMVe8,7209,,
2026-08-05,CJkJWnPzguM,21442,,
2026-08-05,CKAGWlmyXbA,8915,,
2026-08-05,CMh4ttABaiE,1223,,
2026-08-05,CSTFP0gKnd8,5326,,
2026-08-05,CUpAWj1wVbU,24678,,
2026-08-05,CVFIzDp5iio,11258,,
2026-08-05,CYn4JoQTD1I,671,,
2026-08-05,CYvruxt8Ocw,5341,,
2026-08-05,CgzCQr9ilsw,387,,
2026-08-05,ChKL1KyjlZ4,5229,,
2026-08-05,CkghB9G4vOo,214,,
2026-08-05,Cpa04rQyl18,8376,,
2026-08-05,CufCJMTTKHk,1636,,
2026-08-05,Cy2qJ0Win1I,4398,,
2026-08-05,D-dgFUvl7YA,7896,,
2026-08-05,D4p6nv2t2FA,245,,
2026-08-05,D50nmITTLp8,1807,,
2026-08-05,DAuagmdRSOE,10839,,
2026-08-05,DBkInEbzPk0,2726,,
2026-08-05,DDd5prelU6A,8936,,
2026-08-05,DDiDtP-uOqU,2275,,
2026-08-05,DI-Oxm-J0W0,5567,,
2026-08-05,DIv0FHIZiko,3482,,
2026-08-05,DNsUjaDT3AQ,4143,,
2026-08-05,DPEZ-FtI4UI,8364,,
2026-08-05,DPz-ktdaHII,448,,
2026-08-05,DS_neiUmgrA,2716,,
2026-08-05,DY9enl751Hk,9091,,
2026-08-05,Dcu_IubxG8I,4969,,
2026-08-05,Df9q7HerAA4,4953,,
2026-08-05,DiLjnRqx0xo,3854,,
2026-08-05,DnXALAe3BtY,1598,,
2026-08-05,DohrPYUe11o,1537,,
2026-08-05,DouSkzKX7NE,6491,,
2026-08-05,Drqehd-O2ak,3681,,
2026-08-05,DxUH69hEi9k,453,,
2026-08-05,E6ac_QwimUk,3697,,
2026-08-05,EFc5_Nct8wE,4541,,
2026-08-05,EIKIx9Xpl7c,2741,,
2026-08-05,E_DqVHrHIxM,7872,,
2026-08-05,EckbfLRDGjE,1689,,
2026-08-05,EkKqSnrdG7U,2685,,
2026-08-05,Ezrw0VHCy7w,280,,
2026-08-05,F1hpeZ_T-ww,2760,,
2026-08-05,F5WCr1Md6mk,2123,,
2026-08-05,F5y8-ztKpCM,3809,,
2026-08-05,F8PMKa1dz9g,733,,
2026-08-05,FAIITnGT4wo,4877,,
2026-08-05,FAfQTG-v0Cs,3245,,
2026-08-05,FEqKnaBExZU,9386,,
2026-08-05,FG5G2G-XjhE,14525,,
2026-08-05,FIEy7T-kMmQ,1915,,
2026-08-05,FKbiHBctwwA,3875,,
2026-08-05,FNVB3Ndlrw8,431,,
2026-08-05,FSFC8O9LxRU,2488,,
2026-08-05,FYtl1LolxwQ,10070,,
2026-08-05,Fa8jGX5mvj4,3125,,
2026-08-05,FfCJfpHXt8c,4056,,
2026-08-05,FgTt2XD_ryA,13629,,
2026-08-05,FkK2Rp5xEIc,11007,,
2026-08-05,FlGf6zZGtkk,5267,,
2026-08-05,FlbiS6qn6oE,2733,,
2026-08-05,Fs8L9V90RDk,7829,,
2026-08-05,FsemZttxTN8,5487,,
2026-08-05,G2COlj5SS54,7951,,
2026-08-05,G76WtaecxB4,1193,,
2026-08-05,G9YcpN4TAZw,5174,,
2026-08-05,GEZg76Swgc8,427,,
2026-08-05,GJRAN3_x8U4,3574,,
2026-08-05,GME--_-r_lU,3227,,
2026-08-05,GTD7cyckPnA,271,,
2026-08-05,GYD-rQNG-rI,8905,,
2026-08-05,Gdybpz4wjgY,331,,
2026-08-05,GgtIBQCZxkQ,5287,,
2026-08-05,Gjf4AsYGwU8,11176,,
2026-08-05,GqAXRVF_edY,4098,,
2026-08-05,GqRwtWVepYw,8936,,
2026-08-05,GqWbo7Uo8Ec,5722,,
2026-08-05,Gs03wWJ6vFc,928,,
2026-08-05,Gx6Z5Aj875s,6658,,
2026-08-05,H-jiaEptrx0,4334,,
2026-08-05,H3JH96ZJWzM,786,,
2026-08-05,H5yOaNKxZ-4,21107,,
2026-08-05,H97Ldv1IXtw,17939,,
2026-08-05,HBhaj0_Zm34,4471,,
2026-08-05,HDN25GTdn40,3921,,
2026-08-05,HRQ4Ibbkkco,2269,,
2026-08-05,HUbRq3GR8SI,4997,,
2026-08-05,HbNx1HcTEk4,21829,,
2026-08-05,HlwfZ6atyLw,1894,,
2026-08-05,Hsv6dNsEO40,10967,,
2026-08-05,HvQpYQlLGzg,3855,,
2026-08-05,Hwi-jokx7aI,2685,,
2026-08-05,I-S-0EO3-FA,2867,,
2026-08-05,I1sccj6fjQs,3712,,
2026-08-05,I3T6O4ez75M,4054,,
2026-08-05,I66Prbdjcn0,3471,,
2026-08-05,I70TmekxAXE,2642,,
2026-08-05,IAdR2JdoGr8,10168,,
2026-08-05,IB_3oFDAULc,11706,,
2026-08-05,IE6oyFF67A0,15551,,
2026-08-05,IEIg6U_krbY,9616,,
2026-08-05,IF966yryyqY,264,,
2026-08-05,IH591H86iFQ,7200,,
2026-08-05,IHsdTOEuG4g,8634,,
2026-08-05,IJdPXXMpYPk,806,,
2026-08-05,IKIrneFKwJY,622,,
2026-08-05,IM0HdpgIDq8,12183,,
2026-08-05,IQ3zeRLgnt4,3347,,
2026-08-05,IQQViyty9zM,2046,,
2026-08-05,ISKY2Bgz_c0,1224,,
2026-08-05,IXOacyfD7V4,13379,,
2026-08-05,IrGSyH2wlK0,1597,,
2026-08-05,IuZyLH50TMQ,23085,,
2026-08-05,Ix6NRPPJhd8,1194,,
2026-08-05,J-aiAO8-Czk,13058,,
2026-08-05,J1tRJRX44zc,2056,,
2026-08-05,JH6X6472Gdk,3412,,
2026-08-05,JJ0wEMAa0Qg,6553,,
2026-08-05,JNuRoWbolfs,6401,,
2026-08-05,Jep6zVwriOA,7037,,
2026-08-05,Jl2XOwlw5Z4,5522,,
2026-08-05,JpctKDg71Pg,747,,
2026-08-05,JpfqYvUYNr8,2205,,
2026-08-05,Ju3_gwctpM8,16442,,
2026-08-05,Jyn59AgDf6o,7151,,
2026-08-05,JzsEVr4W5ng,11297,,
2026-08-05,K1YD12TDxwo,1707,,
2026-08-05,K2T8Cd4-ba8,699,,
2026-08-05,K4YFVRGWGEY,2844,,
2026-08-05,K8o_u0_iFJU,7726,,
2026-08-05,K9Asd1xasRc,795,,
2026-08-05,KEnYv8bMxXM,38863,,
2026-08-05,KLTqQaG2asM,4394,,
2026-08-05,KMTemVbHKS4,3432,,
2026-08-05,KNT1a6LakZI,4454,,
2026-08-05,KOF8EQ_YcOU,11977,,
2026-08-05,KOedI8Dr__Y,4507,,
2026-08-05,KTnAV2qb5CY,7910,,
2026-08-05,KVaKaf9FX5I,8369,,
2026-08-05,KXoxeoaSwOA,4362,,
2026-08-05,Kh_0ICA5cfg,6174,,
2026-08-05,KiOKGmcOb_g,10255,,
2026-08-05,KlnSnb7YFEY,2683,,
2026-08-05,Kn5RCzQ9ufc,3751,,
2026-08-05,KqZv27fFQlQ,141521,,
2026-08-05,KrjMNWiU52A,16892,,
2026-08-05,KtjAJuKUbDM,15582,,
2026-08-05,L0KEJ_zq0Ak,10366,,
2026-08-05,L5c4VvuaU7w,18208,,
2026-08-05,LD8rxn2RFNE,4395,,
2026-08-05,LMbdAdrLzXg,4301,,
2026-08-05,LMryIj-gt9A,2054,,
2026-08-05,LNWGlnt3wF4,19515,,
2026-08-05,LRySNa5Y0No,5656,,
2026-08-05,LSGYVCqNEjc,4319,,
2026-08-05,LXW_Z8rp3bU,2230,,
2026-08-05,L_mpuGgHhfE,4691,,
2026-08-05,LadLiCQaAwQ,5210,,
2026-08-05,Lbrq5ramx-A,4558,,
2026-08-05,LdYe9MF1QMs,1956,,
2026-08-05,Li2lFki33xM,9262,,
2026-08-05,Lk6JhpGO69M,10176,,
2026-08-05,LmDOOPuqYG8,7703,,
2026-08-05,LpqnF4FROjg,365,,
2026-08-05,Lswdyl9nZtE,9633,,
2026-08-05,M61DCig7ZJY,6168,,
2026-08-05,MA41DUCQWfw,2532,,
2026-08-05,MM879hqJf1U,17776,,
2026-08-05,MRxgJpEyabo,4990,,
2026-08-05,MVWyRSiH4uQ,2621,,
2026-08-05,MWkhT5GG75k,6888,,
2026-08-05,MhZ5AKwboh0,9905,,
2026-08-05,MsxCeW9nTb0,3354,,
2026-08-05,Mtqdsr2BC_A,5601,,
2026-08-05,MvMstvlNNzQ,403,,
2026-08-05,MxDzq8aLzTo,791,,
2026-08-05,N0_ptJC7W48,3798,,
2026-08-05,N54m3zy-uzk,3432,,
2026-08-05,N6qK7AUqn54,10800,,
2026-08-05,NELsP8DaEa8,9781,,
2026-08-05,NEahGL5R0HI,10804,,
2026-08-05,NHGisiXq7eg,7792,,
2026-08-05,NJXuNpJ26us,3352,,
2026-08-05,NJelRHbyeWw,7609,,
2026-08-05,NRlM9dhgPTg,4345,,
2026-08-05,NWOjsRjPomI,2743,,
2026-08-05,NX-1jJ1PuxY,7893,,
2026-08-05,Nc1nItUxpQQ,8173,,
2026-08-05,Nh7jDVmtg0I,1465,,
2026-08-05,NvFqtHcCCXs,3553,,
2026-08-05,Nz2xOcIryF4,9214,,
2026-08-05,O14qr6DPo4Q,7323,,
2026-08-05,O1awyI-zPJs,15101,,
2026-08-05,OD8Jm9Yk0WY,21905,,
2026-08-05,OH7Rlrq71To,34732,,
2026-08-05,OHt_00p2dmY,5719,,
2026-08-05,OLPoLPMdW_g,2152,,
2026-08-05,OVHP92ag6d4,4158,,
2026-08-05,OYxpHMuv29k,8830,,
2026-08-05,O_7ZySSl0mk,4141,,
2026-08-05,OcgJZnE1a6o,771,,
2026-08-05,Ocp1_PPM4sI,23628,,
2026-08-05,OddgScxecfA,6904,,
2026-08-05,Om4MsEtTrnw,1458,,
2026-08-05,OsN0NNVuu7o,21511,,
2026-08-05,Ou7NGOVJ8Pc,3219,,
2026-08-05,OwK8r2uyqHU,6860,,
2026-08-05,P5dvh5HrHaE,8007,,
2026-08-05,P6a8zyHf7YY,961,,
2026-08-05,P7i-qgVG7c4,1795,,
2026-08-05,PLFNoideC9s,11925,,
2026-08-05,PM4DofLA2g0,732,,
2026-08-05,PUTrIDHNxQs,2431,,
2026-08-05,PdO8UebbbSA,1660,,
2026-08-05,PgvLUj9yWDQ,693,,
2026-08-05,Pk77G5OfECU,5089,,
2026-08-05,PkjXvpbR1q8,9373,,
2026-08-05,Pt8zI30MFm8,7016,,
2026-08-05,PtL2ZgPSF5o,14423,,
2026-08-05,Pwf2T_cntdg,20876,,
2026-08-05,PxyjUIyE5YI,15793,,
2026-08-05,Q-dHeMod7T0,7360,,
2026-08-05,Q1zf4SC-AvQ,2859,,
2026-08-05,QLdp2ZNFM_s,5321,,
2026-08-05,QUNzVqhLUBw,2641,,
2026-08-05,QVi7Ze1DEz4,5595,,
2026-08-05,QY2ox96a1zA,5981,,
2026-08-05,QeCKLvz2tIM,5803,,
2026-08-05,QhRPaWYjWYc,4069,,
2026-08-05,Qrag4Jg-veo,3888,,
2026-08-05,R1S8PFUsVWg,5530,,
2026-08-05,R4hO35nd_OI,6549,,
2026-08-05,R6Ukz91VIAY,1187,,
2026-08-05,R7utAmGPE_M,633,,
2026-08-05,RO6gVW9tdbY,1595,,
2026-08-05,ROV6ce9dkfI,4219,,
2026-08-05,RUy1hElRuUQ,5186,,
2026-08-05,RVWlgBZt6h8,5015,,
2026-08-05,RXEipSzDgtc,22039,,
2026-08-05,Rb2-RE864YY,10694,,
2026-08-05,RdvRwihvUUM,3929,,
2026-08-05,RgeVF0tu6ng,898,,
2026-08-05,RhUoPPchFBU,489,,
2026-08-05,RrVaJ5z_3mU,2986,,
2026-08-05,Rs5p0EuuTDw,9837,,
2026-08-05,Ry8PCL00Sjc,2018,,
2026-08-05,RyckAyrt7xQ,29807,,
2026-08-05,S0W7nQ2q3Kg,7646,,
2026-08-05,SB5QPpcWDXk,8684,,
2026-08-05,SCwP-bR498o,2579,,
2026-08-05,SGOEY0I_FQA,33598,,
2026-08-05,SHzg-IgnKuI,26584,,
2026-08-05,SKEcZIJKPzc,3521,,
2026-08-05,SOXoRwvxcv0,10825,,
2026-08-05,SQdrkq_hBzE,1887,,
2026-08-05,SW7PfbETFx8,2800,,
2026-08-05,SWoYNH7OMZI,1091,,
2026-08-05,SeWXiEIm9oI,1658,,
2026-08-05,Sf25ENrbQGM,997,,
2026-08-05,ShJ_j2paClA,9226,,
2026-08-05,ShkacKGq5Vk,5427,,
2026-08-05,SkukxahhmRo,6880,,
2026-08-05,Sl5Fl_vOthI,3177,,
2026-08-05,Sl5sYEh_UoU,6200,,
2026-08-05,Sq3rkK6GhuE,245,,
2026-08-05,St5jhqEeasY,4548,,
2026-08-05,T2tuMBwhuKc,6960,,
2026-08-05,TDOWMduvE1o,3082,,
2026-08-05,TEqu2JH5dYc,912,,
2026-08-05,TMvgKj-2Z9k,1014,,
2026-08-05,TP7VDtErEvY,5417,,
2026-08-05,TS9rxa7-CXg,7160,,
2026-08-05,TV3fWx4rQh0,2335,,
2026-08-05,TWUoFcCtDhA,6542,,
2026-08-05,TXAe5nqafRY,1523,,
2026-08-05,T_jQIJSkjGo,7307,,
2026-08-05,TaY5NrLNABM,1333,,
2026-08-05,Tb4JB3eFPXw,5583,,
2026-08-05,Te57wukDp8g,4577,,
2026-08-05,TgJqTy_mCR4,7656,,
2026-08-05,Tj9CJM4ti2w,1735,,
2026-08-05,TqAy1jbJ9w8,8428,,
2026-08-05,TtCijTAgvPc,5091,,
2026-08-05,TvvDTvo-L74,7911,,
2026-08-05,TwfHRcdWHRg,4153,,
2026-08-05,U4zBHwf2MTw,1707,,
2026-08-05,UCaZFYzYm9k,6535,,
2026-08-05,UHGfFw-ZT98,3817,,
2026-08-05,UJOAvX_FD7o,251,,
2026-08-05,UKzsE2t00Jw,412,,
2026-08-05,UOOBf83nIco,37461,,
2026-08-05,UQIBN4D_qIs,2676,,
2026-08-05,UUUH5xnM-Mc,6142,,
2026-08-05,UVdc7kYPJEs,1078,,
2026-08-05,UZ3583GSSOo,3980,,
2026-08-05,UhuJQBAZv84,10401,,
2026-08-05,UiD0-skn904,813,,
2026-08-05,Ulotto-Re6w,4383,,
2026-08-05,UqLF2eIaDxg,7854,,
2026-08-05,V1jmHGrVs_k,9054,,
2026-08-05,V2d8qoEGyEU,232,,
2026-08-05,V3IHs2DwX0U,701,,
2026-08-05,V3nsGV2yOV8,2319,,
2026-08-05,V50CUypS7UM,2959,,
2026-08-05,V6AOpDTpCO4,5027,,
2026-08-05,V6Lm17-mfxA,4424,,
2026-08-05,V6d2Dc1l7BA,7155,,
2026-08-05,VKJLsmW95wc,3759,,
2026-08-05,VKMMVQtaDrM,11582,,
2026-08-05,VLJJ9zvdj2Y,5004,,
2026-08-05,VTOl1gAKo44,3212,,
2026-08-05,VTszds8Y7rU,8006,,
2026-08-05,Vb5gSRAHXCA,3877,,
2026-08-05,VlgtaUj_dho,4033,,
2026-08-05,VoU-7YGmoo0,1853,,
2026-08-05,VvVtNiE0bjA,4062,,
2026-08-05,VwTMGmXxghU,18914,,
2026-08-05,W3I8gwLv0Ro,2964,,
2026-08-05,W6U3fBgQoVg,1975,,
2026-08-05,WD7EzA2sbnI,2108,,
2026-08-05,WIP6ZDjQmww,9688,,
2026-08-05,WKMTSCW51fI,5219,,
2026-08-05,WNFEf_ZwNFw,435,,
2026-08-05,WNhZUBZ8tUc,44451,,
2026-08-05,WWIB8ZW1i6w,2924,,
2026-08-05,WYGsRorORyI,16731,,
2026-08-05,WjgW6u9Tde8,2007,,
2026-08-05,Wu4lafiHjh0,7490,,
2026-08-05,WvVMuiXrqcI,7476,,
2026-08-05,X22UHszz5Dg,4435,,
2026-08-05,X5L0LaarTLg,10605,,
2026-08-05,XAQ_GYsV52A,10047,,
2026-08-05,XEqxbZoaqUw,5163,,
2026-08-05,XIhM9oLObuU,2560,,
2026-08-05,XVwO4OvjwI4,2449,,
2026-08-05,XWSWCP3TBrc,2886,,
2026-08-05,Xm4ScqSNV10,4436,,
2026-08-05,XsCgtUDrxck,2180,,
2026-08-05,Y66yYblAsq8,1881,,
2026-08-05,Y7Rm_Bmu-K0,38553,,
2026-08-05,Y8YjZOGrhJI,3934,,
2026-08-05,YA85ddRTnus,4999,,
2026-08-05,YA_LFvsyLoU,2263,,
2026-08-05,YBMZINlORaw,5971,,
2026-08-05,YDlHWsYd23o,4387,,
2026-08-05,YDmxUb_oNLI,2743,,
2026-08-05,YFjQz7FijWM,15241,,
2026-08-05,YOe2PL-1gT0,671,,
2026-08-05,YXqYOapYqYc,7683,,
2026-08-05,Y_mkJt3oY_k,3555,,
2026-08-05,YiKIKU-5KpY,0,,
2026-08-05,YpCAi9ofhjs,4325,,
2026-08-05,YpMxtemC5y8,4870,,
2026-08-05,YqZzdPYfnso,3612,,
2026-08-05,Ytbx-7bzEGc,4318,,
2026-08-05,Z-s3rXFeosc,6611,,
2026-08-05,Z12fVM_cnaI,10670,,
2026-08-05,Z2njQkTQDKY,5161,,
2026-08-05,Z9Jjrb6xQeo,3555,,
2026-08-05,ZA_G9BP9HLY,493,,
2026-08-05,ZE2dghmFE8Y,22578,,
2026-08-05,ZE3jHXXiSBY,9451,,
2026-08-05,ZE9ENcHPRr8,24299,,
2026-08-05,ZG72S1_wBC0,5013,,
2026-08-05,ZY_oCjE95Ss,393,,
2026-08-05,ZZBZkqJqvu8,11065,,
2026-08-05,Z_REKs508KY,6670,,
2026-08-05,ZaksbmqvxNM,8419,,
2026-08-05,ZcdQLCEyjjU,8610,,
2026-08-05,ZfQ7oKzL-Pw,12501,,
2026-08-05,ZgN1aMmXELI,4809,,
2026-08-05,Zq-NFi8kxlo,49123,,
2026-08-05,ZrqtNoiNSdw,4825,,
2026-08-05,ZsIml_y5qU4,146,,
2026-08-05,ZtUTR0E7VPY,45677,,
2026-08-05,ZvUISEnjqbQ,5377,,
2026-08-05,ZzYTRvOWH1I,4383,,
2026-08-05,_3MWGJ7MUTA,2843,,
2026-08-05,_8p1UyvwmhI,3892,,
2026-08-05,_9BI3P-OH84,1719,,
2026-08-05,_BvUrcl5tls,3155,,
2026-08-05,_EZK5vA1EX0,5257,,
2026-08-05,_FzLqe9KziY,2521,,
2026-08-05,_Jlf2Q0xGZ8,5836,,
2026-08-05,_LzDM8xt_dA,7923,,
2026-08-05,_NHlgOF-WU0,406,,
2026-08-05,_OsQEaApgwY,2528,,
2026-08-05,_UWA2fCxRHI,3763,,
2026-08-05,_auL36M33Aw,2657,,
2026-08-05,_eLkGBx1XiE,1074,,
2026-08-05,_fcTS5NosDs,1564,,
2026-08-05,_r9bm8JLsKc,3366,,
2026-08-05,_wWswU9t8HU,212,,
2026-08-05,_xEjpsA_iVg,2032,,
2026-08-05,_zVLb3rpe5I,6075,,
2026-08-05,_zuQYhMwTgs,5655,,
2026-08-05,a2L6AbyANjw,13310,,
2026-08-05,a2n31BGGWFI,4199,,
2026-08-05,a65XoIF7K7Y,7961,,
2026-08-05,a6qWlOZtG3E,2133,,
2026-08-05,a8g5MvFPwxo,6294,,
2026-08-05,aD-WkrzMJrk,2316,,
2026-08-05,aDDnbn7KVls,13047,,
2026-08-05,aEQu0cO-iG8,1754,,
2026-08-05,aIcW25HaFsI,5105,,
2026-08-05,aMG8tqZ6bW0,2891,,
2026-08-05,aOOR5vp4Kl0,3637,,
2026-08-05,aQF7qqm1iHE,2385,,
2026-08-05,aVKjY_uB3tA,2679,,
2026-08-05,aYgFb-fiwxA,11813,,
2026-08-05,acvpoQwncqI,3059,,
2026-08-05,ad5pxORFPfk,2441,,
2026-08-05,adsB3sGIcVQ,5682,,
2026-08-05,afLeJEbZs2k,6429,,
2026-08-05,ahyTF-4Agkg,986,,
2026-08-05,akC-r5hlDkc,2168,,
2026-08-05,aoh738yJBRA,6434,,
2026-08-05,aqbo0yu_l6g,16049,,
2026-08-05,ar-bXQYvUhs,2477,,
2026-08-05,ath0o3oOJCs,6351,,
2026-08-05,b4fNiXZPqRQ,10099,,
2026-08-05,bHJfRtPpY6E,1658,,
2026-08-05,bHuv7kKqe-A,8198,,
2026-08-05,bJHikj8skz4,2991,,
2026-08-05,bQaZqs74i2Y,5288,,
2026-08-05,bT7qGpnOpo4,4766,,
2026-08-05,b_Obp5cBRZk,5575,,
2026-08-05,bi3ZAQbw8EI,1865,,
2026-08-05,bqTNuZQOziA,9980,,
2026-08-05,bqf0zywB-Wo,11882,,
2026-08-05,c2ket6Qczzw,1482,,
2026-08-05,c3rRnSi93Lw,8742,,
2026-08-05,c6WqvHRlRkc,4373,,
2026-08-05,c9CotszUwYQ,2360,,
2026-08-05,cFn-fD2GmYU,2548,,
2026-08-05,cJwXjAKA0-k,5496,,
2026-08-05,cR199eKHJ4k,349,,
2026-08-05,cWyP2mrcwdM,786,,
2026-08-05,ccZaP6LEaLI,9629,,
2026-08-05,cevjHgZRbrg,294,,
2026-08-05,cfGpIvLPcPw,4963,,
2026-08-05,cga1y52KSCk,2997,,
2026-08-05,cjpnhsKzs1Q,2878,,
2026-08-05,coqZMUFd2C0,35868,,
2026-08-05,cpd3lbm5tL8,3563,,
2026-08-05,cqPVe0nQ1A0,5198,,
2026-08-05,cuZsMnQlDQU,13776,,
2026-08-05,d-msiY5zz5A,3083,,
2026-08-05,d-zJskCnHpI,3105,,
2026-08-05,d09nbbfOIA8,5082,,
2026-08-05,dFH36q7iWiU,243,,
2026-08-05,dHJbG72Itp8,16133,,
2026-08-05,dIqUY3R2_3A,7999,,
2026-08-05,dSmFHbtrZ7g,17800,,
2026-08-05,dURDUSYCm68,15115,,
2026-08-05,dWatNWKO9uk,3523,,
2026-08-05,de7gpeHMS1Q,381,,
2026-08-05,dgkZoy66esM,5297,,
2026-08-05,dijHVnTV0aM,6286,,
2026-08-05,dl3KzRCU-aQ,6573,,
2026-08-05,dlABqtYhbMk,6092,,
2026-08-05,dmbvfKzFSLo,3057,,
2026-08-05,dn-xSg_FT0A,17734,,
2026-08-05,dnI29M9CE44,3952,,
2026-08-05,dnUUMRDbasE,1879,,
2026-08-05,dp7vq7hweXs,1934,,
2026-08-05,dtdf5AeXwB8,420,,
2026-08-05,dtoZraGBx54,16027,,
2026-08-05,dv-40oFi5ak,6722,,
2026-08-05,dx9Qe_629yE,8805,,
2026-08-05,e061vqWD0lQ,1009,,
2026-08-05,e6iHP-UMZnk,5229,,
2026-08-05,e83i1spluHo,6386,,
2026-08-05,eGnLjzejgI4,3022,,
2026-08-05,eK7uM-EeLIk,7741,,
2026-08-05,eLcRSVAncfc,1339,,
2026-08-05,eLhCLA0Jndo,2243,,
2026-08-05,eM2S4pWeczs,152431,,
2026-08-05,eOxOgo6VNzQ,3658,,
2026-08-05,eUkmg5xOC7c,2413,,
2026-08-05,eYY-goMG0N0,4513,,
2026-08-05,ebpANnTL0zw,13499,,
2026-08-05,ecutxRcKQ6I,6463,,
2026-08-05,enR1CfAS5zo,2052,,
2026-08-05,ensnUIxTUHE,14073,,
2026-08-05,er-8YWX70rk,12318,,
2026-08-05,etbk0Z69oDs,819,,
2026-08-05,eu92DDq5snw,5519,,
2026-08-05,eymQ0rXs7d8,6166,,
2026-08-05,f-aH0vpaoyo,10133,,
2026-08-05,f7yvLMqdMJo,4136,,
2026-08-05,f8fN8Uqbb8s,6103,,
2026-08-05,fFdiFTfeCwE,6187,,
2026-08-05,fFgFYRumrDU,11216,,
2026-08-05,fG1-74pj6A4,16337,,
2026-08-05,fHYBRGdrXo0,1947,,
2026-08-05,fIo8SE2ky98,2969,,
2026-08-05,fKvvShsdaWU,18911,,
2026-08-05,fMmn4SMuSdE,4699,,
2026-08-05,fQwyeIriRx8,8456,,
2026-08-05,fZ7RRiEw54E,6407,,
2026-08-05,fbZea8wkoe8,9745,,
2026-08-05,ff5ZGdHsgIA,1097,,
2026-08-05,fg72xV_ZX8g,785,,
2026-08-05,fj2SC2FA324,2051,,
2026-08-05,flJTAxtk67w,11221,,
2026-08-05,flbyvShpL18,4903,,
2026-08-05,fsI10W24Ya8,8081,,
2026-08-05,gAPX20Ja0zk,2667,,
2026-08-05,gAlQprevPh0,3113,,
2026-08-05,gENAeokhMHI,4009,,
2026-08-05,gK1VHYEXt_0,223,,
2026-08-05,gNEGNjVWO0Q,2882,,
2026-08-05,gVj7YvOUjfc,1035,,
2026-08-05,gWdtuyZNxeQ,11240,,
2026-08-05,gXT5p-IBNMg,6059,,
2026-08-05,goQs8La8e94,29375,,
2026-08-05,gpKioDijRD4,1531,,
2026-08-05,gtGmlmLZ3Ps,1223,,
2026-08-05,gy_rDsWx8_4,4990,,
2026-08-05,h1qNF-YaHX8,4910,,
2026-08-05,hBhD4lpfrvw,4151,,
2026-08-05,hBqhV23fZnE,3984,,
2026-08-05,hD4BjVn9YXw,4591,,
2026-08-05,hJ3DwYLFjcY,3848,,
2026-08-05,hRgIER_2tZg,1190,,
2026-08-05,hSuSN9-UZUY,15216,,
2026-08-05,hUQqvZGsp6A,3569,,
2026-08-05,hVMJN3o6-5g,10887,,
2026-08-05,hX5lVJXMurI,6408,,
2026-08-05,h_v3GcIgbvM,18835,,
2026-08-05,hhwrtf3g0yY,4719,,
2026-08-05,hnnt5l96vVE,3590,,
2026-08-05,hrA_TspDTyM,2746,,
2026-08-05,hsiq1QlJqCs,37183,,
2026-08-05,htuK8cgwC-E,2586,,
2026-08-05,hwX4Jil8AFY,2228,,
2026-08-05,hy7L_a8J9z4,6087,,
2026-08-05,hyisCTgnS0g,805,,
2026-08-05,i4tThjQW98w,1477,,
2026-08-05,i5Ufb0FYkDM,2834,,
2026-08-05,i6kooD4epJ0,9953,,
2026-08-05,iCV7kvzQ_bA,19755,,
2026-08-05,iCrYuW2ixu8,2171,,
2026-08-05,iEHsfr9bvpg,12819,,
2026-08-05,iFu9J3h8RBY,8234,,
2026-08-05,iHt3VLuizj4,3707,,
2026-08-05,iKMz8ICRe8I,20741,,
2026-08-05,iNIxuEi7V54,2247,,
2026-08-05,iRyAJEXB_hE,3239,,
2026-08-05,iY0az_GdCiI,5974,,
2026-08-05,iYHt1pdScK0,207149,,
2026-08-05,i_bfUG57Je8,10603,,
2026-08-05,ipf-y1PaGBg,3783,,
2026-08-05,iuZ57o6ph1A,2423,,
2026-08-05,ixG3RWG-Xdw,10612,,
2026-08-05,j3BrzaBGJqY,3151,,
2026-08-05,j50kYrWuR6U,1340,,
2026-08-05,j9lMyW5Emo0,7391,,
2026-08-05,jBZnliX8R7M,5284,,
2026-08-05,jCGuQ1T3kUE,11326,,
2026-08-05,jQiLi6ev9zM,4989,,
2026-08-05,jTEvYjhQKTM,3516,,
2026-08-05,jV8i3ErC3MA,10319,,
2026-08-05,jdAA_65-h0E,17101,,
2026-08-05,jfEMLlPzKEU,7997,,
2026-08-05,jgfWTFUl_58,1447,,
2026-08-05,jh22fly0d-k,5229,,
2026-08-05,jlV4MmBxgPI,13528,,
2026-08-05,jrnfWiLWFJw,382,,
2026-08-05,k1SjNJaOJcA,7069,,
2026-08-05,k3yhL30Kpnw,1613,,
2026-08-05,k4GBTLOy9aE,11273,,
2026-08-05,k73d1z4sXCE,2679,,
2026-08-05,kCTe19NTny4,2084,,
2026-08-05,kCcXFPN8bK0,2713,,
2026-08-05,kETEBzJrtSA,7382,,
2026-08-05,kFWumpkL5yI,3318,,
2026-08-05,kO5VQOB3sxI,6324,,
2026-08-05,kSbp6GNfK7Y,4509,,
2026-08-05,kUDZK_9QPtA,14419,,
2026-08-05,kYmLSudfROM,5664,,
2026-08-05,kb2G7jcB3Ls,4279,,
2026-08-05,keYeekasjI8,20217,,
2026-08-05,kjl_jo_1HTg,2470,,
2026-08-05,ko82nHa36U4,8932,,
2026-08-05,kpcxQ1XCrq8,254,,
2026-08-05,kr9WECLcJWU,3748,,
2026-08-05,ktZgSqvfl8o,455,,
2026-08-05,kuoLAhyeaJQ,4258,,
2026-08-05,kzApFdb-KEs,777,,
2026-08-05,kzQhIJnlTsI,97482,,
2026-08-05,l4OOeF2yo9Y,3798,,
2026-08-05,lADjNtrJtIo,3148,,
2026-08-05,lCTSpZlGMb4,3750,,
2026-08-05,lN4Nv7R4sBI,10411,,
2026-08-05,lOciy5N92Lg,1560,,
2026-08-05,lOomWUxwNlQ,4509,,
2026-08-05,lSkunEYX5Go,1741,,
2026-08-05,lTCDfNnY4u8,5836,,
2026-08-05,lZj5qfUurLw,4038,,
2026-08-05,lZm2ZwjEy38,3000,,
2026-08-05,lgNWcFP2Ltg,12162,,
2026-08-05,lr1GJQXbj4c,1965,,
2026-08-05,lvOd4uyJkFE,30862,,
2026-08-05,lvtS_HSjXUA,10402,,
2026-08-05,m1gcxwLGPos,5693,,
2026-08-05,m6233lu5J9Q,11920,,
2026-08-05,m9q3qhKxbk4,2478,,
2026-08-05,mDDcQa5yCfI,20851,,
2026-08-05,mHE2XXExu7Q,1252,,
2026-08-05,mHSNcvaQ8YU,1020,,
2026-08-05,mM4k2pf-l9E,6060,,
2026-08-05,mNKdQ1YwHPc,2909,,
2026-08-05,mOqGGh-ot08,12871,,
2026-08-05,m_vvvpnOHfw,408,,
2026-08-05,mhXS2cpJlRo,1963,,
2026-08-05,mkJ-QgvLtyk,12395,,
2026-08-05,mnu4iJG72y8,5493,,
2026-08-05,n5WXv528CII,17895,,
2026-08-05,n93OGgP941o,2376,,
2026-08-05,n9XvIj6hOjc,2137,,
2026-08-05,nDLFzy9hIow,9735,,
2026-08-05,nF0VXXPcAh4,3054,,
2026-08-05,nMQCA_C9zoQ,103192,,
2026-08-05,nPV7ftm2WSg,2183,,
2026-08-05,nRTuARH-N9A,639,,
2026-08-05,nZ-Yf21ufww,9695,,
2026-08-05,n_8ek8wvHc8,5518,,
2026-08-05,nbqcaybmEe8,11670,,
2026-08-05,neQ91eM5hw4,21606,,
2026-08-05,nuEwWBGiQ4c,3921,,
2026-08-05,nwbp-b7PO4g,7326,,
2026-08-05,nxJqaJgDQIE,4347,,
2026-08-05,nyHN_s3QpkY,7028,,
2026-08-05,o0dULDtKQ-8,9989,,
2026-08-05,o4tmiD22BLI,18730,,
2026-08-05,oCAyG5S7cIw,10436,,
2026-08-05,oDeAAnpEEXU,1943,,
2026-08-05,oKTvQ7d9gYw,27787,,
2026-08-05,oPCHIAxcTHw,38237,,
2026-08-05,oRXt4EmUmKk,4284,,
2026-08-05,oUdstwXRu2c,2799,,
2026-08-05,oZh7YlRGlqA,5154,,
2026-08-05,oZjiL501lAY,1413,,
2026-08-05,o_FRQ02nigQ,5540,,
2026-08-05,ofwkfFci1iI,3341,,
2026-08-05,ol2a1T0BgrM,4454,,
2026-08-05,ol_M2L_mjBI,2667,,
2026-08-05,onlJoxwtQec,1403,,
2026-08-05,oo0K4ydn4rw,6011,,
2026-08-05,p23Rm9i_EIg,6641,,
2026-08-05,p6uuiKju1Gc,4274,,
2026-08-05,p8GqOFBpR5w,4810,,
2026-08-05,p8ZK2nre57U,3844,,
2026-08-05,pC_lpEworvo,1031,,
2026-08-05,pGUjxBQqY5E,4115,,
2026-08-05,pKvwesJ8-t0,8747,,
2026-08-05,pRB23hC8dZY,3122,,
2026-08-05,pUPzkqLt5WM,4566,,
2026-08-05,pWY2T3MqfCw,3438,,
2026-08-05,pdIXWsxp0_g,3824,,
2026-08-05,pms2oKZcuqo,3427,,
2026-08-05,ppIXkOvS4WI,4505,,
2026-08-05,ptv9GRoEKs0,3774,,
2026-08-05,pyuB406DLuo,11499,,
2026-08-05,pzLWWa96_lE,5940,,
2026-08-05,q4mgxHWrmLM,6371,,
2026-08-05,q52xE5uCNT0,11673,,
2026-08-05,qIxGLqP2ZBA,3376,,
2026-08-05,qJ6pJMN4eiA,2638,,
2026-08-05,qMz0UbGJq4Y,6902,,
2026-08-05,qZi9yeRBf94,3808,,
2026-08-05,q_TknmNwvqA,6072,,
2026-08-05,qabDQ1ebZbQ,6023,,
2026-08-05,qbXC7hLKuGM,260,,
2026-08-05,qd6gmV0qrrk,14492,,
2026-08-05,qiI-rwVGiYQ,1987,,
2026-08-05,qkMCHJ28vsI,2346,,
2026-08-05,qmcbY6Sr_mw,3170,,
2026-08-05,qqQxwunPfLo,5173,,
2026-08-05,qzy12XbaJQ4,1506,,
2026-08-05,r0ZddKvFa9w,7670,,
2026-08-05,r3P6BU0gEVU,7520,,
2026-08-05,r4YE2Zghgbc,2866,,
2026-08-05,r6_PIKzQJ8Q,2502,,
2026-08-05,rAxPIoC8bB4,12627,,
2026-08-05,rJ6YCE4gWS0,1636,,
2026-08-05,rJeHPb9VWP4,2367,,
2026-08-05,rLZUcW0DBTM,9831,,
2026-08-05,rLfvnvBj8Ls,4915,,
2026-08-05,rR2A9ezT_gg,16578,,
2026-08-05,rULrrI9GfWU,1351,,
2026-08-05,rV23IXWdDOY,17243,,
2026-08-05,rVEh3PGiggk,372,,
2026-08-05,r_lWb2SpHO4,10392,,
2026-08-05,rckZ2uBOGYs,4295,,
2026-08-05,rixzhpBKdfg,2645,,
2026-08-05,rlnx986Qxkc,13162,,
2026-08-05,roO2HBjdtQw,5140,,
2026-08-05,rojYn7h_-U4,2263,,
2026-08-05,rqcOPT_Dg7A,7294,,
2026-08-05,ruxKM1qX0Dc,11594,,
2026-08-05,rzIPT2DPtvA,5719,,
2026-08-05,s2GjWfPbh9I,1993,,
2026-08-05,sHQg97i_Hp0,156,,
2026-08-05,sO1rprIWDas,4273,,
2026-08-05,sQH3xPVic6Y,3895,,
2026-08-05,sVwAWTxKDJ0,7882,,
2026-08-05,sXRGp_ttFI4,7151,,
2026-08-05,sZhgf8PQ5gc,8575,,
2026-08-05,scIFhQSvvlE,2730,,
2026-08-05,scM9aI9kTus,4936,,
2026-08-05,skABNIsQ3fA,12530,,
2026-08-05,sl11WONqgaQ,3683,,
2026-08-05,smATVd6dk-k,14082,,
2026-08-05,sqx6twZgR-k,3923,,
2026-08-05,ssIA_N2u50Y,7255,,
2026-08-05,syPu5HdMT4k,1020,,
2026-08-05,t01TItG_UAQ,595,,
2026-08-05,t1UIIjuMirY,8782,,
2026-08-05,t1kj63890o8,3549,,
2026-08-05,t3G_N5DO6us,6242,,
2026-08-05,t4gVVdxtNWE,8686,,
2026-08-05,tGsk0H21JgE,2147,,
2026-08-05,t_RBOUZAqGw,4538,,
2026-08-05,tcomjtcMjLE,1106,,
2026-08-05,tdc-zfxIlEY,32356,,
2026-08-05,tiDCtcHjdQU,7153,,
2026-08-05,trS0kTq6Tk8,1652,,
2026-08-05,txSX7-1XQOE,2649,,
2026-08-05,tyRJESdSDm4,14721,,
2026-08-05,tz7n--I4rDU,1495,,
2026-08-05,u00LAYagwGo,4502,,
2026-08-05,u4e1ijV4iRQ,5357,,
2026-08-05,u7xKzLuKt5I,17645,,
2026-08-05,uNX13pgpGBU,5235,,
2026-08-05,uXbngiOXOD0,10363,,
2026-08-05,ub9JNL8EhJ4,1475,,
2026-08-05,uk5ADKNqHoc,1466,,
2026-08-05,ul9Sw7brukY,1588,,
2026-08-05,umNEJg2sj50,973,,
2026-08-05,un8Mt5f-mUE,10660,,
2026-08-05,usRrwR8CUb8,9199,,
2026-08-05,uxxwN68AJHE,5515,,
2026-08-05,v-ylvHTi_Mc,3376,,
2026-08-05,v0kp6W42yf4,2912,,
2026-08-05,v1J7bERLirA,3256,,
2026-08-05,v9INdKeBJEI,42537,,
2026-08-05,vDzWHTMsp_Y,1735,,
2026-08-05,vHvpM9nSO3Q,4069,,
2026-08-05,vIAhcX4SppA,3203,,
2026-08-05,vKYW7MTBAFg,10126,,
2026-08-05,vM5V9hoDKnQ,8984,,
2026-08-05,vQI78T3g4Gg,6227,,
2026-08-05,vUEmbLAxZ0Y,1102,,
2026-08-05,vWTTG9XlMoY,13621,,
2026-08-05,v_JJzLJ0eRw,4756,,
2026-08-05,vmSPrsKC8i8,51271,,
2026-08-05,vqsoh8y6xa8,5550,,
2026-08-05,vuvK_DUcqCk,7875,,
2026-08-05,vy88MX2ss_g,7466,,
2026-08-05,vyg196YvsgE,1036,,
2026-08-05,w3HciqK70s4,1662,,
2026-08-05,w68xGF_YIgU,25253,,
2026-08-05,w6b2AkddE8Y,2653,,
2026-08-05,w9kpcvkWngA,6655,,
2026-08-05,wBWXzI7uJYo,3704,,
2026-08-05,wGDSdaXZj00,45144,,
2026-08-05,wHcblaGXua8,10169,,
2026-08-05,wLB8pR4uME0,2775,,
2026-08-05,wSEMUoR4FS4,1497,,
2026-08-05,wSnq-Unha34,172351,,
2026-08-05,wX47G7oi_Z4,1962,,
2026-08-05,wg1R2_G_LEc,6362,,
2026-08-05,wnahjxPk5rk,2295,,
2026-08-05,wpHm4ARAChc,21869,,
2026-08-05,wpWCpGTZE2A,1912,,
2026-08-05,wuZgRtutoHQ,8210,,
2026-08-05,wutJAXwvMqo,9321,,
2026-08-05,wwtaQ_PNx1M,2970,,
2026-08-05,wxWz6zDC2wo,1494,,
2026-08-05,wzSn1b5XXtk,1885,,
2026-08-05,x3gjYoDR5tA,2633,,
2026-08-05,x5fPiJUOMk0,3898,,
2026-08-05,xGMFiacVSrk,4995,,
2026-08-05,xMbY5fkmK0A,3558,,
2026-08-05,xQKEy65zAso,64631,,
2026-08-05,xTpYdSgeWPc,1181,,
2026-08-05,x_KffjhARa0,2799,,
2026-08-05,xe6w3VmUf5I,6095,,
2026-08-05,xs2J2KW1q8Q,8486,,
2026-08-05,xvdkNKQAbJ8,1833,,
2026-08-05,xwLoo8ThKHI,860,,
2026-08-05,xxC2s5JBYZM,332,,
2026-08-05,xya7ZlFJ-x8,2273,,
2026-08-05,y3rXMXG_UF8,3755,,
2026-08-05,y4Yqheg9DuY,15558,,
2026-08-05,y6T5kX1L0aw,1628,,
2026-08-05,y76fsYJCAO0,1648,,
2026-08-05,y8mTWAs2PPw,3184,,
2026-08-05,yF9W5KZ4lfs,6518,,
2026-08-05,yGc4NnBE6nY,4947,,
2026-08-05,yJTEsQi0G98,1669,,
2026-08-05,yKCrM_XkKaY,15578,,
2026-08-05,yKIM1UxtbpU,2069,,
2026-08-05,yPh9jEw5_Lw,2836,,
2026-08-05,ySg8CEjxwwo,5802,,
2026-08-05,yUQ4NYv_io0,3458,,
2026-08-05,yXWhKEoL3QU,3985,,
2026-08-05,yo-Wdxc6ng0,3509,,
2026-08-05,yrJ1mvA6eIM,10159,,
2026-08-05,yrcwoFLtS5Y,7453,,
2026-08-05,ytt9pEb78FA,5031,,
2026-08-05,z-n_vz4gFRw,14452,,
2026-08-05,z0A-aCcVXSA,3095,,
2026-08-05,z2SU31i7Uo4,9401,,
2026-08-05,z8MJYHsQh5c,16893,,
2026-08-05,zCk1p-hPBCs,158,,
2026-08-05,zDtacZ_qT0Y,12154,,
2026-08-05,zI6L_SkYqkU,1255,,
2026-08-05,zLgpLCYCbyA,2572,,
2026-08-05,zSvZdF7CBjU,6296,,
2026-08-05,zVMIZRDSvCc,1767,,
2026-08-05,zXbAf49C9vE,6272,,
2026-08-05,zceKtRTdgSo,13721,,
2026-08-05,zjYgzIlRmOk,7110,,
2026-08-05,zksWnpcM05I,4302,,
2026-08-05,zpX-Xs1a9MY,3143,,
2026-08-05,zrRTPvOBEnU,2832,,
2026-08-05,zsRQcswYx8w,2834,,
2026-08-05,zsYZHcSRvB8,25514,,
2026-08-05,zsaXdCEuYsY,2263,,
2026-08-05,zufjmNpcSlg,1612,,
2026-08-05,zvjhIylspTc,10169,,
2026-08-05,zx1Xu1eI_UM,2162,,
2026-08-05,zxwGfKCo6as,4765,,
2026-08-05,zyY2aRVZMp4,1265,,
2026-08-05,zzWIE6Sg_E0,22431,,
2026-08-06,0PBCtb7Va-c,6800,,
2026-08-06,4n4yKMederk,7928,,
2026-08-06,9rJgQmuc2SM,6215,,
2026-08-06,F5WCr1Md6mk,2124,,
2026-08-06,GME--_-r_lU,3243,,
2026-08-06,IM0HdpgIDq8,12200,,
2026-08-06,JJ0wEMAa0Qg,6729,,
2026-08-06,JpctKDg71Pg,871,,
2026-08-06,Kh_0ICA5cfg,6182,,
2026-08-06,NEahGL5R0HI,10866,,
2026-08-06,NJXuNpJ26us,3367,,
2026-08-06,aEQu0cO-iG8,1868,,
2026-08-06,aVKjY_uB3tA,2690,,
2026-08-06,ccZaP6LEaLI,9639,,
2026-08-06,gAlQprevPh0,3116,,
2026-08-06,hJ3DwYLFjcY,3852,,
2026-08-06,iY0az_GdCiI,5977,,
2026-08-06,mOqGGh-ot08,12890,,
2026-08-06,pCghepSi0M8,4755,,
2026-08-06,ppIXkOvS4WI,4509,,
2026-08-06,r6_PIKzQJ8Q,2512,,
2026-08-06,roO2HBjdtQw,5162,,
2026-08-06,sl11WONqgaQ,3686,,
2026-08-06,uNX13pgpGBU,5244,,
2026-08-06,xGMFiacVSrk,5003,,
2026-08-06,yJTEsQi0G98,1673,,
2026-08-06,zXbAf49C9vE,6301,,
2026-08-06,zx1Xu1eI_UM,2163,,
2026-08-07,-Fkj0aK2dO8,5948,,
2026-08-07,0PBCtb7Va-c,6818,,
2026-08-07,4n4yKMederk,8021,,
2026-08-07,7sRKccOoPbY,9054,,
2026-08-07,9rJgQmuc2SM,6288,,
2026-08-07,Ati51CQqpKY,6001,,
2026-08-07,F5WCr1Md6mk,2129,,
2026-08-07,GME--_-r_lU,3248,,
2026-08-07,IM0HdpgIDq8,12208,,
2026-08-07,JJ0wEMAa0Qg,6893,,
2026-08-07,JpctKDg71Pg,942,,
2026-08-07,KNwEQXDv5XM,8482,,
2026-08-07,Kh_0ICA5cfg,6185,,
2026-08-07,MOmBOx1LEJU,45786,,
2026-08-07,NEahGL5R0HI,10930,,
2026-08-07,NJXuNpJ26us,3380,,
2026-08-07,QQh0twun7tg,48105,,
2026-08-07,U9sNqbVd1L8,4441,,
2026-08-07,_ALc4VJkpjA,13269,,
2026-08-07,aEQu0cO-iG8,1919,,
2026-08-07,aVKjY_uB3tA,2697,,
2026-08-07,cMFi9XkhDDQ,2613,,
2026-08-07,ccZaP6LEaLI,9655,,
2026-08-07,eokbRB_Y2CU,4590,,
2026-08-07,f1eFQJocAow,7705,,
2026-08-07,gAlQprevPh0,3119,,
2026-08-07,hJ3DwYLFjcY,3855,,
2026-08-07,iY0az_GdCiI,5981,,
2026-08-07,mOqGGh-ot08,12914,,
2026-08-07,p-Ig77st4KY,8749,,
2026-08-07,pCghepSi0M8,8725,,
2026-08-07,pTqxjQV_PYU,9649,,
2026-08-07,pj41DZonKFU,5818,,
2026-08-07,ppIXkOvS4WI,4518,,
2026-08-07,r6_PIKzQJ8Q,2564,,
2026-08-07,roO2HBjdtQw,5177,,
2026-08-07,sl11WONqgaQ,3691,,
2026-08-07,uNX13pgpGBU,5268,,
2026-08-07,xGMFiacVSrk,5012,,
2026-08-07,yJTEsQi0G98,1675,,
2026-08-07,zXbAf49C9vE,6321,,
2026-08-07,zx1Xu1eI_UM,2164,,
2026-08-08,0PBCtb7Va-c,6830,,
2026-08-08,4n4yKMederk,8110,,
2026-08-08,9rJgQmuc2SM,6347,,
2026-08-08,F5WCr1Md6mk,2130,,
2026-08-08,GME--_-r_lU,3259,,
2026-08-08,IM0HdpgIDq8,12217,,
2026-08-08,JJ0wEMAa0Qg,7069,,
2026-08-08,JpctKDg71Pg,989,,
2026-08-08,NEahGL5R0HI,10997,,
2026-08-08,NJXuNpJ26us,3388,,
2026-08-08,aEQu0cO-iG8,1942,,
2026-08-08,aVKjY_uB3tA,2704,,
2026-08-08,ccZaP6LEaLI,9665,,
2026-08-08,gAlQprevPh0,3122,,
2026-08-08,hJ3DwYLFjcY,3858,,
2026-08-08,iY0az_GdCiI,5988,,
2026-08-08,mOqGGh-ot08,12927,,
2026-08-08,pCghepSi0M8,10692,,
2026-08-08,ppIXkOvS4WI,4522,,
2026-08-08,r6_PIKzQJ8Q,2627,,
2026-08-08,roO2HBjdtQw,5205,,
2026-08-08,sl11WONqgaQ,3697,,
2026-08-08,uNX13pgpGBU,5284,,
2026-08-08,xGMFiacVSrk,5023,,
2026-08-08,yJTEsQi0G98,1682,,
2026-08-08,zXbAf49C9vE,6347,,
2026-08-08,zx1Xu1eI_UM,2164,,
2026-08-09,0PBCtb7Va-c,6844,,
2026-08-09,4n4yKMederk,8180,,
2026-08-09,9rJgQmuc2SM,6398,,
2026-08-09,F5WCr1Md6mk,2132,,
2026-08-09,GME--_-r_lU,3272,,
2026-08-09,IM0HdpgIDq8,12232,,
2026-08-09,JJ0wEMAa0Qg,7184,,
2026-08-09,JpctKDg71Pg,1027,,
2026-08-09,NEahGL5R0HI,11065,,
2026-08-09,NJXuNpJ26us,3398,,
2026-08-09,aEQu0cO-iG8,1975,,
2026-08-09,aVKjY_uB3tA,2723,,
2026-08-09,ccZaP6LEaLI,9679,,
2026-08-09,gAlQprevPh0,3124,,
2026-08-09,hJ3DwYLFjcY,3863,,
2026-08-09,iY0az_GdCiI,5989,,
2026-08-09,mOqGGh-ot08,12944,,
2026-08-09,pCghepSi0M8,11912,,
2026-08-09,ppIXkOvS4WI,4529,,
2026-08-09,r6_PIKzQJ8Q,2666,,
2026-08-09,roO2HBjdtQw,5219,,
2026-08-09,sl11WONqgaQ,3699,,
2026-08-09,uNX13pgpGBU,5292,,
2026-08-09,xGMFiacVSrk,5034,,
2026-08-09,yJTEsQi0G98,1684,,
2026-08-09,zXbAf49C9vE,6361,,
2026-08-09,zx1Xu1eI_UM,2164,,
2026-08-10,0PBCtb7Va-c,6863,,
2026-08-10,3A0Gwb7nmw8,2848,,
2026-08-10,4n4yKMederk,8243,,
2026-08-10,5b4RSDrkc8I,4715,,
2026-08-10,9rJgQmuc2SM,6437,,
2026-08-10,ClAz_Etby1k,3718,,
2026-08-10,F5WCr1Md6mk,2133,,
2026-08-10,GME--_-r_lU,3287,,
2026-08-10,IM0HdpgIDq8,12250,,
2026-08-10,JJ0wEMAa0Qg,7250,,
2026-08-10,JpctKDg71Pg,1069,,
2026-08-10,N9CZswDtnCA,3594,,
2026-08-10,NEahGL5R0HI,11139,,
2026-08-10,NJXuNpJ26us,3419,,
2026-08-10,Nhb3_wu7Ddk,13921,,
2026-08-10,PmY9rmZK_oM,2054,,
2026-08-10,UVkQsLv7n2s,2399,,
2026-08-10,UxyCkiufJyg,3480,,
2026-08-10,WUchEyRFIxw,4033,,
2026-08-10,aEQu0cO-iG8,2001,,
2026-08-10,aVKjY_uB3tA,2733,,
2026-08-10,ccZaP6LEaLI,9693,,
2026-08-10,dA0DwmLmQ9s,7052,,
2026-08-10,fwJag8kazvc,786,,
2026-08-10,gAlQprevPh0,3131,,
2026-08-10,hJ3DwYLFjcY,3871,,
2026-08-10,hVVP3uqEbXg,2669,,
2026-08-10,iY0az_GdCiI,5991,,
2026-08-10,mOqGGh-ot08,12960,,
2026-08-10,pCghepSi0M8,12863,,
2026-08-10,ppIXkOvS4WI,4534,,
2026-08-10,r6_PIKzQJ8Q,2739,,
2026-08-10,roO2HBjdtQw,5249,,
2026-08-10,sl11WONqgaQ,3701,,
2026-08-10,svTgRSTyypU,30354,,
2026-08-10,uNX13pgpGBU,5307,,
2026-08-10,xGMFiacVSrk,5043,,
2026-08-10,xZIOdejjTlg,3026,,
2026-08-10,yJTEsQi0G98,1688,,
2026-08-10,yeBCQurwTAM,4035,,
2026-08-10,zXbAf49C9vE,6390,,
2026-08-10,zx1Xu1eI_UM,2165,,
2026-08-11,0PBCtb7Va-c,6873,,
2026-08-11,4n4yKMederk,8282,,
2026-08-11,9rJgQmuc2SM,6460,,
2026-08-11,F5WCr1Md6mk,2133,,
2026-08-11,GME--_-r_lU,3307,,
2026-08-11,IM0HdpgIDq8,12265,,
2026-08-11,JJ0wEMAa0Qg,7289,,
2026-08-11,JpctKDg71Pg,1110,,
2026-08-11,NEahGL5R0HI,11196,,
2026-08-11,NJXuNpJ26us,3431,,
2026-08-11,SoVnrdQ7b_s,5157,,
2026-08-11,aEQu0cO-iG8,2070,,
2026-08-11,aVKjY_uB3tA,2745,,
2026-08-11,ccZaP6LEaLI,9703,,
2026-08-11,fwJag8kazvc,907,,
2026-08-11,gAlQprevPh0,3133,,
2026-08-11,hJ3DwYLFjcY,3877,,
2026-08-11,hVVP3uqEbXg,5393,,
2026-08-11,mOqGGh-ot08,12990,,
2026-08-11,pCghepSi0M8,13459,,
2026-08-11,ppIXkOvS4WI,4542,,
2026-08-11,r6_PIKzQJ8Q,2810,,
2026-08-11,roO2HBjdtQw,5268,,
2026-08-11,sl11WONqgaQ,3707,,
2026-08-11,uNX13pgpGBU,5339,,
2026-08-11,xGMFiacVSrk,5050,,
2026-08-11,yJTEsQi0G98,1692,,
2026-08-11,zXbAf49C9vE,6420,,
2026-08-11,zx1Xu1eI_UM,2167,,
2026-08-12,--eCZ5KJphU,1981,,
2026-08-12,-27X7n7IstM,6832,,
2026-08-12,-3dLSMzi38k,5112,,
2026-08-12,-FJcDEQ2CB0,14441,,
2026-08-12,-GYR8m5pqkI,10749,,
2026-08-12,-SxNX1_ipZ0,4530,,
2026-08-12,-WID9zHoKhE,372,,
2026-08-12,-pXsceBZ-uI,1963,,
2026-08-12,01F_B8RaurQ,364,,
2026-08-12,0A3d0lovA9c,3045,,
2026-08-12,0BvJ_8VSpAQ,20079,,
2026-08-12,0JFuxpSFiLo,21182,,
2026-08-12,0Mur3o4gJn4,5887,,
2026-08-12,0PBCtb7Va-c,6880,,
2026-08-12,0U0-9stDv2w,6833,,
2026-08-12,0YdWcjA5acg,8288,,
2026-08-12,0_I4PHJ-miw,21704,,
2026-08-12,0dqRFbgCuVg,6652,,
2026-08-12,0irTZK6Z_YI,991,,
2026-08-12,0jvB7_mRdVk,1552,,
2026-08-12,0luCN1MyFX8,11164,,
2026-08-12,0nv1NY1lx_E,5365,,
2026-08-12,0t_oTJZ6Irs,6787,,
2026-08-12,13jLs1WwfTY,4822,,
2026-08-12,14FLm6zvvlM,3311,,
2026-08-12,1APEiSZz2zM,323,,
2026-08-12,1M5hO5Iz4hQ,11659,,
2026-08-12,1WejSH57PSA,555,,
2026-08-12,1_CE104JHi8,4496,,
2026-08-12,1fn9RPaSFvM,4205,,
2026-08-12,1gAj8idUtrk,13005,,
2026-08-12,1k6Bzkiw48o,10963,,
2026-08-12,1qYWYaGdxt4,1442,,
2026-08-12,1uRRhugMzlE,4415,,
2026-08-12,1vJB1yOPOf0,7451,,
2026-08-12,1yK9VWnQpx4,22056,,
2026-08-12,24Ib0j0xDxE,15972,,
2026-08-12,2CnmP8lvGE4,6352,,
2026-08-12,2JqFe4tSOyk,10221,,
2026-08-12,2OdJHlmdu3A,3441,,
2026-08-12,2WaFFWc3lno,6210,,
2026-08-12,2bY_4Ut49J8,4110,,
2026-08-12,2l0-duQwSfI,5385,,
2026-08-12,2lZK2lUb6ew,10681,,
2026-08-12,2qLT-wnFaP0,7926,,
2026-08-12,2qZb4PtGQUg,3239,,
2026-08-12,2qron8l5-WA,2926,,
2026-08-12,2vAcCPS9-YE,3141,,
2026-08-12,3BNqAqRukts,17672,,
2026-08-12,3Cm_qVj04z0,338,,
2026-08-12,3DNRCakknE0,4692,,
2026-08-12,3HUs08W6-8o,15865,,
2026-08-12,3KJwgGv_hq0,4078,,
2026-08-12,3Nh8y-oesJ0,7983,,
2026-08-12,3gPoLb5rT70,16954,,
2026-08-12,3iUH-OYuGIo,235,,
2026-08-12,3jZh-NYS564,6876,,
2026-08-12,3nGph8PX2-Q,3530,,
2026-08-12,3xtwXWyEfhk,1800,,
2026-08-12,49KORRES2ks,2322,,
2026-08-12,4Q1Xe92xmwI,9642,,
2026-08-12,4VN65sXHXSU,5797,,
2026-08-12,4WHM_GRby90,5845,,
2026-08-12,4aUWIhJE2n4,3658,,
2026-08-12,4b4THjNuDW0,607,,
2026-08-12,4n-UnjzY3B0,253,,
2026-08-12,4n4yKMederk,8311,,
2026-08-12,4qtFClwSzc8,1466,,
2026-08-12,4r4Fv5i5zCI,7220,,
2026-08-12,4tli9Q4KZ3w,3236,,
2026-08-12,4vHxpaifn9w,25348,,
2026-08-12,4zfnW56TcvY,3020,,
2026-08-12,5I2-cQ7oa10,3635,,
2026-08-12,5MHf5WPH1v4,4449,,
2026-08-12,5R6l50LDlV4,3586,,
2026-08-12,5kFO9eUjRPk,13031,,
2026-08-12,5sVEspUzpGY,3812,,
2026-08-12,5t3KYPZKUe4,10803,,
2026-08-12,615ClJ5oqkw,1221,,
2026-08-12,62v6RgdBly0,2417,,
2026-08-12,69_RI4iZxuQ,6555,,
2026-08-12,6BegJIenaBE,9859,,
2026-08-12,6Bmjis1ofzE,6182,,
2026-08-12,6SV0Lm47pvY,2471,,
2026-08-12,6TcR8BFdyJM,2931,,
2026-08-12,6VUBa5NSLU8,973,,
2026-08-12,6Xmd08nL2G4,4761,,
2026-08-12,6d8jMrgjDuE,3258,,
2026-08-12,6iCAxQUz4aQ,5835,,
2026-08-12,6l3bIPltt3A,6964,,
2026-08-12,6ob9UwPviJA,5110,,
2026-08-12,6tcSoXsMs9c,6172,,
2026-08-12,6vhfb7LUUYc,3611,,
2026-08-12,6zLWdLXiJC8,14013,,
2026-08-12,73a6CtNTac4,10190,,
2026-08-12,7BXf6nTyiCQ,3900,,
2026-08-12,7BkLmVdcaJw,6432,,
2026-08-12,7EgU3ReHrIc,1263,,
2026-08-12,7FZrM9iMsCM,6364,,
2026-08-12,7IZ5eCJ3Vqc,2460,,
2026-08-12,7NZvpCqH7eA,2779,,
2026-08-12,7NbPwroPQ80,3050,,
2026-08-12,7Odyxk-S9f0,53422,,
2026-08-12,7PSt_Gouh6g,2819,,
2026-08-12,7cpCkvLwQsI,2113,,
2026-08-12,7dlhZLngdvM,8864,,
2026-08-12,7m_UlzkGLlA,35559,,
2026-08-12,7tKbMZqzLks,2867,,
2026-08-12,7ufObjxCBKI,14379,,
2026-08-12,7wuBlcFsfvc,4390,,
2026-08-12,7zHiFWEJfZY,8797,,
2026-08-12,87Vb6sa1KcY,1460,,
2026-08-12,8OPlCKgcSO8,6435,,
2026-08-12,8T1Pe58GJpw,4306,,
2026-08-12,8UOwBfCgZn8,1054,,
2026-08-12,8UWpsEyQwCU,3999,,
2026-08-12,8_fxIwJi8eI,12562,,
2026-08-12,8fwEHUkKTFc,1247,,
2026-08-12,8hbiWsIlhQ0,1286,,
2026-08-12,8pRl03u-hjI,7952,,
2026-08-12,8r9S_xIzqLk,4080,,
2026-08-12,8tmQ6wySUSI,4618,,
2026-08-12,900BOlBTFNg,36357,,
2026-08-12,99bQhxWPWuo,9241,,
2026-08-12,9BmwbWSPXwY,4777,,
2026-08-12,9Fhr7gYQPBM,1460,,
2026-08-12,9O3XYd0F6VI,11399,,
2026-08-12,9Ot1RhssfL0,771,,
2026-08-12,9TvuNO-fnXM,16269,,
2026-08-12,9_6yRxY8iiY,9903,,
2026-08-12,9cZh_IuGMyM,384,,
2026-08-12,9dFDeUNHViY,9358,,
2026-08-12,9gFQ9rFMKEA,39199,,
2026-08-12,9h2v-rVmwEA,8702,,
2026-08-12,9hOkPAYmpPM,6672,,
2026-08-12,9hgzA60ZGZg,5513,,
2026-08-12,9rJgQmuc2SM,6483,,
2026-08-12,9rVcXaVHCXw,2624,,
2026-08-12,9wgzzLCatp8,854,,
2026-08-12,9yg2AIYdu6E,1740,,
2026-08-12,A4wr-iI2hJU,21448,,
2026-08-12,A5ojgoN39Lc,6378,,
2026-08-12,A9RXB8YTc6Y,12784,,
2026-08-12,ADwtKtLtE8Q,2009,,
2026-08-12,AKDQisHl8Ek,3918,,
2026-08-12,AKJRVoJu_Q4,7478,,
2026-08-12,ANYrzwn5h_M,4668,,
2026-08-12,AO1WNfgIgiE,8583,,
2026-08-12,ASSnCNI-KlM,1264,,
2026-08-12,AU7Z9h1x1Ys,698,,
2026-08-12,AUG114ir5eQ,1241,,
2026-08-12,AUxR3aTc3ng,1510,,
2026-08-12,AaCd4amsV0U,2033,,
2026-08-12,Ac6AOC9yxJE,4329,,
2026-08-12,AcR00ZHbVKU,7546,,
2026-08-12,AgcnylfczPE,10620,,
2026-08-12,AmYVHRf2Aq8,8670,,
2026-08-12,Ao4VRNX_h4A,12126,,
2026-08-12,Aq3emUbqTbA,803,,
2026-08-12,B0IPEMdrCRA,3040,,
2026-08-12,B5xTJMahaK4,2529,,
2026-08-12,B9FbWxNdJPY,19267,,
2026-08-12,B9zmRMY6ISI,2719,,
2026-08-12,BNze82M59-E,7033,,
2026-08-12,BSum-2t0a28,4652,,
2026-08-12,B_OF2TYLnQw,6345,,
2026-08-12,B_rcAwySccg,3534,,
2026-08-12,BdCpg8-TlGg,3545,,
2026-08-12,BfLT1TlZInE,20075,,
2026-08-12,BfjZU1zyiOc,1883,,
2026-08-12,BkAhos9qrLQ,2135,,
2026-08-12,BsWIaYs09vc,6014,,
2026-08-12,BskXYIlyNzA,5982,,
2026-08-12,C5ETgNOq1gQ,14399,,
2026-08-12,C5Rh96Gz8yg,6966,,
2026-08-12,C9AMwVwgVPo,3039,,
2026-08-12,C9FJCiew0s8,4056,,
2026-08-12,CD6KcQMdzfc,2833,,
2026-08-12,CEF9v_JMVe8,7223,,
2026-08-12,CJkJWnPzguM,21508,,
2026-08-12,CKAGWlmyXbA,8920,,
2026-08-12,CMh4ttABaiE,1224,,
2026-08-12,CSTFP0gKnd8,5330,,
2026-08-12,CUpAWj1wVbU,24735,,
2026-08-12,CVFIzDp5iio,11276,,
2026-08-12,CYn4JoQTD1I,671,,
2026-08-12,CYvruxt8Ocw,5349,,
2026-08-12,CgzCQr9ilsw,387,,
2026-08-12,ChKL1KyjlZ4,5232,,
2026-08-12,CkghB9G4vOo,214,,
2026-08-12,Cpa04rQyl18,8459,,
2026-08-12,CufCJMTTKHk,1636,,
2026-08-12,Cy2qJ0Win1I,4417,,
2026-08-12,D-dgFUvl7YA,7909,,
2026-08-12,D4p6nv2t2FA,245,,
2026-08-12,D50nmITTLp8,1808,,
2026-08-12,DAuagmdRSOE,10850,,
2026-08-12,DBkInEbzPk0,2734,,
2026-08-12,DDd5prelU6A,8967,,
2026-08-12,DDiDtP-uOqU,2275,,
2026-08-12,DI-Oxm-J0W0,5572,,
2026-08-12,DIv0FHIZiko,3482,,
2026-08-12,DNsUjaDT3AQ,4160,,
2026-08-12,DPEZ-FtI4UI,8388,,
2026-08-12,DPz-ktdaHII,448,,
2026-08-12,DS_neiUmgrA,2716,,
2026-08-12,DY9enl751Hk,9104,,
2026-08-12,Dcu_IubxG8I,4975,,
2026-08-12,Df9q7HerAA4,4960,,
2026-08-12,DiLjnRqx0xo,3855,,
2026-08-12,DnXALAe3BtY,1598,,
2026-08-12,DohrPYUe11o,1537,,
2026-08-12,DouSkzKX7NE,6500,,
2026-08-12,Drqehd-O2ak,3686,,
2026-08-12,DxUH69hEi9k,453,,
2026-08-12,E6ac_QwimUk,3706,,
2026-08-12,EFc5_Nct8wE,4546,,
2026-08-12,EIKIx9Xpl7c,2742,,
2026-08-12,E_DqVHrHIxM,7892,,
2026-08-12,EckbfLRDGjE,1692,,
2026-08-12,EkKqSnrdG7U,2686,,
2026-08-12,Ezrw0VHCy7w,280,,
2026-08-12,F1hpeZ_T-ww,2762,,
2026-08-12,F5WCr1Md6mk,2135,,
2026-08-12,F5y8-ztKpCM,3813,,
2026-08-12,F8PMKa1dz9g,734,,
2026-08-12,FAIITnGT4wo,4887,,
2026-08-12,FAfQTG-v0Cs,3252,,
2026-08-12,FEqKnaBExZU,9398,,
2026-08-12,FG5G2G-XjhE,14569,,
2026-08-12,FIEy7T-kMmQ,1916,,
2026-08-12,FKbiHBctwwA,3883,,
2026-08-12,FNVB3Ndlrw8,431,,
2026-08-12,FSFC8O9LxRU,2493,,
2026-08-12,FYtl1LolxwQ,10110,,
2026-08-12,Fa8jGX5mvj4,3129,,
2026-08-12,FfCJfpHXt8c,4060,,
2026-08-12,FgTt2XD_ryA,13658,,
2026-08-12,FkK2Rp5xEIc,11026,,
2026-08-12,FlGf6zZGtkk,5276,,
2026-08-12,FlbiS6qn6oE,2733,,
2026-08-12,Fs8L9V90RDk,7839,,
2026-08-12,FsemZttxTN8,5597,,
2026-08-12,G2COlj5SS54,7959,,
2026-08-12,G76WtaecxB4,1194,,
2026-08-12,G9YcpN4TAZw,5181,,
2026-08-12,GEZg76Swgc8,427,,
2026-08-12,GJRAN3_x8U4,3577,,
2026-08-12,GME--_-r_lU,3315,,
2026-08-12,GTD7cyckPnA,271,,
2026-08-12,GYD-rQNG-rI,8911,,
2026-08-12,Gdybpz4wjgY,331,,
2026-08-12,GgtIBQCZxkQ,5294,,
2026-08-12,Gjf4AsYGwU8,11209,,
2026-08-12,GqAXRVF_edY,4099,,
2026-08-12,GqRwtWVepYw,8970,,
2026-08-12,GqWbo7Uo8Ec,5731,,
2026-08-12,Gs03wWJ6vFc,930,,
2026-08-12,Gx6Z5Aj875s,6672,,
2026-08-12,H-jiaEptrx0,4335,,
2026-08-12,H3JH96ZJWzM,787,,
2026-08-12,H5yOaNKxZ-4,21172,,
2026-08-12,H97Ldv1IXtw,17973,,
2026-08-12,HBhaj0_Zm34,4473,,
2026-08-12,HDN25GTdn40,3924,,
2026-08-12,HRQ4Ibbkkco,2269,,
2026-08-12,HUbRq3GR8SI,4999,,
2026-08-12,HbNx1HcTEk4,21877,,
2026-08-12,HlwfZ6atyLw,1898,,
2026-08-12,Hsv6dNsEO40,10990,,
2026-08-12,HvQpYQlLGzg,3860,,
2026-08-12,Hwi-jokx7aI,2685,,
2026-08-12,I-S-0EO3-FA,2874,,
2026-08-12,I1sccj6fjQs,3719,,
2026-08-12,I3T6O4ez75M,4055,,
2026-08-12,I66Prbdjcn0,3476,,
2026-08-12,I70TmekxAXE,2643,,
2026-08-12,IAdR2JdoGr8,10196,,
2026-08-12,IB_3oFDAULc,11745,,
2026-08-12,IE6oyFF67A0,15587,,
2026-08-12,IEIg6U_krbY,9641,,
2026-08-12,IF966yryyqY,264,,
2026-08-12,IH591H86iFQ,7212,,
2026-08-12,IHsdTOEuG4g,8647,,
2026-08-12,IJdPXXMpYPk,806,,
2026-08-12,IKIrneFKwJY,622,,
2026-08-12,IM0HdpgIDq8,12280,,
2026-08-12,IQ3zeRLgnt4,3347,,
2026-08-12,IQQViyty9zM,2047,,
2026-08-12,ISKY2Bgz_c0,1224,,
2026-08-12,IXOacyfD7V4,13471,,
2026-08-12,IrGSyH2wlK0,1597,,
2026-08-12,IuZyLH50TMQ,23136,,
2026-08-12,Ix6NRPPJhd8,1199,,
2026-08-12,J-aiAO8-Czk,13081,,
2026-08-12,J1tRJRX44zc,2058,,
2026-08-12,JH6X6472Gdk,3414,,
2026-08-12,JJ0wEMAa0Qg,7330,,
2026-08-12,JNuRoWbolfs,6406,,
2026-08-12,Jep6zVwriOA,7044,,
2026-08-12,Jl2XOwlw5Z4,5558,,
2026-08-12,JpctKDg71Pg,1135,,
2026-08-12,JpfqYvUYNr8,2206,,
2026-08-12,Ju3_gwctpM8,16454,,
2026-08-12,Jyn59AgDf6o,7155,,
2026-08-12,JzsEVr4W5ng,11331,,
2026-08-12,K1YD12TDxwo,1710,,
2026-08-12,K2T8Cd4-ba8,699,,
2026-08-12,K4YFVRGWGEY,2845,,
2026-08-12,K8o_u0_iFJU,7747,,
2026-08-12,K9Asd1xasRc,795,,
2026-08-12,KEnYv8bMxXM,38917,,
2026-08-12,KLTqQaG2asM,4398,,
2026-08-12,KMTemVbHKS4,3432,,
2026-08-12,KNT1a6LakZI,4455,,
2026-08-12,KOF8EQ_YcOU,11983,,
2026-08-12,KOedI8Dr__Y,4514,,
2026-08-12,KTnAV2qb5CY,7937,,
2026-08-12,KVaKaf9FX5I,8369,,
2026-08-12,KXoxeoaSwOA,4365,,
2026-08-12,KiOKGmcOb_g,10270,,
2026-08-12,KlnSnb7YFEY,2684,,
2026-08-12,Kn5RCzQ9ufc,3755,,
2026-08-12,KqZv27fFQlQ,141981,,
2026-08-12,KrjMNWiU52A,16910,,
2026-08-12,KtjAJuKUbDM,15601,,
2026-08-12,L0KEJ_zq0Ak,10378,,
2026-08-12,L5c4VvuaU7w,18257,,
2026-08-12,LD8rxn2RFNE,4398,,
2026-08-12,LMbdAdrLzXg,4302,,
2026-08-12,LMryIj-gt9A,2054,,
2026-08-12,LNWGlnt3wF4,19563,,
2026-08-12,LRySNa5Y0No,5661,,
2026-08-12,LSGYVCqNEjc,4319,,
2026-08-12,LXW_Z8rp3bU,2230,,
2026-08-12,L_mpuGgHhfE,4708,,
2026-08-12,LadLiCQaAwQ,5213,,
2026-08-12,Lbrq5ramx-A,4559,,
2026-08-12,LdYe9MF1QMs,1957,,
2026-08-12,Li2lFki33xM,9266,,
2026-08-12,Lk6JhpGO69M,10239,,
2026-08-12,LmDOOPuqYG8,7713,,
2026-08-12,LpqnF4FROjg,365,,
2026-08-12,Lswdyl9nZtE,9650,,
2026-08-12,M61DCig7ZJY,6181,,
2026-08-12,MA41DUCQWfw,2533,,
2026-08-12,MM879hqJf1U,17806,,
2026-08-12,MRxgJpEyabo,4995,,
2026-08-12,MVWyRSiH4uQ,2623,,
2026-08-12,MWkhT5GG75k,6894,,
2026-08-12,MhZ5AKwboh0,9914,,
2026-08-12,MsxCeW9nTb0,3356,,
2026-08-12,Mtqdsr2BC_A,5606,,
2026-08-12,MvMstvlNNzQ,403,,
2026-08-12,MxDzq8aLzTo,791,,
2026-08-12,N0_ptJC7W48,3800,,
2026-08-12,N54m3zy-uzk,3433,,
2026-08-12,N6qK7AUqn54,10826,,
2026-08-12,NELsP8DaEa8,9804,,
2026-08-12,NEahGL5R0HI,11246,,
2026-08-12,NHGisiXq7eg,7798,,
2026-08-12,NJXuNpJ26us,3454,,
2026-08-12,NJelRHbyeWw,7625,,
2026-08-12,NRlM9dhgPTg,4345,,
2026-08-12,NWOjsRjPomI,2746,,
2026-08-12,NX-1jJ1PuxY,7906,,
2026-08-12,Nc1nItUxpQQ,8175,,
2026-08-12,Nh7jDVmtg0I,1467,,
2026-08-12,NvFqtHcCCXs,3557,,
2026-08-12,Nz2xOcIryF4,9241,,
2026-08-12,O14qr6DPo4Q,7367,,
2026-08-12,O1awyI-zPJs,15163,,
2026-08-12,OD8Jm9Yk0WY,21959,,
2026-08-12,OH7Rlrq71To,34884,,
2026-08-12,OHt_00p2dmY,5719,,
2026-08-12,OLPoLPMdW_g,2154,,
2026-08-12,OVHP92ag6d4,4162,,
2026-08-12,OYxpHMuv29k,8836,,
2026-08-12,O_7ZySSl0mk,4143,,
2026-08-12,OcgJZnE1a6o,771,,
2026-08-12,Ocp1_PPM4sI,23743,,
2026-08-12,OddgScxecfA,6905,,
2026-08-12,Om4MsEtTrnw,1458,,
2026-08-12,OsN0NNVuu7o,21744,,
2026-08-12,Ou7NGOVJ8Pc,3220,,
2026-08-12,OwK8r2uyqHU,6879,,
2026-08-12,P5dvh5HrHaE,8064,,
2026-08-12,P6a8zyHf7YY,963,,
2026-08-12,P7i-qgVG7c4,1798,,
2026-08-12,PLFNoideC9s,11955,,
2026-08-12,PM4DofLA2g0,734,,
2026-08-12,PUTrIDHNxQs,2437,,
2026-08-12,PdO8UebbbSA,1660,,
2026-08-12,PgvLUj9yWDQ,694,,
2026-08-12,Pk77G5OfECU,5095,,
2026-08-12,PkjXvpbR1q8,9406,,
2026-08-12,Pt8zI30MFm8,7038,,
2026-08-12,PtL2ZgPSF5o,14462,,
2026-08-12,Pwf2T_cntdg,20892,,
2026-08-12,PxyjUIyE5YI,15845,,
2026-08-12,Q-dHeMod7T0,7400,,
2026-08-12,Q1zf4SC-AvQ,2862,,
2026-08-12,QLdp2ZNFM_s,5325,,
2026-08-12,QUNzVqhLUBw,2641,,
2026-08-12,QVi7Ze1DEz4,5601,,
2026-08-12,QY2ox96a1zA,5992,,
2026-08-12,QeCKLvz2tIM,5814,,
2026-08-12,QhRPaWYjWYc,4079,,
2026-08-12,Qrag4Jg-veo,3890,,
2026-08-12,R1S8PFUsVWg,5542,,
2026-08-12,R4hO35nd_OI,6579,,
2026-08-12,R6Ukz91VIAY,1187,,
2026-08-12,R7utAmGPE_M,635,,
2026-08-12,RO6gVW9tdbY,1595,,
2026-08-12,ROV6ce9dkfI,4221,,
2026-08-12,RUy1hElRuUQ,5208,,
2026-08-12,RVWlgBZt6h8,5017,,
2026-08-12,RXEipSzDgtc,22057,,
2026-08-12,Rb2-RE864YY,10702,,
2026-08-12,RdvRwihvUUM,3929,,
2026-08-12,RgeVF0tu6ng,898,,
2026-08-12,RhUoPPchFBU,490,,
2026-08-12,RrVaJ5z_3mU,2991,,
2026-08-12,Rs5p0EuuTDw,9841,,
2026-08-12,Ry8PCL00Sjc,2022,,
2026-08-12,RyckAyrt7xQ,29842,,
2026-08-12,S0W7nQ2q3Kg,7670,,
2026-08-12,SB5QPpcWDXk,8694,,
2026-08-12,SCwP-bR498o,2586,,
2026-08-12,SGOEY0I_FQA,33616,,
2026-08-12,SHzg-IgnKuI,26695,,
2026-08-12,SKEcZIJKPzc,3525,,
2026-08-12,SOXoRwvxcv0,10843,,
2026-08-12,SQdrkq_hBzE,1891,,
2026-08-12,SW7PfbETFx8,2803,,
2026-08-12,SWoYNH7OMZI,1091,,
2026-08-12,SeWXiEIm9oI,1659,,
2026-08-12,Sf25ENrbQGM,1000,,
2026-08-12,ShJ_j2paClA,9245,,
2026-08-12,ShkacKGq5Vk,5428,,
2026-08-12,SkukxahhmRo,6887,,
2026-08-12,Sl5Fl_vOthI,3183,,
2026-08-12,Sl5sYEh_UoU,6206,,
2026-08-12,Sq3rkK6GhuE,245,,
2026-08-12,St5jhqEeasY,4550,,
2026-08-12,T2tuMBwhuKc,6972,,
2026-08-12,TDOWMduvE1o,3082,,
2026-08-12,TEqu2JH5dYc,913,,
2026-08-12,TMvgKj-2Z9k,1015,,
2026-08-12,TP7VDtErEvY,5422,,
2026-08-12,TS9rxa7-CXg,7162,,
2026-08-12,TV3fWx4rQh0,2344,,
2026-08-12,TWUoFcCtDhA,6559,,
2026-08-12,TXAe5nqafRY,1525,,
2026-08-12,T_jQIJSkjGo,7321,,
2026-08-12,TaY5NrLNABM,1335,,
2026-08-12,Tb4JB3eFPXw,5608,,
2026-08-12,Te57wukDp8g,4582,,
2026-08-12,TgJqTy_mCR4,7692,,
2026-08-12,Tj9CJM4ti2w,1736,,
2026-08-12,TqAy1jbJ9w8,8448,,
2026-08-12,TtCijTAgvPc,5097,,
2026-08-12,TvvDTvo-L74,7935,,
2026-08-12,TwfHRcdWHRg,4161,,
2026-08-12,U4zBHwf2MTw,1707,,
2026-08-12,UCaZFYzYm9k,6552,,
2026-08-12,UHGfFw-ZT98,3823,,
2026-08-12,UJOAvX_FD7o,251,,
2026-08-12,UKzsE2t00Jw,413,,
2026-08-12,UOOBf83nIco,37579,,
2026-08-12,UQIBN4D_qIs,2679,,
2026-08-12,UUUH5xnM-Mc,6155,,
2026-08-12,UVdc7kYPJEs,1081,,
2026-08-12,UZ3583GSSOo,3982,,
2026-08-12,UhuJQBAZv84,10437,,
2026-08-12,UiD0-skn904,813,,
2026-08-12,Ulotto-Re6w,4387,,
2026-08-12,UqLF2eIaDxg,7863,,
2026-08-12,V1jmHGrVs_k,9080,,
2026-08-12,V2d8qoEGyEU,232,,
2026-08-12,V3IHs2DwX0U,701,,
2026-08-12,V3nsGV2yOV8,2324,,
2026-08-12,V50CUypS7UM,2962,,
2026-08-12,V6AOpDTpCO4,5039,,
2026-08-12,V6Lm17-mfxA,4431,,
2026-08-12,V6d2Dc1l7BA,7155,,
2026-08-12,VKJLsmW95wc,3769,,
2026-08-12,VKMMVQtaDrM,11602,,
2026-08-12,VLJJ9zvdj2Y,5006,,
2026-08-12,VTOl1gAKo44,3215,,
2026-08-12,VTszds8Y7rU,8010,,
2026-08-12,Vb5gSRAHXCA,3877,,
2026-08-12,VlgtaUj_dho,4038,,
2026-08-12,VoU-7YGmoo0,1853,,
2026-08-12,VvVtNiE0bjA,4074,,
2026-08-12,VwTMGmXxghU,18951,,
2026-08-12,W3I8gwLv0Ro,2976,,
2026-08-12,W6U3fBgQoVg,1976,,
2026-08-12,WD7EzA2sbnI,2109,,
2026-08-12,WIP6ZDjQmww,9716,,
2026-08-12,WKMTSCW51fI,5223,,
2026-08-12,WNFEf_ZwNFw,436,,
2026-08-12,WNhZUBZ8tUc,44529,,
2026-08-12,WWIB8ZW1i6w,2930,,
2026-08-12,WYGsRorORyI,16743,,
2026-08-12,WjgW6u9Tde8,2009,,
2026-08-12,Wu4lafiHjh0,7502,,
2026-08-12,WvVMuiXrqcI,7483,,
2026-08-12,X22UHszz5Dg,4435,,
2026-08-12,X5L0LaarTLg,10628,,
2026-08-12,XAQ_GYsV52A,10054,,
2026-08-12,XEqxbZoaqUw,5164,,
2026-08-12,XIhM9oLObuU,2571,,
2026-08-12,XVwO4OvjwI4,2452,,
2026-08-12,XWSWCP3TBrc,2895,,
2026-08-12,Xm4ScqSNV10,4439,,
2026-08-12,XsCgtUDrxck,2186,,
2026-08-12,Y66yYblAsq8,1884,,
2026-08-12,Y7Rm_Bmu-K0,38686,,
2026-08-12,Y8YjZOGrhJI,3942,,
2026-08-12,YA85ddRTnus,5002,,
2026-08-12,YA_LFvsyLoU,2263,,
2026-08-12,YBMZINlORaw,5978,,
2026-08-12,YDlHWsYd23o,4401,,
2026-08-12,YDmxUb_oNLI,2744,,
2026-08-12,YFjQz7FijWM,15268,,
2026-08-12,YOe2PL-1gT0,671,,
2026-08-12,YXqYOapYqYc,7694,,
2026-08-12,Y_mkJt3oY_k,3564,,
2026-08-12,YiKIKU-5KpY,0,,
2026-08-12,YpCAi9ofhjs,4331,,
2026-08-12,YpMxtemC5y8,4878,,
2026-08-12,YqZzdPYfnso,3618,,
2026-08-12,Ytbx-7bzEGc,4321,,
2026-08-12,Z-s3rXFeosc,6617,,
2026-08-12,Z12fVM_cnaI,10685,,
2026-08-12,Z2njQkTQDKY,5166,,
2026-08-12,Z9Jjrb6xQeo,3558,,
2026-08-12,ZA_G9BP9HLY,495,,
2026-08-12,ZE2dghmFE8Y,22596,,
2026-08-12,ZE3jHXXiSBY,9497,,
2026-08-12,ZE9ENcHPRr8,24370,,
2026-08-12,ZG72S1_wBC0,5035,,
2026-08-12,ZY_oCjE95Ss,393,,
2026-08-12,ZZBZkqJqvu8,11076,,
2026-08-12,Z_REKs508KY,6683,,
2026-08-12,ZaksbmqvxNM,8442,,
2026-08-12,ZcdQLCEyjjU,8633,,
2026-08-12,ZfQ7oKzL-Pw,12515,,
2026-08-12,ZgN1aMmXELI,4813,,
2026-08-12,Zq-NFi8kxlo,49226,,
2026-08-12,ZrqtNoiNSdw,4837,,
2026-08-12,ZsIml_y5qU4,146,,
2026-08-12,ZtUTR0E7VPY,45723,,
2026-08-12,ZvUISEnjqbQ,5388,,
2026-08-12,ZzYTRvOWH1I,4387,,
2026-08-12,_3MWGJ7MUTA,2847,,
2026-08-12,_8p1UyvwmhI,3896,,
2026-08-12,_9BI3P-OH84,1719,,
2026-08-12,_BvUrcl5tls,3155,,
2026-08-12,_EZK5vA1EX0,5277,,
2026-08-12,_FzLqe9KziY,2521,,
2026-08-12,_Jlf2Q0xGZ8,5847,,
2026-08-12,_LzDM8xt_dA,7962,,
2026-08-12,_NHlgOF-WU0,406,,
2026-08-12,_OsQEaApgwY,2532,,
2026-08-12,_UWA2fCxRHI,3767,,
2026-08-12,_auL36M33Aw,2666,,
2026-08-12,_eLkGBx1XiE,1075,,
2026-08-12,_fcTS5NosDs,1564,,
2026-08-12,_r9bm8JLsKc,3371,,
2026-08-12,_wWswU9t8HU,212,,
2026-08-12,_xEjpsA_iVg,2036,,
2026-08-12,_zVLb3rpe5I,6076,,
2026-08-12,_zuQYhMwTgs,5677,,
2026-08-12,a2L6AbyANjw,13328,,
2026-08-12,a2n31BGGWFI,4203,,
2026-08-12,a65XoIF7K7Y,7976,,
2026-08-12,a6qWlOZtG3E,2133,,
2026-08-12,a8g5MvFPwxo,6314,,
2026-08-12,aD-WkrzMJrk,2321,,
2026-08-12,aDDnbn7KVls,13099,,
2026-08-12,aEQu0cO-iG8,2138,,
2026-08-12,aIcW25HaFsI,5111,,
2026-08-12,aMG8tqZ6bW0,2894,,
2026-08-12,aOOR5vp4Kl0,3643,,
2026-08-12,aQF7qqm1iHE,2385,,
2026-08-12,aVKjY_uB3tA,2748,,
2026-08-12,aYgFb-fiwxA,11835,,
2026-08-12,acvpoQwncqI,3059,,
2026-08-12,ad5pxORFPfk,2442,,
2026-08-12,adsB3sGIcVQ,5689,,
2026-08-12,afLeJEbZs2k,6432,,
2026-08-12,ahyTF-4Agkg,987,,
2026-08-12,akC-r5hlDkc,2169,,
2026-08-12,aoh738yJBRA,6439,,
2026-08-12,aqbo0yu_l6g,16095,,
2026-08-12,ar-bXQYvUhs,2483,,
2026-08-12,ath0o3oOJCs,6356,,
2026-08-12,b4fNiXZPqRQ,10104,,
2026-08-12,bHJfRtPpY6E,1659,,
2026-08-12,bHuv7kKqe-A,8201,,
2026-08-12,bJHikj8skz4,2993,,
2026-08-12,bQaZqs74i2Y,5291,,
2026-08-12,bT7qGpnOpo4,4769,,
2026-08-12,b_Obp5cBRZk,5580,,
2026-08-12,bi3ZAQbw8EI,1866,,
2026-08-12,bqTNuZQOziA,10001,,
2026-08-12,bqf0zywB-Wo,11895,,
2026-08-12,c2ket6Qczzw,1482,,
2026-08-12,c3rRnSi93Lw,8749,,
2026-08-12,c6WqvHRlRkc,4378,,
2026-08-12,c9CotszUwYQ,2362,,
2026-08-12,cFn-fD2GmYU,2548,,
2026-08-12,cJwXjAKA0-k,5506,,
2026-08-12,cR199eKHJ4k,349,,
2026-08-12,cWyP2mrcwdM,786,,
2026-08-12,ccZaP6LEaLI,9714,,
2026-08-12,cevjHgZRbrg,294,,
2026-08-12,cfGpIvLPcPw,4971,,
2026-08-12,cga1y52KSCk,2999,,
2026-08-12,cjpnhsKzs1Q,2886,,
2026-08-12,coqZMUFd2C0,35952,,
2026-08-12,cpd3lbm5tL8,3566,,
2026-08-12,cqPVe0nQ1A0,5205,,
2026-08-12,cuZsMnQlDQU,13801,,
2026-08-12,d-msiY5zz5A,3083,,
2026-08-12,d-zJskCnHpI,3107,,
2026-08-12,d09nbbfOIA8,5082,,
2026-08-12,dFH36q7iWiU,243,,
2026-08-12,dHJbG72Itp8,16204,,
2026-08-12,dIqUY3R2_3A,8005,,
2026-08-12,dSmFHbtrZ7g,17831,,
2026-08-12,dURDUSYCm68,15116,,
2026-08-12,dWatNWKO9uk,3523,,
2026-08-12,de7gpeHMS1Q,382,,
2026-08-12,dgkZoy66esM,5301,,
2026-08-12,dijHVnTV0aM,6325,,
2026-08-12,dl3KzRCU-aQ,6576,,
2026-08-12,dlABqtYhbMk,6097,,
2026-08-12,dmbvfKzFSLo,3060,,
2026-08-12,dn-xSg_FT0A,17779,,
2026-08-12,dnI29M9CE44,3963,,
2026-08-12,dnUUMRDbasE,1881,,
2026-08-12,dp7vq7hweXs,1935,,
2026-08-12,dtdf5AeXwB8,420,,
2026-08-12,dtoZraGBx54,16326,,
2026-08-12,dv-40oFi5ak,6754,,
2026-08-12,dx9Qe_629yE,8814,,
2026-08-12,e061vqWD0lQ,1009,,
2026-08-12,e6iHP-UMZnk,5231,,
2026-08-12,e83i1spluHo,6389,,
2026-08-12,eGnLjzejgI4,3025,,
2026-08-12,eK7uM-EeLIk,7750,,
2026-08-12,eLcRSVAncfc,1341,,
2026-08-12,eLhCLA0Jndo,2247,,
2026-08-12,eM2S4pWeczs,153016,,
2026-08-12,eOxOgo6VNzQ,3671,,
2026-08-12,eUkmg5xOC7c,2427,,
2026-08-12,eYY-goMG0N0,4529,,
2026-08-12,ebpANnTL0zw,13538,,
2026-08-12,ecutxRcKQ6I,6466,,
2026-08-12,enR1CfAS5zo,2052,,
2026-08-12,ensnUIxTUHE,14086,,
2026-08-12,er-8YWX70rk,12363,,
2026-08-12,etbk0Z69oDs,819,,
2026-08-12,eu92DDq5snw,5519,,
2026-08-12,eymQ0rXs7d8,6166,,
2026-08-12,f-aH0vpaoyo,10150,,
2026-08-12,f7yvLMqdMJo,4143,,
2026-08-12,f8fN8Uqbb8s,6106,,
2026-08-12,fFdiFTfeCwE,6196,,
2026-08-12,fFgFYRumrDU,11239,,
2026-08-12,fG1-74pj6A4,16391,,
2026-08-12,fHYBRGdrXo0,1947,,
2026-08-12,fIo8SE2ky98,2969,,
2026-08-12,fKvvShsdaWU,18934,,
2026-08-12,fMmn4SMuSdE,4704,,
2026-08-12,fQwyeIriRx8,8465,,
2026-08-12,fZ7RRiEw54E,6412,,
2026-08-12,fbZea8wkoe8,9747,,
2026-08-12,ff5ZGdHsgIA,1097,,
2026-08-12,fg72xV_ZX8g,787,,
2026-08-12,fj2SC2FA324,2052,,
2026-08-12,flJTAxtk67w,11238,,
2026-08-12,flbyvShpL18,4905,,
2026-08-12,fsI10W24Ya8,8099,,
2026-08-12,fwJag8kazvc,946,,
2026-08-12,gAPX20Ja0zk,2669,,
2026-08-12,gAlQprevPh0,3138,,
2026-08-12,gENAeokhMHI,4023,,
2026-08-12,gK1VHYEXt_0,223,,
2026-08-12,gNEGNjVWO0Q,2885,,
2026-08-12,gVj7YvOUjfc,1035,,
2026-08-12,gWdtuyZNxeQ,11257,,
2026-08-12,gXT5p-IBNMg,6062,,
2026-08-12,goQs8La8e94,29470,,
2026-08-12,gpKioDijRD4,1531,,
2026-08-12,gtGmlmLZ3Ps,1224,,
2026-08-12,gy_rDsWx8_4,4996,,
2026-08-12,h1qNF-YaHX8,4913,,
2026-08-12,hBhD4lpfrvw,4168,,
2026-08-12,hBqhV23fZnE,3990,,
2026-08-12,hD4BjVn9YXw,4607,,
2026-08-12,hJ3DwYLFjcY,3882,,
2026-08-12,hRgIER_2tZg,1193,,
2026-08-12,hSuSN9-UZUY,15258,,
2026-08-12,hUQqvZGsp6A,3578,,
2026-08-12,hVMJN3o6-5g,10898,,
2026-08-12,hVVP3uqEbXg,6191,,
2026-08-12,hX5lVJXMurI,6425,,
2026-08-12,h_v3GcIgbvM,18835,,
2026-08-12,hhwrtf3g0yY,4728,,
2026-08-12,hnnt5l96vVE,3595,,
2026-08-12,hrA_TspDTyM,2747,,
2026-08-12,hsiq1QlJqCs,37208,,
2026-08-12,htuK8cgwC-E,2587,,
2026-08-12,hwX4Jil8AFY,2229,,
2026-08-12,hy7L_a8J9z4,6096,,
2026-08-12,hyisCTgnS0g,806,,
2026-08-12,i4tThjQW98w,1477,,
2026-08-12,i5Ufb0FYkDM,2834,,
2026-08-12,i6kooD4epJ0,10012,,
2026-08-12,iCV7kvzQ_bA,19881,,
2026-08-12,iCrYuW2ixu8,2172,,
2026-08-12,iEHsfr9bvpg,12908,,
2026-08-12,iFu9J3h8RBY,8251,,
2026-08-12,iHt3VLuizj4,3714,,
2026-08-12,iKMz8ICRe8I,20805,,
2026-08-12,iNIxuEi7V54,2251,,
2026-08-12,iRyAJEXB_hE,3245,,
2026-08-12,iYHt1pdScK0,207739,,
2026-08-12,i_bfUG57Je8,10608,,
2026-08-12,ipf-y1PaGBg,3791,,
2026-08-12,iuZ57o6ph1A,2431,,
2026-08-12,ixG3RWG-Xdw,10630,,
2026-08-12,j3BrzaBGJqY,3158,,
2026-08-12,j50kYrWuR6U,1342,,
2026-08-12,j9lMyW5Emo0,7408,,
2026-08-12,jBZnliX8R7M,5285,,
2026-08-12,jCGuQ1T3kUE,11368,,
2026-08-12,jQiLi6ev9zM,4994,,
2026-08-12,jTEvYjhQKTM,3518,,
2026-08-12,jV8i3ErC3MA,10333,,
2026-08-12,jdAA_65-h0E,17136,,
2026-08-12,jfEMLlPzKEU,8012,,
2026-08-12,jgfWTFUl_58,1449,,
2026-08-12,jh22fly0d-k,5233,,
2026-08-12,jlV4MmBxgPI,13564,,
2026-08-12,jrnfWiLWFJw,384,,
2026-08-12,k1SjNJaOJcA,7073,,
2026-08-12,k3yhL30Kpnw,1613,,
2026-08-12,k4GBTLOy9aE,11290,,
2026-08-12,k73d1z4sXCE,2691,,
2026-08-12,kCTe19NTny4,2086,,
2026-08-12,kCcXFPN8bK0,2719,,
2026-08-12,kETEBzJrtSA,7390,,
2026-08-12,kFWumpkL5yI,3326,,
2026-08-12,kO5VQOB3sxI,6335,,
2026-08-12,kSbp6GNfK7Y,4512,,
2026-08-12,kUDZK_9QPtA,14450,,
2026-08-12,kYmLSudfROM,5668,,
2026-08-12,kb2G7jcB3Ls,4280,,
2026-08-12,keYeekasjI8,20257,,
2026-08-12,kjl_jo_1HTg,2471,,
2026-08-12,ko82nHa36U4,8950,,
2026-08-12,kpcxQ1XCrq8,254,,
2026-08-12,kr9WECLcJWU,3751,,
2026-08-12,ktZgSqvfl8o,455,,
2026-08-12,kuoLAhyeaJQ,4287,,
2026-08-12,kzApFdb-KEs,778,,
2026-08-12,kzQhIJnlTsI,97729,,
2026-08-12,l4OOeF2yo9Y,3803,,
2026-08-12,lADjNtrJtIo,3151,,
2026-08-12,lCTSpZlGMb4,3766,,
2026-08-12,lN4Nv7R4sBI,10427,,
2026-08-12,lOciy5N92Lg,1560,,
2026-08-12,lOomWUxwNlQ,4516,,
2026-08-12,lSkunEYX5Go,1741,,
2026-08-12,lTCDfNnY4u8,5847,,
2026-08-12,lZj5qfUurLw,4050,,
2026-08-12,lZm2ZwjEy38,3003,,
2026-08-12,lgNWcFP2Ltg,12188,,
2026-08-12,lr1GJQXbj4c,1965,,
2026-08-12,lvOd4uyJkFE,30886,,
2026-08-12,lvtS_HSjXUA,10419,,
2026-08-12,m1gcxwLGPos,5698,,
2026-08-12,m6233lu5J9Q,11943,,
2026-08-12,m9q3qhKxbk4,2481,,
2026-08-12,mDDcQa5yCfI,20923,,
2026-08-12,mHE2XXExu7Q,1252,,
2026-08-12,mHSNcvaQ8YU,1020,,
2026-08-12,mM4k2pf-l9E,6068,,
2026-08-12,mNKdQ1YwHPc,2912,,
2026-08-12,mOqGGh-ot08,13013,,
2026-08-12,m_vvvpnOHfw,409,,
2026-08-12,mhXS2cpJlRo,1965,,
2026-08-12,mkJ-QgvLtyk,12478,,
2026-08-12,mnu4iJG72y8,5494,,
2026-08-12,n5WXv528CII,17907,,
2026-08-12,n93OGgP941o,2379,,
2026-08-12,n9XvIj6hOjc,2138,,
2026-08-12,nDLFzy9hIow,9747,,
2026-08-12,nF0VXXPcAh4,3059,,
2026-08-12,nMQCA_C9zoQ,103373,,
2026-08-12,nPV7ftm2WSg,2184,,
2026-08-12,nRTuARH-N9A,640,,
2026-08-12,nZ-Yf21ufww,9718,,
2026-08-12,n_8ek8wvHc8,5531,,
2026-08-12,nbqcaybmEe8,11681,,
2026-08-12,neQ91eM5hw4,21634,,
2026-08-12,nuEwWBGiQ4c,3928,,
2026-08-12,nwbp-b7PO4g,7334,,
2026-08-12,nxJqaJgDQIE,4353,,
2026-08-12,nyHN_s3QpkY,7035,,
2026-08-12,o0dULDtKQ-8,9992,,
2026-08-12,o4tmiD22BLI,18775,,
2026-08-12,oCAyG5S7cIw,10451,,
2026-08-12,oDeAAnpEEXU,1944,,
2026-08-12,oKTvQ7d9gYw,27852,,
2026-08-12,oPCHIAxcTHw,38313,,
2026-08-12,oRXt4EmUmKk,4291,,
2026-08-12,oUdstwXRu2c,2801,,
2026-08-12,oZh7YlRGlqA,5165,,
2026-08-12,oZjiL501lAY,1414,,
2026-08-12,o_FRQ02nigQ,5541,,
2026-08-12,ofwkfFci1iI,3342,,
2026-08-12,ol2a1T0BgrM,4461,,
2026-08-12,ol_M2L_mjBI,2675,,
2026-08-12,onlJoxwtQec,1406,,
2026-08-12,oo0K4ydn4rw,6019,,
2026-08-12,p23Rm9i_EIg,6666,,
2026-08-12,p6uuiKju1Gc,4275,,
2026-08-12,p8GqOFBpR5w,4815,,
2026-08-12,p8ZK2nre57U,3877,,
2026-08-12,pC_lpEworvo,1031,,
2026-08-12,pCghepSi0M8,13809,,
2026-08-12,pGUjxBQqY5E,4131,,
2026-08-12,pKvwesJ8-t0,8749,,
2026-08-12,pRB23hC8dZY,3126,,
2026-08-12,pUPzkqLt5WM,4567,,
2026-08-12,pWY2T3MqfCw,3438,,
2026-08-12,pdIXWsxp0_g,3842,,
2026-08-12,pms2oKZcuqo,3427,,
2026-08-12,ppIXkOvS4WI,4552,,
2026-08-12,ptv9GRoEKs0,3782,,
2026-08-12,pyuB406DLuo,11506,,
2026-08-12,pzLWWa96_lE,5947,,
2026-08-12,q4mgxHWrmLM,6371,,
2026-08-12,q52xE5uCNT0,11683,,
2026-08-12,qIxGLqP2ZBA,3383,,
2026-08-12,qJ6pJMN4eiA,2638,,
2026-08-12,qMz0UbGJq4Y,6918,,
2026-08-12,qZi9yeRBf94,3810,,
2026-08-12,q_TknmNwvqA,6085,,
2026-08-12,qabDQ1ebZbQ,6044,,
2026-08-12,qbXC7hLKuGM,260,,
2026-08-12,qd6gmV0qrrk,14506,,
2026-08-12,qiI-rwVGiYQ,1989,,
2026-08-12,qkMCHJ28vsI,2353,,
2026-08-12,qmcbY6Sr_mw,3198,,
2026-08-12,qqQxwunPfLo,5173,,
2026-08-12,qzy12XbaJQ4,1508,,
2026-08-12,r0ZddKvFa9w,7675,,
2026-08-12,r3P6BU0gEVU,7531,,
2026-08-12,r4YE2Zghgbc,2869,,
2026-08-12,r6_PIKzQJ8Q,2864,,
2026-08-12,rAxPIoC8bB4,12649,,
2026-08-12,rJ6YCE4gWS0,1638,,
2026-08-12,rJeHPb9VWP4,2368,,
2026-08-12,rLZUcW0DBTM,9843,,
2026-08-12,rLfvnvBj8Ls,4938,,
2026-08-12,rR2A9ezT_gg,16617,,
2026-08-12,rULrrI9GfWU,1354,,
2026-08-12,rV23IXWdDOY,17265,,
2026-08-12,rVEh3PGiggk,372,,
2026-08-12,r_lWb2SpHO4,10412,,
2026-08-12,rckZ2uBOGYs,4304,,
2026-08-12,rixzhpBKdfg,2652,,
2026-08-12,rlnx986Qxkc,13204,,
2026-08-12,roO2HBjdtQw,5281,,
2026-08-12,rojYn7h_-U4,2267,,
2026-08-12,rqcOPT_Dg7A,7335,,
2026-08-12,ruxKM1qX0Dc,11614,,
2026-08-12,rzIPT2DPtvA,5737,,
2026-08-12,s2GjWfPbh9I,1995,,
2026-08-12,sHQg97i_Hp0,156,,
2026-08-12,sO1rprIWDas,4279,,
2026-08-12,sQH3xPVic6Y,3898,,
2026-08-12,sVwAWTxKDJ0,7894,,
2026-08-12,sXRGp_ttFI4,7152,,
2026-08-12,sZhgf8PQ5gc,8577,,
2026-08-12,scIFhQSvvlE,2732,,
2026-08-12,scM9aI9kTus,4950,,
2026-08-12,skABNIsQ3fA,12534,,
2026-08-12,sl11WONqgaQ,3712,,
2026-08-12,smATVd6dk-k,14099,,
2026-08-12,sqx6twZgR-k,3929,,
2026-08-12,ssIA_N2u50Y,7264,,
2026-08-12,syPu5HdMT4k,1021,,
2026-08-12,t01TItG_UAQ,596,,
2026-08-12,t1UIIjuMirY,8787,,
2026-08-12,t1kj63890o8,3565,,
2026-08-12,t3G_N5DO6us,6248,,
2026-08-12,t4gVVdxtNWE,8693,,
2026-08-12,tGsk0H21JgE,2147,,
2026-08-12,t_RBOUZAqGw,4550,,
2026-08-12,tcomjtcMjLE,1106,,
2026-08-12,tdc-zfxIlEY,32457,,
2026-08-12,tiDCtcHjdQU,7164,,
2026-08-12,trS0kTq6Tk8,1652,,
2026-08-12,txSX7-1XQOE,2651,,
2026-08-12,tyRJESdSDm4,14751,,
2026-08-12,tz7n--I4rDU,1496,,
2026-08-12,u00LAYagwGo,4507,,
2026-08-12,u4e1ijV4iRQ,5365,,
2026-08-12,u7xKzLuKt5I,17651,,
2026-08-12,uNX13pgpGBU,5356,,
2026-08-12,uXbngiOXOD0,10428,,
2026-08-12,ub9JNL8EhJ4,1476,,
2026-08-12,uk5ADKNqHoc,1468,,
2026-08-12,ul9Sw7brukY,1590,,
2026-08-12,umNEJg2sj50,973,,
2026-08-12,un8Mt5f-mUE,10668,,
2026-08-12,usRrwR8CUb8,9230,,
2026-08-12,uxxwN68AJHE,5516,,
2026-08-12,v-ylvHTi_Mc,3377,,
2026-08-12,v0kp6W42yf4,2913,,
2026-08-12,v1J7bERLirA,3263,,
2026-08-12,v9INdKeBJEI,42602,,
2026-08-12,vDzWHTMsp_Y,1739,,
2026-08-12,vHvpM9nSO3Q,4075,,
2026-08-12,vIAhcX4SppA,3206,,
2026-08-12,vKYW7MTBAFg,10138,,
2026-08-12,vM5V9hoDKnQ,8993,,
2026-08-12,vQI78T3g4Gg,6241,,
2026-08-12,vUEmbLAxZ0Y,1103,,
2026-08-12,vWTTG9XlMoY,13693,,
2026-08-12,v_JJzLJ0eRw,4761,,
2026-08-12,vmSPrsKC8i8,51451,,
2026-08-12,vqsoh8y6xa8,5555,,
2026-08-12,vuvK_DUcqCk,7907,,
2026-08-12,vy88MX2ss_g,7489,,
2026-08-12,vyg196YvsgE,1042,,
2026-08-12,w3HciqK70s4,1665,,
2026-08-12,w68xGF_YIgU,25346,,
2026-08-12,w6b2AkddE8Y,2654,,
2026-08-12,w9kpcvkWngA,6658,,
2026-08-12,wBWXzI7uJYo,3707,,
2026-08-12,wGDSdaXZj00,45218,,
2026-08-12,wHcblaGXua8,10211,,
2026-08-12,wLB8pR4uME0,2782,,
2026-08-12,wSEMUoR4FS4,1497,,
2026-08-12,wSnq-Unha34,174950,,
2026-08-12,wX47G7oi_Z4,1963,,
2026-08-12,wg1R2_G_LEc,6386,,
2026-08-12,wnahjxPk5rk,2296,,
2026-08-12,wpHm4ARAChc,22017,,
2026-08-12,wpWCpGTZE2A,1913,,
2026-08-12,wuZgRtutoHQ,8212,,
2026-08-12,wutJAXwvMqo,9356,,
2026-08-12,wwtaQ_PNx1M,2970,,
2026-08-12,wxWz6zDC2wo,1498,,
2026-08-12,wzSn1b5XXtk,1899,,
2026-08-12,x3gjYoDR5tA,2635,,
2026-08-12,x5fPiJUOMk0,3898,,
2026-08-12,xGMFiacVSrk,5056,,
2026-08-12,xMbY5fkmK0A,3563,,
2026-08-12,xQKEy65zAso,64712,,
2026-08-12,xTpYdSgeWPc,1181,,
2026-08-12,x_KffjhARa0,2802,,
2026-08-12,xe6w3VmUf5I,6105,,
2026-08-12,xs2J2KW1q8Q,8489,,
2026-08-12,xvdkNKQAbJ8,1837,,
2026-08-12,xwLoo8ThKHI,860,,
2026-08-12,xxC2s5JBYZM,332,,
2026-08-12,xya7ZlFJ-x8,2275,,
2026-08-12,y3rXMXG_UF8,3788,,
2026-08-12,y4Yqheg9DuY,15603,,
2026-08-12,y6T5kX1L0aw,1629,,
2026-08-12,y76fsYJCAO0,1649,,
2026-08-12,y8mTWAs2PPw,3184,,
2026-08-12,yF9W5KZ4lfs,6523,,
2026-08-12,yGc4NnBE6nY,4952,,
2026-08-12,yJTEsQi0G98,1693,,
2026-08-12,yKCrM_XkKaY,15600,,
2026-08-12,yKIM1UxtbpU,2073,,
2026-08-12,yPh9jEw5_Lw,2842,,
2026-08-12,ySg8CEjxwwo,5823,,
2026-08-12,yUQ4NYv_io0,3472,,
2026-08-12,yXWhKEoL3QU,3986,,
2026-08-12,yo-Wdxc6ng0,3510,,
2026-08-12,yrJ1mvA6eIM,10173,,
2026-08-12,yrcwoFLtS5Y,7458,,
2026-08-12,ytt9pEb78FA,5040,,
2026-08-12,z-n_vz4gFRw,14498,,
2026-08-12,z0A-aCcVXSA,3098,,
2026-08-12,z2SU31i7Uo4,9428,,
2026-08-12,z8MJYHsQh5c,16947,,
2026-08-12,zCk1p-hPBCs,158,,
2026-08-12,zDtacZ_qT0Y,12168,,
2026-08-12,zI6L_SkYqkU,1257,,
2026-08-12,zLgpLCYCbyA,2576,,
2026-08-12,zSvZdF7CBjU,6309,,
2026-08-12,zVMIZRDSvCc,1769,,
2026-08-12,zXbAf49C9vE,6444,,
2026-08-12,zceKtRTdgSo,13940,,
2026-08-12,zjYgzIlRmOk,7123,,
2026-08-12,zksWnpcM05I,4315,,
2026-08-12,zpX-Xs1a9MY,3143,,
2026-08-12,zrRTPvOBEnU,2832,,
2026-08-12,zsRQcswYx8w,2837,,
2026-08-12,zsYZHcSRvB8,25540,,
2026-08-12,zsaXdCEuYsY,2263,,
2026-08-12,zufjmNpcSlg,1613,,
2026-08-12,zvjhIylspTc,10175,,
2026-08-12,zx1Xu1eI_UM,2170,,
2026-08-12,zxwGfKCo6as,4766,,
2026-08-12,zyY2aRVZMp4,1267,,
2026-08-12,zzWIE6Sg_E0,22454,,
2026-08-13,0PBCtb7Va-c,6888,,
2026-08-13,4n4yKMederk,8344,,
2026-08-13,9rJgQmuc2SM,6506,,
2026-08-13,F5WCr1Md6mk,2134,,
2026-08-13,GME--_-r_lU,3331,,
2026-08-13,IM0HdpgIDq8,12288,,
2026-08-13,JJ0wEMAa0Qg,7373,,
2026-08-13,JpctKDg71Pg,1177,,
2026-08-13,NEahGL5R0HI,11317,,
2026-08-13,NJXuNpJ26us,3459,,
2026-08-13,aEQu0cO-iG8,2193,,
2026-08-13,aVKjY_uB3tA,2761,,
2026-08-13,ccZaP6LEaLI,9721,,
2026-08-13,fwJag8kazvc,1001,,
2026-08-13,gAlQprevPh0,3141,,
2026-08-13,hJ3DwYLFjcY,3885,,
2026-08-13,hVVP3uqEbXg,6637,,
2026-08-13,mOqGGh-ot08,13040,,
2026-08-13,pCghepSi0M8,14041,,
2026-08-13,ppIXkOvS4WI,4561,,
2026-08-13,r6_PIKzQJ8Q,2914,,
2026-08-13,roO2HBjdtQw,5302,,
2026-08-13,sl11WONqgaQ,3722,,
2026-08-13,uNX13pgpGBU,5383,,
2026-08-13,xGMFiacVSrk,5066,,
2026-08-13,yJTEsQi0G98,1693,,
2026-08-13,zXbAf49C9vE,6472,,
2026-08-13,zx1Xu1eI_UM,2172,,
2026-08-14,-Fkj0aK2dO8,5977,,
2026-08-14,0PBCtb7Va-c,6899,,
2026-08-14,4n4yKMederk,8364,,
2026-08-14,7sRKccOoPbY,9094,,
2026-08-14,9rJgQmuc2SM,6522,,
2026-08-14,Ati51CQqpKY,6089,,
2026-08-14,F5WCr1Md6mk,2136,,
2026-08-14,GME--_-r_lU,3336,,
2026-08-14,I6nU9HD6GVk,800,,
2026-08-14,IM0HdpgIDq8,12309,,
2026-08-14,JJ0wEMAa0Qg,7424,,
2026-08-14,JpctKDg71Pg,1203,,
2026-08-14,KNwEQXDv5XM,8495,,
2026-08-14,Kh_0ICA5cfg,6233,,
2026-08-14,MOmBOx1LEJU,47002,,
2026-08-14,NEahGL5R0HI,11383,,
2026-08-14,NJXuNpJ26us,3462,,
2026-08-14,QQh0twun7tg,48465,,
2026-08-14,U9sNqbVd1L8,4469,,
2026-08-14,_ALc4VJkpjA,13361,,
2026-08-14,aEQu0cO-iG8,2239,,
2026-08-14,aVKjY_uB3tA,2772,,
2026-08-14,cMFi9XkhDDQ,2614,,
2026-08-14,ccZaP6LEaLI,9735,,
2026-08-14,eokbRB_Y2CU,4606,,
2026-08-14,f1eFQJocAow,7764,,
2026-08-14,fwJag8kazvc,1047,,
2026-08-14,gAlQprevPh0,3143,,
2026-08-14,hJ3DwYLFjcY,3900,,
2026-08-14,hVVP3uqEbXg,6973,,
2026-08-14,mOqGGh-ot08,13049,,
2026-08-14,nqQ_uK7yUBw,2216,,
2026-08-14,p-Ig77st4KY,8864,,
2026-08-14,pCghepSi0M8,14332,,
2026-08-14,pTqxjQV_PYU,9714,,
2026-08-14,pj41DZonKFU,5894,,
2026-08-14,ppIXkOvS4WI,4571,,
2026-08-14,r6_PIKzQJ8Q,2943,,
2026-08-14,roO2HBjdtQw,5323,,
2026-08-14,sl11WONqgaQ,3726,,
2026-08-14,uNX13pgpGBU,5393,,
2026-08-14,xGMFiacVSrk,5076,,
2026-08-14,yJTEsQi0G98,1693,,
2026-08-14,zXbAf49C9vE,6490,,
2026-08-14,zx1Xu1eI_UM,2172,,
2026-08-15,0PBCtb7Va-c,6908,,
2026-08-15,4n4yKMederk,8380,,
2026-08-15,9rJgQmuc2SM,6539,,
2026-08-15,F5WCr1Md6mk,2136,,
2026-08-15,GME--_-r_lU,3341,,
2026-08-15,I6nU9HD6GVk,823,,
2026-08-15,IM0HdpgIDq8,12323,,
2026-08-15,JJ0wEMAa0Qg,7450,,
2026-08-15,JpctKDg71Pg,1215,,
2026-08-15,NEahGL5R0HI,11434,,
2026-08-15,NJXuNpJ26us,3466,,
2026-08-15,aEQu0cO-iG8,2268,,
2026-08-15,aVKjY_uB3tA,2785,,
2026-08-15,ccZaP6LEaLI,9752,,
2026-08-15,fwJag8kazvc,1080,,
2026-08-15,gAlQprevPh0,3144,,
2026-08-15,hJ3DwYLFjcY,3900,,
2026-08-15,hVVP3uqEbXg,7165,,
2026-08-15,mOqGGh-ot08,13063,,
2026-08-15,nqQ_uK7yUBw,2534,,
2026-08-15,pCghepSi0M8,14483,,
2026-08-15,ppIXkOvS4WI,4576,,
2026-08-15,r6_PIKzQJ8Q,2965,,
2026-08-15,roO2HBjdtQw,5345,,
2026-08-15,uNX13pgpGBU,5406,,
2026-08-15,xGMFiacVSrk,5083,,
2026-08-15,yJTEsQi0G98,1694,,
2026-08-15,zXbAf49C9vE,6502,,
2026-08-15,zx1Xu1eI_UM,2174,,
2026-08-16,0PBCtb7Va-c,6918,,
2026-08-16,4n4yKMederk,8399,,
2026-08-16,9rJgQmuc2SM,6565,,
2026-08-16,F5WCr1Md6mk,2138,,
2026-08-16,GME--_-r_lU,3350,,
2026-08-16,I6nU9HD6GVk,843,,
2026-08-16,IM0HdpgIDq8,12336,,
2026-08-16,JJ0wEMAa0Qg,7470,,
2026-08-16,JpctKDg71Pg,1241,,
2026-08-16,NEahGL5R0HI,11489,,
2026-08-16,NJXuNpJ26us,3470,,
2026-08-16,aEQu0cO-iG8,2302,,
2026-08-16,aVKjY_uB3tA,2797,,
2026-08-16,ccZaP6LEaLI,9764,,
2026-08-16,fwJag8kazvc,1104,,
2026-08-16,gAlQprevPh0,3147,,
2026-08-16,hJ3DwYLFjcY,3904,,
2026-08-16,hVVP3uqEbXg,7283,,
2026-08-16,mOqGGh-ot08,13083,,
2026-08-16,nqQ_uK7yUBw,2673,,
2026-08-16,pCghepSi0M8,14666,,
2026-08-16,ppIXkOvS4WI,4582,,
2026-08-16,r6_PIKzQJ8Q,3003,,
2026-08-16,roO2HBjdtQw,5361,,
2026-08-16,uNX13pgpGBU,5420,,
2026-08-16,xGMFiacVSrk,5087,,
2026-08-16,yJTEsQi0G98,1699,,
2026-08-16,zXbAf49C9vE,6511,,
2026-08-16,zx1Xu1eI_UM,2176,,
2026-08-17,0PBCtb7Va-c,6933,,
2026-08-17,0c5PF6WpL7o,677,,
2026-08-17,3A0Gwb7nmw8,2867,,
2026-08-17,4n4yKMederk,8446,,
2026-08-17,5b4RSDrkc8I,4748,,
2026-08-17,9rJgQmuc2SM,6589,,
2026-08-17,ClAz_Etby1k,3743,,
2026-08-17,F5WCr1Md6mk,2139,,
2026-08-17,GME--_-r_lU,3370,,
2026-08-17,I6nU9HD6GVk,859,,
2026-08-17,IM0HdpgIDq8,12348,,
2026-08-17,JJ0wEMAa0Qg,7504,,
2026-08-17,JpctKDg71Pg,1249,,
2026-08-17,N9CZswDtnCA,3619,,
2026-08-17,NEahGL5R0HI,11563,,
2026-08-17,NJXuNpJ26us,3482,,
2026-08-17,Nhb3_wu7Ddk,13995,,
2026-08-17,Pg0oIg89uDQ,2572,,
2026-08-17,PmY9rmZK_oM,2068,,
2026-08-17,UVkQsLv7n2s,2412,,
2026-08-17,UxyCkiufJyg,3502,,
2026-08-17,WUchEyRFIxw,4054,,
2026-08-17,aEQu0cO-iG8,2319,,
2026-08-17,aVKjY_uB3tA,2813,,
2026-08-17,ccZaP6LEaLI,9775,,
2026-08-17,dA0DwmLmQ9s,7170,,
2026-08-17,fwJag8kazvc,1116,,
2026-08-17,gAlQprevPh0,3154,,
2026-08-17,hJ3DwYLFjcY,3905,,
2026-08-17,hVVP3uqEbXg,7427,,
2026-08-17,iY0az_GdCiI,6040,,
2026-08-17,mOqGGh-ot08,13101,,
2026-08-17,nqQ_uK7yUBw,2743,,
2026-08-17,pCghepSi0M8,14813,,
2026-08-17,ppIXkOvS4WI,4593,,
2026-08-17,r6_PIKzQJ8Q,3024,,
2026-08-17,roO2HBjdtQw,5392,,
2026-08-17,svTgRSTyypU,30449,,
2026-08-17,uNX13pgpGBU,5439,,
2026-08-17,xGMFiacVSrk,5093,,
2026-08-17,xZIOdejjTlg,3038,,
2026-08-17,yJTEsQi0G98,1702,,
2026-08-17,yeBCQurwTAM,4038,,
2026-08-17,zXbAf49C9vE,6541,,
2026-08-17,zx1Xu1eI_UM,2177,,
2026-08-18,0PBCtb7Va-c,6942,,
2026-08-18,0c5PF6WpL7o,733,,
2026-08-18,4n4yKMederk,8473,,
2026-08-18,9rJgQmuc2SM,6606,,
2026-08-18,F5WCr1Md6mk,2139,,
2026-08-18,GME--_-r_lU,3377,,
2026-08-18,I6nU9HD6GVk,869,,
2026-08-18,IM0HdpgIDq8,12360,,
2026-08-18,JJ0wEMAa0Qg,7533,,
2026-08-18,JpctKDg71Pg,1257,,
2026-08-18,NEahGL5R0HI,11610,,
2026-08-18,NJXuNpJ26us,3486,,
2026-08-18,Pg0oIg89uDQ,3524,,
2026-08-18,SoVnrdQ7b_s,5182,,
2026-08-18,aEQu0cO-iG8,2335,,
2026-08-18,aVKjY_uB3tA,2821,,
2026-08-18,ccZaP6LEaLI,9790,,
2026-08-18,fwJag8kazvc,1129,,
2026-08-18,gAlQprevPh0,3154,,
2026-08-18,hJ3DwYLFjcY,3905,,
2026-08-18,hVVP3uqEbXg,7506,,
2026-08-18,mOqGGh-ot08,13113,,
2026-08-18,nqQ_uK7yUBw,2803,,
2026-08-18,pCghepSi0M8,14885,,
2026-08-18,ppIXkOvS4WI,4597,,
2026-08-18,r6_PIKzQJ8Q,3045,,
2026-08-18,roO2HBjdtQw,5406,,
2026-08-18,uNX13pgpGBU,5457,,
2026-08-18,xGMFiacVSrk,5104,,
2026-08-18,yJTEsQi0G98,1703,,
2026-08-18,zXbAf49C9vE,6557,,
2026-08-19,--eCZ5KJphU,1985,,
2026-08-19,-27X7n7IstM,6876,,
2026-08-19,-3dLSMzi38k,5114,,
2026-08-19,-FJcDEQ2CB0,14479,,
2026-08-19,-GYR8m5pqkI,10763,,
2026-08-19,-SxNX1_ipZ0,4535,,
2026-08-19,-WID9zHoKhE,372,,
2026-08-19,-pXsceBZ-uI,1965,,
2026-08-19,01F_B8RaurQ,364,,
2026-08-19,0A3d0lovA9c,3052,,
2026-08-19,0BvJ_8VSpAQ,20098,,
2026-08-19,0JFuxpSFiLo,21232,,
2026-08-19,0Mur3o4gJn4,5887,,
2026-08-19,0PBCtb7Va-c,6950,,
2026-08-19,0U0-9stDv2w,6844,,
2026-08-19,0YdWcjA5acg,8299,,
2026-08-19,0_I4PHJ-miw,21718,,
2026-08-19,0c5PF6WpL7o,786,,
2026-08-19,0dqRFbgCuVg,6666,,
2026-08-19,0irTZK6Z_YI,992,,
2026-08-19,0jvB7_mRdVk,1556,,
2026-08-19,0luCN1MyFX8,11197,,
2026-08-19,0nv1NY1lx_E,5372,,
2026-08-19,0t_oTJZ6Irs,6811,,
2026-08-19,13jLs1WwfTY,4833,,
2026-08-19,14FLm6zvvlM,3322,,
2026-08-19,1APEiSZz2zM,323,,
2026-08-19,1M5hO5Iz4hQ,11686,,
2026-08-19,1WejSH57PSA,555,,
2026-08-19,1_CE104JHi8,4500,,
2026-08-19,1fn9RPaSFvM,4209,,
2026-08-19,1gAj8idUtrk,13016,,
2026-08-19,1k6Bzkiw48o,11021,,
2026-08-19,1qYWYaGdxt4,1443,,
2026-08-19,1uRRhugMzlE,4425,,
2026-08-19,1vJB1yOPOf0,7456,,
2026-08-19,1yK9VWnQpx4,22136,,
2026-08-19,24Ib0j0xDxE,15989,,
2026-08-19,2CnmP8lvGE4,6356,,
2026-08-19,2JqFe4tSOyk,10294,,
2026-08-19,2OdJHlmdu3A,3441,,
2026-08-19,2WaFFWc3lno,6217,,
2026-08-19,2bY_4Ut49J8,4112,,
2026-08-19,2l0-duQwSfI,5397,,
2026-08-19,2lZK2lUb6ew,10689,,
2026-08-19,2qLT-wnFaP0,7939,,
2026-08-19,2qZb4PtGQUg,3244,,
2026-08-19,2qron8l5-WA,2937,,
2026-08-19,2vAcCPS9-YE,3142,,
2026-08-19,3BNqAqRukts,17723,,
2026-08-19,3Cm_qVj04z0,339,,
2026-08-19,3DNRCakknE0,4692,,
2026-08-19,3HUs08W6-8o,15906,,
2026-08-19,3KJwgGv_hq0,4081,,
2026-08-19,3Nh8y-oesJ0,7992,,
2026-08-19,3gPoLb5rT70,16958,,
2026-08-19,3iUH-OYuGIo,235,,
2026-08-19,3jZh-NYS564,6903,,
2026-08-19,3nGph8PX2-Q,3534,,
2026-08-19,3xtwXWyEfhk,1800,,
2026-08-19,49KORRES2ks,2322,,
2026-08-19,4Q1Xe92xmwI,9698,,
2026-08-19,4VN65sXHXSU,5805,,
2026-08-19,4WHM_GRby90,5856,,
2026-08-19,4aUWIhJE2n4,3660,,
2026-08-19,4b4THjNuDW0,607,,
2026-08-19,4n-UnjzY3B0,254,,
2026-08-19,4n4yKMederk,8493,,
2026-08-19,4qtFClwSzc8,1467,,
2026-08-19,4r4Fv5i5zCI,7225,,
2026-08-19,4tli9Q4KZ3w,3251,,
2026-08-19,4vHxpaifn9w,25366,,
2026-08-19,4zfnW56TcvY,3021,,
2026-08-19,5I2-cQ7oa10,3644,,
2026-08-19,5MHf5WPH1v4,4473,,
2026-08-19,5R6l50LDlV4,3591,,
2026-08-19,5kFO9eUjRPk,13034,,
2026-08-19,5sVEspUzpGY,3815,,
2026-08-19,5t3KYPZKUe4,10814,,
2026-08-19,615ClJ5oqkw,1222,,
2026-08-19,62v6RgdBly0,2421,,
2026-08-19,69_RI4iZxuQ,6559,,
2026-08-19,6BegJIenaBE,9875,,
2026-08-19,6Bmjis1ofzE,6187,,
2026-08-19,6SV0Lm47pvY,2478,,
2026-08-19,6TcR8BFdyJM,2932,,
2026-08-19,6VUBa5NSLU8,976,,
2026-08-19,6Xmd08nL2G4,4768,,
2026-08-19,6d8jMrgjDuE,3262,,
2026-08-19,6iCAxQUz4aQ,5850,,
2026-08-19,6l3bIPltt3A,6993,,
2026-08-19,6ob9UwPviJA,5122,,
2026-08-19,6tcSoXsMs9c,6199,,
2026-08-19,6vhfb7LUUYc,3612,,
2026-08-19,6zLWdLXiJC8,14048,,
2026-08-19,73a6CtNTac4,10204,,
2026-08-19,7BXf6nTyiCQ,3902,,
2026-08-19,7BkLmVdcaJw,6465,,
2026-08-19,7EgU3ReHrIc,1266,,
2026-08-19,7FZrM9iMsCM,6366,,
2026-08-19,7IZ5eCJ3Vqc,2466,,
2026-08-19,7NZvpCqH7eA,2781,,
2026-08-19,7NbPwroPQ80,3051,,
2026-08-19,7Odyxk-S9f0,53477,,
2026-08-19,7PSt_Gouh6g,2820,,
2026-08-19,7cpCkvLwQsI,2117,,
2026-08-19,7dlhZLngdvM,8870,,
2026-08-19,7m_UlzkGLlA,35762,,
2026-08-19,7tKbMZqzLks,2870,,
2026-08-19,7ufObjxCBKI,14468,,
2026-08-19,7wuBlcFsfvc,4390,,
2026-08-19,7zHiFWEJfZY,8813,,
2026-08-19,87Vb6sa1KcY,1460,,
2026-08-19,8OPlCKgcSO8,6461,,
2026-08-19,8T1Pe58GJpw,4306,,
2026-08-19,8UOwBfCgZn8,1054,,
2026-08-19,8UWpsEyQwCU,4007,,
2026-08-19,8_fxIwJi8eI,12648,,
2026-08-19,8fwEHUkKTFc,1251,,
2026-08-19,8hbiWsIlhQ0,1287,,
2026-08-19,8pRl03u-hjI,7995,,
2026-08-19,8r9S_xIzqLk,4083,,
2026-08-19,8tmQ6wySUSI,4625,,
2026-08-19,900BOlBTFNg,36403,,
2026-08-19,99bQhxWPWuo,9256,,
2026-08-19,9BmwbWSPXwY,4784,,
2026-08-19,9Fhr7gYQPBM,1461,,
2026-08-19,9O3XYd0F6VI,11434,,
2026-08-19,9Ot1RhssfL0,773,,
2026-08-19,9TvuNO-fnXM,16285,,
2026-08-19,9_6yRxY8iiY,9909,,
2026-08-19,9cZh_IuGMyM,384,,
2026-08-19,9dFDeUNHViY,9367,,
2026-08-19,9gFQ9rFMKEA,39301,,
2026-08-19,9h2v-rVmwEA,8711,,
2026-08-19,9hOkPAYmpPM,6676,,
2026-08-19,9hgzA60ZGZg,5522,,
2026-08-19,9rJgQmuc2SM,6629,,
2026-08-19,9rVcXaVHCXw,2627,,
2026-08-19,9wgzzLCatp8,854,,
2026-08-19,9yg2AIYdu6E,1740,,
2026-08-19,A4wr-iI2hJU,21480,,
2026-08-19,A5ojgoN39Lc,6392,,
2026-08-19,A9RXB8YTc6Y,12854,,
2026-08-19,ADwtKtLtE8Q,2016,,
2026-08-19,AKDQisHl8Ek,3922,,
2026-08-19,AKJRVoJu_Q4,7488,,
2026-08-19,ANYrzwn5h_M,4668,,
2026-08-19,AO1WNfgIgiE,8585,,
2026-08-19,ASSnCNI-KlM,1266,,
2026-08-19,AU7Z9h1x1Ys,698,,
2026-08-19,AUG114ir5eQ,1241,,
2026-08-19,AUxR3aTc3ng,1510,,
2026-08-19,AaCd4amsV0U,2034,,
2026-08-19,Ac6AOC9yxJE,4332,,
2026-08-19,AcR00ZHbVKU,7548,,
2026-08-19,AgcnylfczPE,10649,,
2026-08-19,AmYVHRf2Aq8,8672,,
2026-08-19,Ao4VRNX_h4A,12196,,
2026-08-19,Aq3emUbqTbA,803,,
2026-08-19,B0IPEMdrCRA,3042,,
2026-08-19,B5xTJMahaK4,2529,,
2026-08-19,B9FbWxNdJPY,19323,,
2026-08-19,B9zmRMY6ISI,2725,,
2026-08-19,BNze82M59-E,7039,,
2026-08-19,BSum-2t0a28,4656,,
2026-08-19,B_OF2TYLnQw,6348,,
2026-08-19,B_rcAwySccg,3542,,
2026-08-19,BdCpg8-TlGg,3555,,
2026-08-19,BfLT1TlZInE,20088,,
2026-08-19,BfjZU1zyiOc,1883,,
2026-08-19,BkAhos9qrLQ,2136,,
2026-08-19,BsWIaYs09vc,6063,,
2026-08-19,BskXYIlyNzA,5982,,
2026-08-19,C5ETgNOq1gQ,14444,,
2026-08-19,C5Rh96Gz8yg,6973,,
2026-08-19,C9AMwVwgVPo,3043,,
2026-08-19,C9FJCiew0s8,4058,,
2026-08-19,CD6KcQMdzfc,2834,,
2026-08-19,CEF9v_JMVe8,7247,,
2026-08-19,CJkJWnPzguM,21581,,
2026-08-19,CKAGWlmyXbA,8926,,
2026-08-19,CMh4ttABaiE,1224,,
2026-08-19,CSTFP0gKnd8,5333,,
2026-08-19,CUpAWj1wVbU,24803,,
2026-08-19,CVFIzDp5iio,11279,,
2026-08-19,CYn4JoQTD1I,672,,
2026-08-19,CYvruxt8Ocw,5360,,
2026-08-19,CgzCQr9ilsw,388,,
2026-08-19,ChKL1KyjlZ4,5239,,
2026-08-19,CkghB9G4vOo,215,,
2026-08-19,Cpa04rQyl18,8545,,
2026-08-19,CufCJMTTKHk,1636,,
2026-08-19,Cy2qJ0Win1I,4423,,
2026-08-19,D-dgFUvl7YA,7924,,
2026-08-19,D4p6nv2t2FA,245,,
2026-08-19,D50nmITTLp8,1808,,
2026-08-19,DAuagmdRSOE,10868,,
2026-08-19,DBkInEbzPk0,2743,,
2026-08-19,DDd5prelU6A,8993,,
2026-08-19,DDiDtP-uOqU,2275,,
2026-08-19,DI-Oxm-J0W0,5579,,
2026-08-19,DIv0FHIZiko,3484,,
2026-08-19,DNsUjaDT3AQ,4170,,
2026-08-19,DPEZ-FtI4UI,8411,,
2026-08-19,DPz-ktdaHII,450,,
2026-08-19,DS_neiUmgrA,2717,,
2026-08-19,DY9enl751Hk,9121,,
2026-08-19,Dcu_IubxG8I,4975,,
2026-08-19,Df9q7HerAA4,4969,,
2026-08-19,DiLjnRqx0xo,3855,,
2026-08-19,DnXALAe3BtY,1598,,
2026-08-19,DohrPYUe11o,1538,,
2026-08-19,DouSkzKX7NE,6507,,
2026-08-19,Drqehd-O2ak,3707,,
2026-08-19,DxUH69hEi9k,453,,
2026-08-19,E6ac_QwimUk,3711,,
2026-08-19,EFc5_Nct8wE,4547,,
2026-08-19,EIKIx9Xpl7c,2745,,
2026-08-19,E_DqVHrHIxM,7903,,
2026-08-19,EckbfLRDGjE,1692,,
2026-08-19,EkKqSnrdG7U,2687,,
2026-08-19,Ezrw0VHCy7w,280,,
2026-08-19,F1hpeZ_T-ww,2766,,
2026-08-19,F5WCr1Md6mk,2140,,
2026-08-19,F5y8-ztKpCM,3816,,
2026-08-19,F8PMKa1dz9g,734,,
2026-08-19,FAIITnGT4wo,4895,,
2026-08-19,FAfQTG-v0Cs,3255,,
2026-08-19,FEqKnaBExZU,9406,,
2026-08-19,FG5G2G-XjhE,14644,,
2026-08-19,FIEy7T-kMmQ,1917,,
2026-08-19,FKbiHBctwwA,3891,,
2026-08-19,FNVB3Ndlrw8,431,,
2026-08-19,FSFC8O9LxRU,2494,,
2026-08-19,FYtl1LolxwQ,10150,,
2026-08-19,Fa8jGX5mvj4,3132,,
2026-08-19,FfCJfpHXt8c,4065,,
2026-08-19,FgTt2XD_ryA,13678,,
2026-08-19,FkK2Rp5xEIc,11045,,
2026-08-19,FlGf6zZGtkk,5286,,
2026-08-19,FlbiS6qn6oE,2733,,
2026-08-19,Fs8L9V90RDk,7853,,
2026-08-19,FsemZttxTN8,5635,,
2026-08-19,G2COlj5SS54,7973,,
2026-08-19,G76WtaecxB4,1196,,
2026-08-19,G9YcpN4TAZw,5183,,
2026-08-19,GEZg76Swgc8,427,,
2026-08-19,GJRAN3_x8U4,3577,,
2026-08-19,GME--_-r_lU,3385,,
2026-08-19,GTD7cyckPnA,271,,
2026-08-19,GYD-rQNG-rI,8916,,
2026-08-19,Gdybpz4wjgY,331,,
2026-08-19,GgtIBQCZxkQ,5296,,
2026-08-19,Gjf4AsYGwU8,11232,,
2026-08-19,GqAXRVF_edY,4103,,
2026-08-19,GqRwtWVepYw,9020,,
2026-08-19,GqWbo7Uo8Ec,5739,,
2026-08-19,Gs03wWJ6vFc,936,,
2026-08-19,Gx6Z5Aj875s,6692,,
2026-08-19,H-jiaEptrx0,4335,,
2026-08-19,H3JH96ZJWzM,787,,
2026-08-19,H5yOaNKxZ-4,21225,,
2026-08-19,H97Ldv1IXtw,17998,,
2026-08-19,HBhaj0_Zm34,4478,,
2026-08-19,HDN25GTdn40,3934,,
2026-08-19,HRQ4Ibbkkco,2269,,
2026-08-19,HUbRq3GR8SI,5003,,
2026-08-19,HbNx1HcTEk4,21901,,
2026-08-19,HlwfZ6atyLw,1900,,
2026-08-19,Hsv6dNsEO40,11000,,
2026-08-19,HvQpYQlLGzg,3868,,
2026-08-19,Hwi-jokx7aI,2688,,
2026-08-19,I-S-0EO3-FA,2880,,
2026-08-19,I1sccj6fjQs,3720,,
2026-08-19,I3T6O4ez75M,4055,,
2026-08-19,I66Prbdjcn0,3477,,
2026-08-19,I6nU9HD6GVk,878,,
2026-08-19,I70TmekxAXE,2643,,
2026-08-19,IAdR2JdoGr8,10215,,
2026-08-19,IB_3oFDAULc,11773,,
2026-08-19,IE6oyFF67A0,15610,,
2026-08-19,IEIg6U_krbY,9648,,
2026-08-19,IF966yryyqY,264,,
2026-08-19,IH591H86iFQ,7227,,
2026-08-19,IHsdTOEuG4g,8660,,
2026-08-19,IJdPXXMpYPk,806,,
2026-08-19,IKIrneFKwJY,622,,
2026-08-19,IM0HdpgIDq8,12371,,
2026-08-19,IQ3zeRLgnt4,3347,,
2026-08-19,IQQViyty9zM,2048,,
2026-08-19,ISKY2Bgz_c0,1225,,
2026-08-19,IXOacyfD7V4,13515,,
2026-08-19,IrGSyH2wlK0,1599,,
2026-08-19,IuZyLH50TMQ,23194,,
2026-08-19,Ix6NRPPJhd8,1204,,
2026-08-19,J-aiAO8-Czk,13097,,
2026-08-19,J1tRJRX44zc,2059,,
2026-08-19,JH6X6472Gdk,3416,,
2026-08-19,JJ0wEMAa0Qg,7564,,
2026-08-19,JNuRoWbolfs,6419,,
2026-08-19,Jep6zVwriOA,7047,,
2026-08-19,Jl2XOwlw5Z4,5581,,
2026-08-19,JpctKDg71Pg,1262,,
2026-08-19,JpfqYvUYNr8,2206,,
2026-08-19,Ju3_gwctpM8,16474,,
2026-08-19,Jyn59AgDf6o,7161,,
2026-08-19,JzsEVr4W5ng,11357,,
2026-08-19,K1YD12TDxwo,1710,,
2026-08-19,K2T8Cd4-ba8,699,,
2026-08-19,K4YFVRGWGEY,2846,,
2026-08-19,K8o_u0_iFJU,7763,,
2026-08-19,K9Asd1xasRc,795,,
2026-08-19,KEnYv8bMxXM,38995,,
2026-08-19,KLTqQaG2asM,4399,,
2026-08-19,KMTemVbHKS4,3433,,
2026-08-19,KNT1a6LakZI,4455,,
2026-08-19,KOF8EQ_YcOU,11987,,
2026-08-19,KOedI8Dr__Y,4518,,
2026-08-19,KTnAV2qb5CY,7956,,
2026-08-19,KVaKaf9FX5I,8378,,
2026-08-19,KXoxeoaSwOA,4377,,
2026-08-19,KiOKGmcOb_g,10279,,
2026-08-19,KlnSnb7YFEY,2685,,
2026-08-19,Kn5RCzQ9ufc,3758,,
2026-08-19,KqZv27fFQlQ,142491,,
2026-08-19,KrjMNWiU52A,16917,,
2026-08-19,KtjAJuKUbDM,15628,,
2026-08-19,L0KEJ_zq0Ak,10400,,
2026-08-19,L5c4VvuaU7w,18297,,
2026-08-19,LD8rxn2RFNE,4402,,
2026-08-19,LMbdAdrLzXg,4305,,
2026-08-19,LMryIj-gt9A,2054,,
2026-08-19,LNWGlnt3wF4,19611,,
2026-08-19,LRySNa5Y0No,5669,,
2026-08-19,LSGYVCqNEjc,4323,,
2026-08-19,LXW_Z8rp3bU,2230,,
2026-08-19,L_mpuGgHhfE,4724,,
2026-08-19,LadLiCQaAwQ,5216,,
2026-08-19,Lbrq5ramx-A,4560,,
2026-08-19,LdYe9MF1QMs,1959,,
2026-08-19,Li2lFki33xM,9272,,
2026-08-19,Lk6JhpGO69M,10283,,
2026-08-19,LmDOOPuqYG8,7720,,
2026-08-19,LpqnF4FROjg,365,,
2026-08-19,Lswdyl9nZtE,9664,,
2026-08-19,M61DCig7ZJY,6186,,
2026-08-19,MA41DUCQWfw,2533,,
2026-08-19,MM879hqJf1U,17854,,
2026-08-19,MRxgJpEyabo,4997,,
2026-08-19,MVWyRSiH4uQ,2625,,
2026-08-19,MWkhT5GG75k,6900,,
2026-08-19,MhZ5AKwboh0,9928,,
2026-08-19,MsxCeW9nTb0,3356,,
2026-08-19,Mtqdsr2BC_A,5611,,
2026-08-19,MvMstvlNNzQ,403,,
2026-08-19,MxDzq8aLzTo,794,,
2026-08-19,N0_ptJC7W48,3805,,
2026-08-19,N54m3zy-uzk,3433,,
2026-08-19,N6qK7AUqn54,10843,,
2026-08-19,NELsP8DaEa8,9831,,
2026-08-19,NEahGL5R0HI,11645,,
2026-08-19,NHGisiXq7eg,7810,,
2026-08-19,NJXuNpJ26us,3496,,
2026-08-19,NJelRHbyeWw,7636,,
2026-08-19,NRlM9dhgPTg,4345,,
2026-08-19,NWOjsRjPomI,2751,,
2026-08-19,NX-1jJ1PuxY,7924,,
2026-08-19,Nc1nItUxpQQ,8177,,
2026-08-19,Nh7jDVmtg0I,1468,,
2026-08-19,NvFqtHcCCXs,3559,,
2026-08-19,Nz2xOcIryF4,9287,,
2026-08-19,O14qr6DPo4Q,7420,,
2026-08-19,O1awyI-zPJs,15224,,
2026-08-19,OD8Jm9Yk0WY,22026,,
2026-08-19,OH7Rlrq71To,35007,,
2026-08-19,OHt_00p2dmY,5722,,
2026-08-19,OLPoLPMdW_g,2157,,
2026-08-19,OVHP92ag6d4,4164,,
2026-08-19,OYxpHMuv29k,8842,,
2026-08-19,O_7ZySSl0mk,4146,,
2026-08-19,OcgJZnE1a6o,771,,
2026-08-19,Ocp1_PPM4sI,23842,,
2026-08-19,OddgScxecfA,6906,,
2026-08-19,Om4MsEtTrnw,1460,,
2026-08-19,OsN0NNVuu7o,21935,,
2026-08-19,Ou7NGOVJ8Pc,3220,,
2026-08-19,OwK8r2uyqHU,6890,,
2026-08-19,P5dvh5HrHaE,8105,,
2026-08-19,P6a8zyHf7YY,965,,
2026-08-19,P7i-qgVG7c4,1802,,
2026-08-19,PLFNoideC9s,11980,,
2026-08-19,PM4DofLA2g0,745,,
2026-08-19,PUTrIDHNxQs,2439,,
2026-08-19,PdO8UebbbSA,1660,,
2026-08-19,Pg0oIg89uDQ,3942,,
2026-08-19,PgvLUj9yWDQ,696,,
2026-08-19,Pk77G5OfECU,5102,,
2026-08-19,PkjXvpbR1q8,9421,,
2026-08-19,Pt8zI30MFm8,7051,,
2026-08-19,PtL2ZgPSF5o,14499,,
2026-08-19,Pwf2T_cntdg,20925,,
2026-08-19,PxyjUIyE5YI,15885,,
2026-08-19,Q-dHeMod7T0,7425,,
2026-08-19,Q1zf4SC-AvQ,2864,,
2026-08-19,QLdp2ZNFM_s,5327,,
2026-08-19,QUNzVqhLUBw,2643,,
2026-08-19,QVi7Ze1DEz4,5612,,
2026-08-19,QY2ox96a1zA,5996,,
2026-08-19,QeCKLvz2tIM,5832,,
2026-08-19,QhRPaWYjWYc,4093,,
2026-08-19,Qrag4Jg-veo,3891,,
2026-08-19,R1S8PFUsVWg,5548,,
2026-08-19,R4hO35nd_OI,6594,,
2026-08-19,R6Ukz91VIAY,1187,,
2026-08-19,R7utAmGPE_M,636,,
2026-08-19,RO6gVW9tdbY,1596,,
2026-08-19,ROV6ce9dkfI,4226,,
2026-08-19,RUy1hElRuUQ,5222,,
2026-08-19,RVWlgBZt6h8,5017,,
2026-08-19,RXEipSzDgtc,22078,,
2026-08-19,Rb2-RE864YY,10779,,
2026-08-19,RdvRwihvUUM,3929,,
2026-08-19,RgeVF0tu6ng,898,,
2026-08-19,RhUoPPchFBU,490,,
2026-08-19,RrVaJ5z_3mU,2992,,
2026-08-19,Rs5p0EuuTDw,9847,,
2026-08-19,Ry8PCL00Sjc,2023,,
2026-08-19,RyckAyrt7xQ,29868,,
2026-08-19,S0W7nQ2q3Kg,7708,,
2026-08-19,SB5QPpcWDXk,8698,,
2026-08-19,SCwP-bR498o,2595,,
2026-08-19,SGOEY0I_FQA,33642,,
2026-08-19,SHzg-IgnKuI,26796,,
2026-08-19,SKEcZIJKPzc,3533,,
2026-08-19,SOXoRwvxcv0,10860,,
2026-08-19,SQdrkq_hBzE,1894,,
2026-08-19,SW7PfbETFx8,2803,,
2026-08-19,SWoYNH7OMZI,1094,,
2026-08-19,SeWXiEIm9oI,1661,,
2026-08-19,Sf25ENrbQGM,1001,,
2026-08-19,ShJ_j2paClA,9272,,
2026-08-19,ShkacKGq5Vk,5444,,
2026-08-19,SkukxahhmRo,6894,,
2026-08-19,Sl5Fl_vOthI,3194,,
2026-08-19,Sl5sYEh_UoU,6208,,
2026-08-19,Sq3rkK6GhuE,245,,
2026-08-19,St5jhqEeasY,4552,,
2026-08-19,T2tuMBwhuKc,6982,,
2026-08-19,TDOWMduvE1o,3082,,
2026-08-19,TEqu2JH5dYc,916,,
2026-08-19,TMvgKj-2Z9k,1015,,
2026-08-19,TP7VDtErEvY,5423,,
2026-08-19,TS9rxa7-CXg,7163,,
2026-08-19,TV3fWx4rQh0,2354,,
2026-08-19,TWUoFcCtDhA,6577,,
2026-08-19,TXAe5nqafRY,1526,,
2026-08-19,T_jQIJSkjGo,7329,,
2026-08-19,TaY5NrLNABM,1335,,
2026-08-19,Tb4JB3eFPXw,5647,,
2026-08-19,Te57wukDp8g,4584,,
2026-08-19,TgJqTy_mCR4,7743,,
2026-08-19,Tj9CJM4ti2w,1739,,
2026-08-19,TqAy1jbJ9w8,8463,,
2026-08-19,TtCijTAgvPc,5103,,
2026-08-19,TvvDTvo-L74,7954,,
2026-08-19,TwfHRcdWHRg,4163,,
2026-08-19,U4zBHwf2MTw,1707,,
2026-08-19,UCaZFYzYm9k,6569,,
2026-08-19,UHGfFw-ZT98,3834,,
2026-08-19,UJOAvX_FD7o,251,,
2026-08-19,UKzsE2t00Jw,416,,
2026-08-19,UOOBf83nIco,37687,,
2026-08-19,UQIBN4D_qIs,2681,,
2026-08-19,UUUH5xnM-Mc,6165,,
2026-08-19,UVdc7kYPJEs,1081,,
2026-08-19,UZ3583GSSOo,3989,,
2026-08-19,UhuJQBAZv84,10474,,
2026-08-19,UiD0-skn904,813,,
2026-08-19,Ulotto-Re6w,4389,,
2026-08-19,UqLF2eIaDxg,7878,,
2026-08-19,V1jmHGrVs_k,9105,,
2026-08-19,V2d8qoEGyEU,232,,
2026-08-19,V3IHs2DwX0U,701,,
2026-08-19,V3nsGV2yOV8,2326,,
2026-08-19,V50CUypS7UM,2962,,
2026-08-19,V6AOpDTpCO4,5057,,
2026-08-19,V6Lm17-mfxA,4432,,
2026-08-19,V6d2Dc1l7BA,7155,,
2026-08-19,VKJLsmW95wc,3771,,
2026-08-19,VKMMVQtaDrM,11612,,
2026-08-19,VLJJ9zvdj2Y,5010,,
2026-08-19,VTOl1gAKo44,3222,,
2026-08-19,VTszds8Y7rU,8012,,
2026-08-19,Vb5gSRAHXCA,3877,,
2026-08-19,VlgtaUj_dho,4039,,
2026-08-19,VoU-7YGmoo0,1853,,
2026-08-19,VvVtNiE0bjA,4090,,
2026-08-19,VwTMGmXxghU,18981,,
2026-08-19,W3I8gwLv0Ro,2984,,
2026-08-19,W6U3fBgQoVg,1976,,
2026-08-19,WD7EzA2sbnI,2109,,
2026-08-19,WIP6ZDjQmww,9745,,
2026-08-19,WKMTSCW51fI,5225,,
2026-08-19,WNFEf_ZwNFw,436,,
2026-08-19,WNhZUBZ8tUc,44625,,
2026-08-19,WWIB8ZW1i6w,2932,,
2026-08-19,WYGsRorORyI,16766,,
2026-08-19,WjgW6u9Tde8,2009,,
2026-08-19,Wu4lafiHjh0,7534,,
2026-08-19,WvVMuiXrqcI,7493,,
2026-08-19,X22UHszz5Dg,4437,,
2026-08-19,X5L0LaarTLg,10645,,
2026-08-19,XAQ_GYsV52A,10060,,
2026-08-19,XEqxbZoaqUw,5168,,
2026-08-19,XIhM9oLObuU,2580,,
2026-08-19,XVwO4OvjwI4,2455,,
2026-08-19,XWSWCP3TBrc,2896,,
2026-08-19,Xm4ScqSNV10,4439,,
2026-08-19,XsCgtUDrxck,2187,,
2026-08-19,Y66yYblAsq8,1887,,
2026-08-19,Y7Rm_Bmu-K0,38824,,
2026-08-19,Y8YjZOGrhJI,3948,,
2026-08-19,YA85ddRTnus,5006,,
2026-08-19,YA_LFvsyLoU,2266,,
2026-08-19,YBMZINlORaw,5985,,
2026-08-19,YDlHWsYd23o,4408,,
2026-08-19,YDmxUb_oNLI,2745,,
2026-08-19,YFjQz7FijWM,15284,,
2026-08-19,YOe2PL-1gT0,671,,
2026-08-19,YXqYOapYqYc,7704,,
2026-08-19,Y_mkJt3oY_k,3576,,
2026-08-19,YiKIKU-5KpY,0,,
2026-08-19,YpCAi9ofhjs,4329,,
2026-08-19,YpMxtemC5y8,4885,,
2026-08-19,YqZzdPYfnso,3626,,
2026-08-19,Ytbx-7bzEGc,4325,,
2026-08-19,Z-s3rXFeosc,6623,,
2026-08-19,Z12fVM_cnaI,10698,,
2026-08-19,Z2njQkTQDKY,5166,,
2026-08-19,Z9Jjrb6xQeo,3564,,
2026-08-19,ZA_G9BP9HLY,495,,
2026-08-19,ZE2dghmFE8Y,22603,,
2026-08-19,ZE3jHXXiSBY,9541,,
2026-08-19,ZE9ENcHPRr8,24432,,
2026-08-19,ZG72S1_wBC0,5045,,
2026-08-19,ZY_oCjE95Ss,393,,
2026-08-19,ZZBZkqJqvu8,11092,,
2026-08-19,Z_REKs508KY,6696,,
2026-08-19,ZaksbmqvxNM,8454,,
2026-08-19,ZcdQLCEyjjU,8647,,
2026-08-19,ZfQ7oKzL-Pw,12529,,
2026-08-19,ZgN1aMmXELI,4816,,
2026-08-19,Zq-NFi8kxlo,49313,,
2026-08-19,ZrqtNoiNSdw,4846,,
2026-08-19,ZsIml_y5qU4,146,,
2026-08-19,ZtUTR0E7VPY,45783,,
2026-08-19,ZvUISEnjqbQ,5406,,
2026-08-19,ZzYTRvOWH1I,4391,,
2026-08-19,_3MWGJ7MUTA,2850,,
2026-08-19,_8p1UyvwmhI,3909,,
2026-08-19,_9BI3P-OH84,1719,,
2026-08-19,_BvUrcl5tls,3156,,
2026-08-19,_EZK5vA1EX0,5292,,
2026-08-19,_FzLqe9KziY,2524,,
2026-08-19,_Jlf2Q0xGZ8,5852,,
2026-08-19,_LzDM8xt_dA,7974,,
2026-08-19,_NHlgOF-WU0,406,,
2026-08-19,_OsQEaApgwY,2533,,
2026-08-19,_UWA2fCxRHI,3769,,
2026-08-19,_auL36M33Aw,2668,,
2026-08-19,_eLkGBx1XiE,1075,,
2026-08-19,_fcTS5NosDs,1564,,
2026-08-19,_r9bm8JLsKc,3378,,
2026-08-19,_wWswU9t8HU,212,,
2026-08-19,_xEjpsA_iVg,2038,,
2026-08-19,_zVLb3rpe5I,6078,,
2026-08-19,_zuQYhMwTgs,5691,,
2026-08-19,a2L6AbyANjw,13346,,
2026-08-19,a2n31BGGWFI,4210,,
2026-08-19,a65XoIF7K7Y,7984,,
2026-08-19,a6qWlOZtG3E,2133,,
2026-08-19,a8g5MvFPwxo,6333,,
2026-08-19,aD-WkrzMJrk,2326,,
2026-08-19,aDDnbn7KVls,13137,,
2026-08-19,aEQu0cO-iG8,2349,,
2026-08-19,aIcW25HaFsI,5119,,
2026-08-19,aMG8tqZ6bW0,2895,,
2026-08-19,aOOR5vp4Kl0,3648,,
2026-08-19,aQF7qqm1iHE,2385,,
2026-08-19,aVKjY_uB3tA,2826,,
2026-08-19,aYgFb-fiwxA,11858,,
2026-08-19,acvpoQwncqI,3061,,
2026-08-19,ad5pxORFPfk,2443,,
2026-08-19,adsB3sGIcVQ,5695,,
2026-08-19,afLeJEbZs2k,6438,,
2026-08-19,ahyTF-4Agkg,987,,
2026-08-19,akC-r5hlDkc,2170,,
2026-08-19,aoh738yJBRA,6445,,
2026-08-19,aqbo0yu_l6g,16139,,
2026-08-19,ar-bXQYvUhs,2486,,
2026-08-19,ath0o3oOJCs,6358,,
2026-08-19,b4fNiXZPqRQ,10104,,
2026-08-19,bHJfRtPpY6E,1659,,
2026-08-19,bHuv7kKqe-A,8204,,
2026-08-19,bJHikj8skz4,2993,,
2026-08-19,bQaZqs74i2Y,5294,,
2026-08-19,bT7qGpnOpo4,4771,,
2026-08-19,b_Obp5cBRZk,5589,,
2026-08-19,bi3ZAQbw8EI,1867,,
2026-08-19,bqTNuZQOziA,10016,,
2026-08-19,bqf0zywB-Wo,11905,,
2026-08-19,c2ket6Qczzw,1483,,
2026-08-19,c3rRnSi93Lw,8752,,
2026-08-19,c6WqvHRlRkc,4389,,
2026-08-19,c9CotszUwYQ,2363,,
2026-08-19,cFn-fD2GmYU,2552,,
2026-08-19,cJwXjAKA0-k,5515,,
2026-08-19,cR199eKHJ4k,350,,
2026-08-19,cWyP2mrcwdM,787,,
2026-08-19,ccZaP6LEaLI,9801,,
2026-08-19,cevjHgZRbrg,294,,
2026-08-19,cfGpIvLPcPw,4977,,
2026-08-19,cga1y52KSCk,3003,,
2026-08-19,cjpnhsKzs1Q,2888,,
2026-08-19,coqZMUFd2C0,36038,,
2026-08-19,cpd3lbm5tL8,3568,,
2026-08-19,cqPVe0nQ1A0,5209,,
2026-08-19,cuZsMnQlDQU,13836,,
2026-08-19,d-msiY5zz5A,3083,,
2026-08-19,d-zJskCnHpI,3111,,
2026-08-19,d09nbbfOIA8,5083,,
2026-08-19,dFH36q7iWiU,243,,
2026-08-19,dHJbG72Itp8,16277,,
2026-08-19,dIqUY3R2_3A,8012,,
2026-08-19,dSmFHbtrZ7g,17869,,
2026-08-19,dURDUSYCm68,15116,,
2026-08-19,dWatNWKO9uk,3525,,
2026-08-19,de7gpeHMS1Q,382,,
2026-08-19,dgkZoy66esM,5309,,
2026-08-19,dijHVnTV0aM,6355,,
2026-08-19,dl3KzRCU-aQ,6580,,
2026-08-19,dlABqtYhbMk,6101,,
2026-08-19,dmbvfKzFSLo,3062,,
2026-08-19,dn-xSg_FT0A,17819,,
2026-08-19,dnI29M9CE44,3976,,
2026-08-19,dnUUMRDbasE,1883,,
2026-08-19,dp7vq7hweXs,1939,,
2026-08-19,dtdf5AeXwB8,420,,
2026-08-19,dtoZraGBx54,16507,,
2026-08-19,dv-40oFi5ak,6786,,
2026-08-19,dx9Qe_629yE,8824,,
2026-08-19,e061vqWD0lQ,1009,,
2026-08-19,e6iHP-UMZnk,5232,,
2026-08-19,e83i1spluHo,6394,,
2026-08-19,eGnLjzejgI4,3026,,
2026-08-19,eK7uM-EeLIk,7764,,
2026-08-19,eLcRSVAncfc,1343,,
2026-08-19,eLhCLA0Jndo,2252,,
2026-08-19,eM2S4pWeczs,153667,,
2026-08-19,eOxOgo6VNzQ,3679,,
2026-08-19,eUkmg5xOC7c,2433,,
2026-08-19,eYY-goMG0N0,4544,,
2026-08-19,ebpANnTL0zw,13580,,
2026-08-19,ecutxRcKQ6I,6467,,
2026-08-19,enR1CfAS5zo,2053,,
2026-08-19,ensnUIxTUHE,14099,,
2026-08-19,er-8YWX70rk,12407,,
2026-08-19,etbk0Z69oDs,819,,
2026-08-19,eu92DDq5snw,5521,,
2026-08-19,eymQ0rXs7d8,6171,,
2026-08-19,f-aH0vpaoyo,10157,,
2026-08-19,f7yvLMqdMJo,4142,,
2026-08-19,f8fN8Uqbb8s,6109,,
2026-08-19,fFdiFTfeCwE,6202,,
2026-08-19,fFgFYRumrDU,11276,,
2026-08-19,fG1-74pj6A4,16431,,
2026-08-19,fHYBRGdrXo0,1948,,
2026-08-19,fIo8SE2ky98,2972,,
2026-08-19,fKvvShsdaWU,18961,,
2026-08-19,fMmn4SMuSdE,4789,,
2026-08-19,fQwyeIriRx8,8479,,
2026-08-19,fZ7RRiEw54E,6419,,
2026-08-19,fbZea8wkoe8,9749,,
2026-08-19,ff5ZGdHsgIA,1097,,
2026-08-19,fg72xV_ZX8g,787,,
2026-08-19,fj2SC2FA324,2052,,
2026-08-19,flJTAxtk67w,11258,,
2026-08-19,flbyvShpL18,4906,,
2026-08-19,fsI10W24Ya8,8106,,
2026-08-19,fwJag8kazvc,1134,,
2026-08-19,gAPX20Ja0zk,2671,,
2026-08-19,gAlQprevPh0,3155,,
2026-08-19,gENAeokhMHI,4026,,
2026-08-19,gK1VHYEXt_0,223,,
2026-08-19,gNEGNjVWO0Q,2891,,
2026-08-19,gVj7YvOUjfc,1035,,
2026-08-19,gWdtuyZNxeQ,11271,,
2026-08-19,gXT5p-IBNMg,6063,,
2026-08-19,goQs8La8e94,29551,,
2026-08-19,gpKioDijRD4,1531,,
2026-08-19,gtGmlmLZ3Ps,1226,,
2026-08-19,gy_rDsWx8_4,5002,,
2026-08-19,h1qNF-YaHX8,4921,,
2026-08-19,hBhD4lpfrvw,4186,,
2026-08-19,hBqhV23fZnE,3995,,
2026-08-19,hD4BjVn9YXw,4622,,
2026-08-19,hJ3DwYLFjcY,3908,,
2026-08-19,hRgIER_2tZg,1192,,
2026-08-19,hSuSN9-UZUY,15306,,
2026-08-19,hUQqvZGsp6A,3587,,
2026-08-19,hVMJN3o6-5g,10927,,
2026-08-19,hVVP3uqEbXg,7564,,
2026-08-19,hX5lVJXMurI,6431,,
2026-08-19,h_v3GcIgbvM,18840,,
2026-08-19,hhwrtf3g0yY,4733,,
2026-08-19,hnnt5l96vVE,3599,,
2026-08-19,hrA_TspDTyM,2747,,
2026-08-19,hsiq1QlJqCs,37237,,
2026-08-19,htuK8cgwC-E,2592,,
2026-08-19,hwX4Jil8AFY,2230,,
2026-08-19,hy7L_a8J9z4,6100,,
2026-08-19,hyisCTgnS0g,807,,
2026-08-19,i4tThjQW98w,1477,,
2026-08-19,i5Ufb0FYkDM,2834,,
2026-08-19,i6kooD4epJ0,10099,,
2026-08-19,iCV7kvzQ_bA,20010,,
2026-08-19,iCrYuW2ixu8,2173,,
2026-08-19,iEHsfr9bvpg,13013,,
2026-08-19,iFu9J3h8RBY,8266,,
2026-08-19,iHt3VLuizj4,3726,,
2026-08-19,iKMz8ICRe8I,20858,,
2026-08-19,iNIxuEi7V54,2255,,
2026-08-19,iRyAJEXB_hE,3254,,
2026-08-19,iYHt1pdScK0,208292,,
2026-08-19,i_bfUG57Je8,10609,,
2026-08-19,ipf-y1PaGBg,3802,,
2026-08-19,iuZ57o6ph1A,2434,,
2026-08-19,ixG3RWG-Xdw,10643,,
2026-08-19,j3BrzaBGJqY,3160,,
2026-08-19,j50kYrWuR6U,1342,,
2026-08-19,j9lMyW5Emo0,7443,,
2026-08-19,jBZnliX8R7M,5289,,
2026-08-19,jCGuQ1T3kUE,11391,,
2026-08-19,jQiLi6ev9zM,5001,,
2026-08-19,jTEvYjhQKTM,3521,,
2026-08-19,jV8i3ErC3MA,10338,,
2026-08-19,jdAA_65-h0E,17190,,
2026-08-19,jfEMLlPzKEU,8026,,
2026-08-19,jgfWTFUl_58,1450,,
2026-08-19,jh22fly0d-k,5235,,
2026-08-19,jlV4MmBxgPI,13585,,
2026-08-19,jrnfWiLWFJw,384,,
2026-08-19,k1SjNJaOJcA,7079,,
2026-08-19,k3yhL30Kpnw,1613,,
2026-08-19,k4GBTLOy9aE,11315,,
2026-08-19,k73d1z4sXCE,2695,,
2026-08-19,kCTe19NTny4,2086,,
2026-08-19,kCcXFPN8bK0,2728,,
2026-08-19,kETEBzJrtSA,7400,,
2026-08-19,kFWumpkL5yI,3334,,
2026-08-19,kO5VQOB3sxI,6342,,
2026-08-19,kSbp6GNfK7Y,4522,,
2026-08-19,kUDZK_9QPtA,14468,,
2026-08-19,kYmLSudfROM,5673,,
2026-08-19,kb2G7jcB3Ls,4280,,
2026-08-19,keYeekasjI8,20296,,
2026-08-19,kjl_jo_1HTg,2476,,
2026-08-19,ko82nHa36U4,8979,,
2026-08-19,kpcxQ1XCrq8,254,,
2026-08-19,kr9WECLcJWU,3759,,
2026-08-19,ktZgSqvfl8o,455,,
2026-08-19,kuoLAhyeaJQ,4316,,
2026-08-19,kzApFdb-KEs,778,,
2026-08-19,kzQhIJnlTsI,97991,,
2026-08-19,l4OOeF2yo9Y,3804,,
2026-08-19,lADjNtrJtIo,3155,,
2026-08-19,lCTSpZlGMb4,3775,,
2026-08-19,lN4Nv7R4sBI,10448,,
2026-08-19,lOciy5N92Lg,1560,,
2026-08-19,lOomWUxwNlQ,4520,,
2026-08-19,lSkunEYX5Go,1743,,
2026-08-19,lTCDfNnY4u8,5857,,
2026-08-19,lZj5qfUurLw,4056,,
2026-08-19,lZm2ZwjEy38,3007,,
2026-08-19,lgNWcFP2Ltg,12198,,
2026-08-19,lr1GJQXbj4c,1966,,
2026-08-19,lvOd4uyJkFE,30910,,
2026-08-19,lvtS_HSjXUA,10431,,
2026-08-19,m1gcxwLGPos,5698,,
2026-08-19,m6233lu5J9Q,11974,,
2026-08-19,m9q3qhKxbk4,2483,,
2026-08-19,mDDcQa5yCfI,20975,,
2026-08-19,mHE2XXExu7Q,1253,,
2026-08-19,mHSNcvaQ8YU,1020,,
2026-08-19,mM4k2pf-l9E,6073,,
2026-08-19,mNKdQ1YwHPc,2913,,
2026-08-19,mOqGGh-ot08,13119,,
2026-08-19,m_vvvpnOHfw,409,,
2026-08-19,mhXS2cpJlRo,1970,,
2026-08-19,mkJ-QgvLtyk,12512,,
2026-08-19,mnu4iJG72y8,5495,,
2026-08-19,n5WXv528CII,17932,,
2026-08-19,n93OGgP941o,2380,,
2026-08-19,n9XvIj6hOjc,2138,,
2026-08-19,nDLFzy9hIow,9757,,
2026-08-19,nF0VXXPcAh4,3062,,
2026-08-19,nMQCA_C9zoQ,103588,,
2026-08-19,nPV7ftm2WSg,2184,,
2026-08-19,nRTuARH-N9A,640,,
2026-08-19,nZ-Yf21ufww,9743,,
2026-08-19,n_8ek8wvHc8,5543,,
2026-08-19,nbqcaybmEe8,11699,,
2026-08-19,neQ91eM5hw4,21687,,
2026-08-19,nqQ_uK7yUBw,2854,,
2026-08-19,nuEwWBGiQ4c,3931,,
2026-08-19,nwbp-b7PO4g,7357,,
2026-08-19,nxJqaJgDQIE,4361,,
2026-08-19,nyHN_s3QpkY,7046,,
2026-08-19,o0dULDtKQ-8,9994,,
2026-08-19,o4tmiD22BLI,18798,,
2026-08-19,oCAyG5S7cIw,10481,,
2026-08-19,oDeAAnpEEXU,1951,,
2026-08-19,oKTvQ7d9gYw,27905,,
2026-08-19,oPCHIAxcTHw,38399,,
2026-08-19,oRXt4EmUmKk,4292,,
2026-08-19,oUdstwXRu2c,2805,,
2026-08-19,oZh7YlRGlqA,5172,,
2026-08-19,oZjiL501lAY,1415,,
2026-08-19,o_FRQ02nigQ,5541,,
2026-08-19,ofwkfFci1iI,3343,,
2026-08-19,ol2a1T0BgrM,4462,,
2026-08-19,ol_M2L_mjBI,2678,,
2026-08-19,onlJoxwtQec,1407,,
2026-08-19,oo0K4ydn4rw,6029,,
2026-08-19,p23Rm9i_EIg,6681,,
2026-08-19,p6uuiKju1Gc,4275,,
2026-08-19,p8GqOFBpR5w,4818,,
2026-08-19,p8ZK2nre57U,3902,,
2026-08-19,pC_lpEworvo,1034,,
2026-08-19,pCghepSi0M8,14937,,
2026-08-19,pGUjxBQqY5E,4144,,
2026-08-19,pKvwesJ8-t0,8753,,
2026-08-19,pRB23hC8dZY,3126,,
2026-08-19,pUPzkqLt5WM,4568,,
2026-08-19,pWY2T3MqfCw,3438,,
2026-08-19,pdIXWsxp0_g,3851,,
2026-08-19,pms2oKZcuqo,3430,,
2026-08-19,ppIXkOvS4WI,4603,,
2026-08-19,ptv9GRoEKs0,3785,,
2026-08-19,pyuB406DLuo,11513,,
2026-08-19,pzLWWa96_lE,5956,,
2026-08-19,q4mgxHWrmLM,6372,,
2026-08-19,q52xE5uCNT0,11696,,
2026-08-19,qIxGLqP2ZBA,3389,,
2026-08-19,qJ6pJMN4eiA,2638,,
2026-08-19,qMz0UbGJq4Y,6938,,
2026-08-19,qZi9yeRBf94,3818,,
2026-08-19,q_TknmNwvqA,6094,,
2026-08-19,qabDQ1ebZbQ,6057,,
2026-08-19,qbXC7hLKuGM,260,,
2026-08-19,qd6gmV0qrrk,14534,,
2026-08-19,qiI-rwVGiYQ,1989,,
2026-08-19,qkMCHJ28vsI,2357,,
2026-08-19,qmcbY6Sr_mw,3223,,
2026-08-19,qqQxwunPfLo,5175,,
2026-08-19,qzy12XbaJQ4,1510,,
2026-08-19,r0ZddKvFa9w,7691,,
2026-08-19,r3P6BU0gEVU,7540,,
2026-08-19,r4YE2Zghgbc,2874,,
2026-08-19,r6_PIKzQJ8Q,3060,,
2026-08-19,rAxPIoC8bB4,12680,,
2026-08-19,rJ6YCE4gWS0,1639,,
2026-08-19,rJeHPb9VWP4,2371,,
2026-08-19,rLZUcW0DBTM,9848,,
2026-08-19,rLfvnvBj8Ls,4947,,
2026-08-19,rR2A9ezT_gg,16649,,
2026-08-19,rULrrI9GfWU,1356,,
2026-08-19,rV23IXWdDOY,17292,,
2026-08-19,rVEh3PGiggk,372,,
2026-08-19,r_lWb2SpHO4,10433,,
2026-08-19,rckZ2uBOGYs,4309,,
2026-08-19,rixzhpBKdfg,2667,,
2026-08-19,rlnx986Qxkc,13233,,
2026-08-19,roO2HBjdtQw,5425,,
2026-08-19,rojYn7h_-U4,2270,,
2026-08-19,rqcOPT_Dg7A,7357,,
2026-08-19,ruxKM1qX0Dc,11634,,
2026-08-19,rzIPT2DPtvA,5750,,
2026-08-19,s2GjWfPbh9I,1997,,
2026-08-19,sHQg97i_Hp0,156,,
2026-08-19,sO1rprIWDas,4280,,
2026-08-19,sQH3xPVic6Y,3902,,
2026-08-19,sVwAWTxKDJ0,7906,,
2026-08-19,sXRGp_ttFI4,7168,,
2026-08-19,sZhgf8PQ5gc,8589,,
2026-08-19,scIFhQSvvlE,2735,,
2026-08-19,scM9aI9kTus,4954,,
2026-08-19,skABNIsQ3fA,12540,,
2026-08-19,smATVd6dk-k,14108,,
2026-08-19,sqx6twZgR-k,3930,,
2026-08-19,ssIA_N2u50Y,7269,,
2026-08-19,syPu5HdMT4k,1021,,
2026-08-19,t01TItG_UAQ,605,,
2026-08-19,t1UIIjuMirY,8791,,
2026-08-19,t1kj63890o8,3575,,
2026-08-19,t3G_N5DO6us,6257,,
2026-08-19,t4gVVdxtNWE,8699,,
2026-08-19,tGsk0H21JgE,2148,,
2026-08-19,t_RBOUZAqGw,4554,,
2026-08-19,tcomjtcMjLE,1106,,
2026-08-19,tdc-zfxIlEY,32533,,
2026-08-19,tiDCtcHjdQU,7183,,
2026-08-19,trS0kTq6Tk8,1652,,
2026-08-19,txSX7-1XQOE,2653,,
2026-08-19,tyRJESdSDm4,14762,,
2026-08-19,tz7n--I4rDU,1498,,
2026-08-19,u00LAYagwGo,4509,,
2026-08-19,u4e1ijV4iRQ,5375,,
2026-08-19,u7xKzLuKt5I,17652,,
2026-08-19,uNX13pgpGBU,5473,,
2026-08-19,uXbngiOXOD0,10433,,
2026-08-19,ub9JNL8EhJ4,1477,,
2026-08-19,uk5ADKNqHoc,1469,,
2026-08-19,ul9Sw7brukY,1594,,
2026-08-19,umNEJg2sj50,975,,
2026-08-19,un8Mt5f-mUE,10676,,
2026-08-19,usRrwR8CUb8,9255,,
2026-08-19,uxxwN68AJHE,5521,,
2026-08-19,v-ylvHTi_Mc,3383,,
2026-08-19,v0kp6W42yf4,2916,,
2026-08-19,v1J7bERLirA,3268,,
2026-08-19,v9INdKeBJEI,42672,,
2026-08-19,vDzWHTMsp_Y,1744,,
2026-08-19,vHvpM9nSO3Q,4079,,
2026-08-19,vIAhcX4SppA,3218,,
2026-08-19,vKYW7MTBAFg,10149,,
2026-08-19,vM5V9hoDKnQ,8998,,
2026-08-19,vQI78T3g4Gg,6254,,
2026-08-19,vUEmbLAxZ0Y,1103,,
2026-08-19,vWTTG9XlMoY,13761,,
2026-08-19,v_JJzLJ0eRw,4765,,
2026-08-19,vmSPrsKC8i8,51602,,
2026-08-19,vqsoh8y6xa8,5567,,
2026-08-19,vuvK_DUcqCk,7924,,
2026-08-19,vy88MX2ss_g,7503,,
2026-08-19,vyg196YvsgE,1043,,
2026-08-19,w3HciqK70s4,1669,,
2026-08-19,w68xGF_YIgU,25427,,
2026-08-19,w6b2AkddE8Y,2655,,
2026-08-19,w9kpcvkWngA,6668,,
2026-08-19,wBWXzI7uJYo,3713,,
2026-08-19,wGDSdaXZj00,45287,,
2026-08-19,wHcblaGXua8,10231,,
2026-08-19,wLB8pR4uME0,2788,,
2026-08-19,wSEMUoR4FS4,1499,,
2026-08-19,wSnq-Unha34,177632,,
2026-08-19,wX47G7oi_Z4,1964,,
2026-08-19,wg1R2_G_LEc,6406,,
2026-08-19,wnahjxPk5rk,2296,,
2026-08-19,wpHm4ARAChc,22132,,
2026-08-19,wpWCpGTZE2A,1915,,
2026-08-19,wuZgRtutoHQ,8219,,
2026-08-19,wutJAXwvMqo,9383,,
2026-08-19,wwtaQ_PNx1M,2970,,
2026-08-19,wxWz6zDC2wo,1501,,
2026-08-19,wzSn1b5XXtk,1907,,
2026-08-19,x3gjYoDR5tA,2637,,
2026-08-19,x5fPiJUOMk0,3903,,
2026-08-19,xGMFiacVSrk,5112,,
2026-08-19,xMbY5fkmK0A,3569,,
2026-08-19,xQKEy65zAso,64773,,
2026-08-19,xTpYdSgeWPc,1181,,
2026-08-19,x_KffjhARa0,2803,,
2026-08-19,xe6w3VmUf5I,6111,,
2026-08-19,xs2J2KW1q8Q,8493,,
2026-08-19,xvdkNKQAbJ8,1840,,
2026-08-19,xwLoo8ThKHI,861,,
2026-08-19,xxC2s5JBYZM,332,,
2026-08-19,xya7ZlFJ-x8,2276,,
2026-08-19,y3rXMXG_UF8,3791,,
2026-08-19,y4Yqheg9DuY,15645,,
2026-08-19,y6T5kX1L0aw,1629,,
2026-08-19,y76fsYJCAO0,1651,,
2026-08-19,y8mTWAs2PPw,3193,,
2026-08-19,yF9W5KZ4lfs,6529,,
2026-08-19,yGc4NnBE6nY,4954,,
2026-08-19,yJTEsQi0G98,1703,,
2026-08-19,yKCrM_XkKaY,15623,,
2026-08-19,yKIM1UxtbpU,2077,,
2026-08-19,yPh9jEw5_Lw,2847,,
2026-08-19,ySg8CEjxwwo,5831,,
2026-08-19,yUQ4NYv_io0,3491,,
2026-08-19,yXWhKEoL3QU,3990,,
2026-08-19,yo-Wdxc6ng0,3511,,
2026-08-19,yrJ1mvA6eIM,10188,,
2026-08-19,yrcwoFLtS5Y,7459,,
2026-08-19,ytt9pEb78FA,5049,,
2026-08-19,z-n_vz4gFRw,14535,,
2026-08-19,z0A-aCcVXSA,3100,,
2026-08-19,z2SU31i7Uo4,9458,,
2026-08-19,z8MJYHsQh5c,17012,,
2026-08-19,zCk1p-hPBCs,158,,
2026-08-19,zDtacZ_qT0Y,12198,,
2026-08-19,zI6L_SkYqkU,1258,,
2026-08-19,zLgpLCYCbyA,2582,,
2026-08-19,zSvZdF7CBjU,6319,,
2026-08-19,zVMIZRDSvCc,1770,,
2026-08-19,zXbAf49C9vE,6578,,
2026-08-19,zceKtRTdgSo,14228,,
2026-08-19,zjYgzIlRmOk,7132,,
2026-08-19,zksWnpcM05I,4326,,
2026-08-19,zpX-Xs1a9MY,3147,,
2026-08-19,zrRTPvOBEnU,2833,,
2026-08-19,zsRQcswYx8w,2840,,
2026-08-19,zsYZHcSRvB8,25558,,
2026-08-19,zsaXdCEuYsY,2265,,
2026-08-19,zufjmNpcSlg,1613,,
2026-08-19,zvjhIylspTc,10175,,
2026-08-19,zxwGfKCo6as,4766,,
2026-08-19,zyY2aRVZMp4,1270,,
2026-08-19,zzWIE6Sg_E0,22476,,
2026-08-20,0PBCtb7Va-c,6952,,
2026-08-20,0c5PF6WpL7o,817,,
2026-08-20,4n4yKMederk,8519,,
2026-08-20,9rJgQmuc2SM,6641,,
2026-08-20,F5WCr1Md6mk,2141,,
2026-08-20,GME--_-r_lU,3389,,
2026-08-20,I6nU9HD6GVk,883,,
2026-08-20,IM0HdpgIDq8,12378,,
2026-08-20,JJ0wEMAa0Qg,7609,,
2026-08-20,JpctKDg71Pg,1266,,
2026-08-20,NEahGL5R0HI,11688,,
2026-08-20,NJXuNpJ26us,3504,,
2026-08-20,Pg0oIg89uDQ,4186,,
2026-08-20,aEQu0cO-iG8,2360,,
2026-08-20,aVKjY_uB3tA,2847,,
2026-08-20,ccZaP6LEaLI,9814,,
2026-08-20,fwJag8kazvc,1136,,
2026-08-20,gAlQprevPh0,3157,,
2026-08-20,hJ3DwYLFjcY,3911,,
2026-08-20,hVVP3uqEbXg,7622,,
2026-08-20,mOqGGh-ot08,13129,,
2026-08-20,nqQ_uK7yUBw,2901,,
2026-08-20,pCghepSi0M8,14982,,
2026-08-20,ppIXkOvS4WI,4612,,
2026-08-20,r6_PIKzQJ8Q,3073,,
2026-08-20,roO2HBjdtQw,5444,,
2026-08-20,uNX13pgpGBU,5485,,
2026-08-20,xGMFiacVSrk,5123,,
2026-08-20,yJTEsQi0G98,1703,,
2026-08-20,zXbAf49C9vE,6599,,
2026-08-21,-Fkj0aK2dO8,6001,,
2026-08-21,0PBCtb7Va-c,6959,,
2026-08-21,0c5PF6WpL7o,837,,
2026-08-21,4n4yKMederk,8542,,
2026-08-21,7sRKccOoPbY,9132,,
2026-08-21,9rJgQmuc2SM,6652,,
2026-08-21,Ati51CQqpKY,6142,,
2026-08-21,F5WCr1Md6mk,2141,,
2026-08-21,GME--_-r_lU,3395,,
2026-08-21,I6nU9HD6GVk,890,,
2026-08-21,IM0HdpgIDq8,12390,,
2026-08-21,JJ0wEMAa0Qg,7645,,
2026-08-21,JpctKDg71Pg,1272,,
2026-08-21,KNwEQXDv5XM,8512,,
2026-08-21,Kh_0ICA5cfg,6288,,
2026-08-21,MOmBOx1LEJU,47683,,
2026-08-21,NEahGL5R0HI,11737,,
2026-08-21,NJXuNpJ26us,3510,,
2026-08-21,Pg0oIg89uDQ,4263,,
2026-08-21,QQh0twun7tg,48737,,
2026-08-21,U9sNqbVd1L8,4509,,
2026-08-21,_ALc4VJkpjA,13432,,
2026-08-21,aEQu0cO-iG8,2369,,
2026-08-21,aVKjY_uB3tA,2855,,
2026-08-21,cMFi9XkhDDQ,2616,,
2026-08-21,ccZaP6LEaLI,9824,,
2026-08-21,eokbRB_Y2CU,4621,,
2026-08-21,f1eFQJocAow,7800,,
2026-08-21,fwJag8kazvc,1144,,
2026-08-21,gAlQprevPh0,3158,,
2026-08-21,hJ3DwYLFjcY,3912,,
2026-08-21,hVVP3uqEbXg,7678,,
2026-08-21,mOqGGh-ot08,13133,,
2026-08-21,nqQ_uK7yUBw,2945,,
2026-08-21,p-Ig77st4KY,8920,,
2026-08-21,pCghepSi0M8,15030,,
2026-08-21,pTqxjQV_PYU,9764,,
2026-08-21,pj41DZonKFU,5948,,
2026-08-21,ppIXkOvS4WI,4618,,
2026-08-21,r6_PIKzQJ8Q,3080,,
2026-08-21,roO2HBjdtQw,5470,,
2026-08-21,sl11WONqgaQ,3745,,
2026-08-21,uNX13pgpGBU,5498,,
2026-08-21,xGMFiacVSrk,5127,,
2026-08-21,yJTEsQi0G98,1704,,
2026-08-21,zXbAf49C9vE,6623,,
2026-08-22,0PBCtb7Va-c,6970,,
2026-08-22,0c5PF6WpL7o,851,,
2026-08-22,4n4yKMederk,8560,,
2026-08-22,9rJgQmuc2SM,6664,,
2026-08-22,F5WCr1Md6mk,2141,,
2026-08-22,GME--_-r_lU,3397,,
2026-08-22,I6nU9HD6GVk,905,,
2026-08-22,IM0HdpgIDq8,12396,,
2026-08-22,JJ0wEMAa0Qg,7678,,
2026-08-22,JpctKDg71Pg,1275,,
2026-08-22,NEahGL5R0HI,11808,,
2026-08-22,NJXuNpJ26us,3517,,
2026-08-22,Pg0oIg89uDQ,4332,,
2026-08-22,aEQu0cO-iG8,2376,,
2026-08-22,aVKjY_uB3tA,2866,,
2026-08-22,fwJag8kazvc,1154,,
2026-08-22,gAlQprevPh0,3160,,
2026-08-22,hJ3DwYLFjcY,3917,,
2026-08-22,hVVP3uqEbXg,7720,,
2026-08-22,mOqGGh-ot08,13140,,
2026-08-22,nqQ_uK7yUBw,2966,,
2026-08-22,pCghepSi0M8,15079,,
2026-08-22,ppIXkOvS4WI,4616,,
2026-08-22,r6_PIKzQJ8Q,3089,,
2026-08-22,roO2HBjdtQw,5498,,
2026-08-22,uNX13pgpGBU,5509,,
2026-08-22,xGMFiacVSrk,5129,,
2026-08-22,yJTEsQi0G98,1706,,
2026-08-22,zXbAf49C9vE,6645,,
2026-08-23,0PBCtb7Va-c,6981,,
2026-08-23,0c5PF6WpL7o,860,,
2026-08-23,4n4yKMederk,8573,,
2026-08-23,9rJgQmuc2SM,6675,,
2026-08-23,F5WCr1Md6mk,2141,,
2026-08-23,GME--_-r_lU,3409,,
2026-08-23,I6nU9HD6GVk,909,,
2026-08-23,IM0HdpgIDq8,12398,,
2026-08-23,JJ0wEMAa0Qg,7710,,
2026-08-23,JpctKDg71Pg,1281,,
2026-08-23,NEahGL5R0HI,11875,,
2026-08-23,NJXuNpJ26us,3522,,
2026-08-23,Pg0oIg89uDQ,4400,,
2026-08-23,aEQu0cO-iG8,2388,,
2026-08-23,aVKjY_uB3tA,2872,,
2026-08-23,fwJag8kazvc,1156,,
2026-08-23,gAlQprevPh0,3161,,
2026-08-23,hJ3DwYLFjcY,3921,,
2026-08-23,hVVP3uqEbXg,7750,,
2026-08-23,mOqGGh-ot08,13150,,
2026-08-23,nqQ_uK7yUBw,2993,,
2026-08-23,pCghepSi0M8,15114,,
2026-08-23,ppIXkOvS4WI,4618,,
2026-08-23,r6_PIKzQJ8Q,3100,,
2026-08-23,roO2HBjdtQw,5513,,
2026-08-23,uNX13pgpGBU,5522,,
2026-08-23,xGMFiacVSrk,5130,,
2026-08-23,yJTEsQi0G98,1706,,
2026-08-23,zXbAf49C9vE,6665,,
2026-08-24,0PBCtb7Va-c,6993,,
2026-08-24,0c5PF6WpL7o,879,,
2026-08-24,3A0Gwb7nmw8,2876,,
2026-08-24,4n4yKMederk,8591,,
2026-08-24,5b4RSDrkc8I,4777,,
2026-08-24,9rJgQmuc2SM,6690,,
2026-08-24,ClAz_Etby1k,3773,,
2026-08-24,F5WCr1Md6mk,2145,,
2026-08-24,GME--_-r_lU,3414,,
2026-08-24,I6nU9HD6GVk,919,,
2026-08-24,IM0HdpgIDq8,12403,,
2026-08-24,JJ0wEMAa0Qg,7726,,
2026-08-24,JpctKDg71Pg,1288,,
2026-08-24,N9CZswDtnCA,3644,,
2026-08-24,NEahGL5R0HI,11951,,
2026-08-24,NJXuNpJ26us,3534,,
2026-08-24,Nhb3_wu7Ddk,14057,,
2026-08-24,Pg0oIg89uDQ,4447,,
2026-08-24,PmY9rmZK_oM,2086,,
2026-08-24,UVkQsLv7n2s,2425,,
2026-08-24,UxyCkiufJyg,3520,,
2026-08-24,WUchEyRFIxw,4081,,
2026-08-24,aEQu0cO-iG8,2402,,
2026-08-24,aVKjY_uB3tA,2886,,
2026-08-24,dA0DwmLmQ9s,7296,,
2026-08-24,fwJag8kazvc,1166,,
2026-08-24,gAlQprevPh0,3167,,
2026-08-24,hJ3DwYLFjcY,3922,,
2026-08-24,hVVP3uqEbXg,7794,,
2026-08-24,iY0az_GdCiI,6061,,
2026-08-24,mOqGGh-ot08,13163,,
2026-08-24,nqQ_uK7yUBw,3017,,
2026-08-24,pCghepSi0M8,15160,,
2026-08-24,ppIXkOvS4WI,4625,,
2026-08-24,r6_PIKzQJ8Q,3108,,
2026-08-24,roO2HBjdtQw,5526,,
2026-08-24,svTgRSTyypU,30558,,
2026-08-24,uNX13pgpGBU,5536,,
2026-08-24,xGMFiacVSrk,5136,,
2026-08-24,xZIOdejjTlg,3047,,
2026-08-24,yJTEsQi0G98,1706,,
2026-08-24,yeBCQurwTAM,4047,,
2026-08-24,zXbAf49C9vE,6680,,
2026-08-24,zx1Xu1eI_UM,2188,,
2026-08-25,0PBCtb7Va-c,7004,,
2026-08-25,0c5PF6WpL7o,893,,
2026-08-25,4n4yKMederk,8630,,
2026-08-25,9rJgQmuc2SM,6705,,
2026-08-25,F5WCr1Md6mk,2145,,
2026-08-25,GME--_-r_lU,3425,,
2026-08-25,I6nU9HD6GVk,921,,
2026-08-25,IM0HdpgIDq8,12414,,
2026-08-25,JJ0wEMAa0Qg,7743,,
2026-08-25,JpctKDg71Pg,1292,,
2026-08-25,NEahGL5R0HI,12012,,
2026-08-25,NJXuNpJ26us,3540,,
2026-08-25,Pg0oIg89uDQ,4484,,
2026-08-25,SoVnrdQ7b_s,5214,,
2026-08-25,aEQu0cO-iG8,2416,,
2026-08-25,aVKjY_uB3tA,2899,,
2026-08-25,fwJag8kazvc,1170,,
2026-08-25,hJ3DwYLFjcY,3923,,
2026-08-25,hVVP3uqEbXg,7830,,
2026-08-25,mOqGGh-ot08,13176,,
2026-08-25,nqQ_uK7yUBw,3043,,
2026-08-25,pCghepSi0M8,15207,,
2026-08-25,ppIXkOvS4WI,4635,,
2026-08-25,r6_PIKzQJ8Q,3116,,
2026-08-25,roO2HBjdtQw,5544,,
2026-08-25,uNX13pgpGBU,5544,,
2026-08-25,xGMFiacVSrk,5142,,
2026-08-25,yJTEsQi0G98,1709,,
2026-08-25,zXbAf49C9vE,6704,,
2026-08-26,--eCZ5KJphU,1988,,
2026-08-26,-27X7n7IstM,6911,,
2026-08-26,-3dLSMzi38k,5128,,
2026-08-26,-FJcDEQ2CB0,14513,,
2026-08-26,-GYR8m5pqkI,10779,,
2026-08-26,-SxNX1_ipZ0,4543,,
2026-08-26,-WID9zHoKhE,372,,
2026-08-26,-pXsceBZ-uI,1965,,
2026-08-26,01F_B8RaurQ,364,,
2026-08-26,0A3d0lovA9c,3059,,
2026-08-26,0BvJ_8VSpAQ,20125,,
2026-08-26,0JFuxpSFiLo,21298,,
2026-08-26,0Mur3o4gJn4,5905,,
2026-08-26,0PBCtb7Va-c,7016,,
2026-08-26,0U0-9stDv2w,6848,,
2026-08-26,0YdWcjA5acg,8307,,
2026-08-26,0_I4PHJ-miw,21738,,
2026-08-26,0c5PF6WpL7o,909,,
2026-08-26,0dqRFbgCuVg,6676,,
2026-08-26,0irTZK6Z_YI,992,,
2026-08-26,0jvB7_mRdVk,1560,,
2026-08-26,0luCN1MyFX8,11228,,
2026-08-26,0nv1NY1lx_E,5380,,
2026-08-26,0t_oTJZ6Irs,6826,,
2026-08-26,13jLs1WwfTY,4849,,
2026-08-26,14FLm6zvvlM,3331,,
2026-08-26,1APEiSZz2zM,323,,
2026-08-26,1M5hO5Iz4hQ,11710,,
2026-08-26,1WejSH57PSA,555,,
2026-08-26,1_CE104JHi8,4504,,
2026-08-26,1fn9RPaSFvM,4214,,
2026-08-26,1gAj8idUtrk,13024,,
2026-08-26,1k6Bzkiw48o,11053,,
2026-08-26,1qYWYaGdxt4,1445,,
2026-08-26,1uRRhugMzlE,4433,,
2026-08-26,1vJB1yOPOf0,7466,,
2026-08-26,1yK9VWnQpx4,22193,,
2026-08-26,24Ib0j0xDxE,16005,,
2026-08-26,2CnmP8lvGE4,6361,,
2026-08-26,2JqFe4tSOyk,10378,,
2026-08-26,2OdJHlmdu3A,3441,,
2026-08-26,2WaFFWc3lno,6223,,
2026-08-26,2bY_4Ut49J8,4116,,
2026-08-26,2l0-duQwSfI,5403,,
2026-08-26,2lZK2lUb6ew,10701,,
2026-08-26,2qLT-wnFaP0,7953,,
2026-08-26,2qZb4PtGQUg,3249,,
2026-08-26,2qron8l5-WA,2943,,
2026-08-26,2vAcCPS9-YE,3143,,
2026-08-26,3BNqAqRukts,17772,,
2026-08-26,3Cm_qVj04z0,339,,
2026-08-26,3DNRCakknE0,4692,,
2026-08-26,3HUs08W6-8o,15957,,
2026-08-26,3KJwgGv_hq0,4084,,
2026-08-26,3Nh8y-oesJ0,7995,,
2026-08-26,3gPoLb5rT70,16970,,
2026-08-26,3iUH-OYuGIo,235,,
2026-08-26,3jZh-NYS564,6917,,
2026-08-26,3nGph8PX2-Q,3538,,
2026-08-26,3xtwXWyEfhk,1800,,
2026-08-26,49KORRES2ks,2329,,
2026-08-26,4Q1Xe92xmwI,9730,,
2026-08-26,4VN65sXHXSU,5812,,
2026-08-26,4WHM_GRby90,5869,,
2026-08-26,4aUWIhJE2n4,3666,,
2026-08-26,4b4THjNuDW0,608,,
2026-08-26,4n-UnjzY3B0,254,,
2026-08-26,4n4yKMederk,8664,,
2026-08-26,4qtFClwSzc8,1467,,
2026-08-26,4r4Fv5i5zCI,7231,,
2026-08-26,4tli9Q4KZ3w,3264,,
2026-08-26,4vHxpaifn9w,25384,,
2026-08-26,4zfnW56TcvY,3023,,
2026-08-26,5I2-cQ7oa10,3647,,
2026-08-26,5MHf5WPH1v4,4487,,
2026-08-26,5R6l50LDlV4,3597,,
2026-08-26,5kFO9eUjRPk,13045,,
2026-08-26,5sVEspUzpGY,3821,,
2026-08-26,5t3KYPZKUe4,10821,,
2026-08-26,615ClJ5oqkw,1222,,
2026-08-26,62v6RgdBly0,2426,,
2026-08-26,69_RI4iZxuQ,6567,,
2026-08-26,6BegJIenaBE,9889,,
2026-08-26,6Bmjis1ofzE,6194,,
2026-08-26,6SV0Lm47pvY,2485,,
2026-08-26,6TcR8BFdyJM,2935,,
2026-08-26,6VUBa5NSLU8,977,,
2026-08-26,6Xmd08nL2G4,4779,,
2026-08-26,6d8jMrgjDuE,3267,,
2026-08-26,6iCAxQUz4aQ,5868,,
2026-08-26,6l3bIPltt3A,7033,,
2026-08-26,6ob9UwPviJA,5136,,
2026-08-26,6tcSoXsMs9c,6215,,
2026-08-26,6vhfb7LUUYc,3612,,
2026-08-26,6zLWdLXiJC8,14084,,
2026-08-26,73a6CtNTac4,10232,,
2026-08-26,7BXf6nTyiCQ,3902,,
2026-08-26,7BkLmVdcaJw,6487,,
2026-08-26,7EgU3ReHrIc,1266,,
2026-08-26,7FZrM9iMsCM,6366,,
2026-08-26,7IZ5eCJ3Vqc,2469,,
2026-08-26,7NZvpCqH7eA,2781,,
2026-08-26,7NbPwroPQ80,3052,,
2026-08-26,7Odyxk-S9f0,53534,,
2026-08-26,7PSt_Gouh6g,2825,,
2026-08-26,7cpCkvLwQsI,2119,,
2026-08-26,7dlhZLngdvM,8879,,
2026-08-26,7m_UlzkGLlA,36002,,
2026-08-26,7tKbMZqzLks,2873,,
2026-08-26,7ufObjxCBKI,14576,,
2026-08-26,7wuBlcFsfvc,4390,,
2026-08-26,7zHiFWEJfZY,8831,,
2026-08-26,87Vb6sa1KcY,1461,,
2026-08-26,8OPlCKgcSO8,6470,,
2026-08-26,8T1Pe58GJpw,4307,,
2026-08-26,8UOwBfCgZn8,1054,,
2026-08-26,8UWpsEyQwCU,4010,,
2026-08-26,8_fxIwJi8eI,12774,,
2026-08-26,8fwEHUkKTFc,1254,,
2026-08-26,8hbiWsIlhQ0,1288,,
2026-08-26,8pRl03u-hjI,8036,,
2026-08-26,8r9S_xIzqLk,4085,,
2026-08-26,8tmQ6wySUSI,4638,,
2026-08-26,900BOlBTFNg,36447,,
2026-08-26,99bQhxWPWuo,9271,,
2026-08-26,9BmwbWSPXwY,4795,,
2026-08-26,9Fhr7gYQPBM,1465,,
2026-08-26,9O3XYd0F6VI,11464,,
2026-08-26,9Ot1RhssfL0,773,,
2026-08-26,9TvuNO-fnXM,16301,,
2026-08-26,9_6yRxY8iiY,9913,,
2026-08-26,9cZh_IuGMyM,384,,
2026-08-26,9dFDeUNHViY,9379,,
2026-08-26,9gFQ9rFMKEA,39371,,
2026-08-26,9h2v-rVmwEA,8717,,
2026-08-26,9hOkPAYmpPM,6686,,
2026-08-26,9hgzA60ZGZg,5527,,
2026-08-26,9rJgQmuc2SM,6721,,
2026-08-26,9rVcXaVHCXw,2628,,
2026-08-26,9wgzzLCatp8,854,,
2026-08-26,9yg2AIYdu6E,1741,,
2026-08-26,A4wr-iI2hJU,21542,,
2026-08-26,A5ojgoN39Lc,6403,,
2026-08-26,A9RXB8YTc6Y,12890,,
2026-08-26,ADwtKtLtE8Q,2017,,
2026-08-26,AKDQisHl8Ek,3929,,
2026-08-26,AKJRVoJu_Q4,7504,,
2026-08-26,ANYrzwn5h_M,4668,,
2026-08-26,AO1WNfgIgiE,8588,,
2026-08-26,ASSnCNI-KlM,1267,,
2026-08-26,AU7Z9h1x1Ys,700,,
2026-08-26,AUG114ir5eQ,1241,,
2026-08-26,AUxR3aTc3ng,1511,,
2026-08-26,AaCd4amsV0U,2036,,
2026-08-26,Ac6AOC9yxJE,4336,,
2026-08-26,AcR00ZHbVKU,7555,,
2026-08-26,AgcnylfczPE,10672,,
2026-08-26,AmYVHRf2Aq8,8677,,
2026-08-26,Ao4VRNX_h4A,12269,,
2026-08-26,Aq3emUbqTbA,803,,
2026-08-26,B0IPEMdrCRA,3043,,
2026-08-26,B5xTJMahaK4,2529,,
2026-08-26,B9FbWxNdJPY,19374,,
2026-08-26,B9zmRMY6ISI,2729,,
2026-08-26,BNze82M59-E,7045,,
2026-08-26,BSum-2t0a28,4659,,
2026-08-26,B_OF2TYLnQw,6352,,
2026-08-26,B_rcAwySccg,3547,,
2026-08-26,BdCpg8-TlGg,3563,,
2026-08-26,BfLT1TlZInE,20104,,
2026-08-26,BfjZU1zyiOc,1883,,
2026-08-26,BkAhos9qrLQ,2136,,
2026-08-26,BsWIaYs09vc,6093,,
2026-08-26,BskXYIlyNzA,5983,,
2026-08-26,C5ETgNOq1gQ,14464,,
2026-08-26,C5Rh96Gz8yg,6978,,
2026-08-26,C9AMwVwgVPo,3046,,
2026-08-26,C9FJCiew0s8,4058,,
2026-08-26,CD6KcQMdzfc,2835,,
2026-08-26,CEF9v_JMVe8,7262,,
2026-08-26,CJkJWnPzguM,21622,,
2026-08-26,CKAGWlmyXbA,8931,,
2026-08-26,CMh4ttABaiE,1224,,
2026-08-26,CSTFP0gKnd8,5335,,
2026-08-26,CUpAWj1wVbU,24844,,
2026-08-26,CVFIzDp5iio,11289,,
2026-08-26,CYn4JoQTD1I,673,,
2026-08-26,CYvruxt8Ocw,5367,,
2026-08-26,CgzCQr9ilsw,388,,
2026-08-26,ChKL1KyjlZ4,5246,,
2026-08-26,CkghB9G4vOo,215,,
2026-08-26,Cpa04rQyl18,8637,,
2026-08-26,CufCJMTTKHk,1639,,
2026-08-26,Cy2qJ0Win1I,4447,,
2026-08-26,D-dgFUvl7YA,7956,,
2026-08-26,D4p6nv2t2FA,245,,
2026-08-26,D50nmITTLp8,1808,,
2026-08-26,DAuagmdRSOE,10894,,
2026-08-26,DBkInEbzPk0,2750,,
2026-08-26,DDd5prelU6A,9018,,
2026-08-26,DDiDtP-uOqU,2275,,
2026-08-26,DI-Oxm-J0W0,5585,,
2026-08-26,DIv0FHIZiko,3485,,
2026-08-26,DNsUjaDT3AQ,4176,,
2026-08-26,DPEZ-FtI4UI,8421,,
2026-08-26,DPz-ktdaHII,450,,
2026-08-26,DS_neiUmgrA,2717,,
2026-08-26,DY9enl751Hk,9152,,
2026-08-26,Dcu_IubxG8I,4978,,
2026-08-26,Df9q7HerAA4,4970,,
2026-08-26,DiLjnRqx0xo,3855,,
2026-08-26,DnXALAe3BtY,1599,,
2026-08-26,DohrPYUe11o,1539,,
2026-08-26,DouSkzKX7NE,6514,,
2026-08-26,Drqehd-O2ak,3727,,
2026-08-26,DxUH69hEi9k,453,,
2026-08-26,E6ac_QwimUk,3712,,
2026-08-26,EFc5_Nct8wE,4554,,
2026-08-26,EIKIx9Xpl7c,2750,,
2026-08-26,E_DqVHrHIxM,7917,,
2026-08-26,EckbfLRDGjE,1693,,
2026-08-26,EkKqSnrdG7U,2687,,
2026-08-26,Ezrw0VHCy7w,280,,
2026-08-26,F1hpeZ_T-ww,2830,,
2026-08-26,F5WCr1Md6mk,2147,,
2026-08-26,F5y8-ztKpCM,3821,,
2026-08-26,F8PMKa1dz9g,734,,
2026-08-26,FAIITnGT4wo,4898,,
2026-08-26,FAfQTG-v0Cs,3259,,
2026-08-26,FEqKnaBExZU,9409,,
2026-08-26,FG5G2G-XjhE,14694,,
2026-08-26,FIEy7T-kMmQ,1919,,
2026-08-26,FKbiHBctwwA,3892,,
2026-08-26,FNVB3Ndlrw8,431,,
2026-08-26,FSFC8O9LxRU,2500,,
2026-08-26,FYtl1LolxwQ,10178,,
2026-08-26,Fa8jGX5mvj4,3134,,
2026-08-26,FfCJfpHXt8c,4071,,
2026-08-26,FgTt2XD_ryA,13702,,
2026-08-26,FkK2Rp5xEIc,11064,,
2026-08-26,FlGf6zZGtkk,5293,,
2026-08-26,FlbiS6qn6oE,2733,,
2026-08-26,Fs8L9V90RDk,7864,,
2026-08-26,FsemZttxTN8,5677,,
2026-08-26,G2COlj5SS54,7982,,
2026-08-26,G76WtaecxB4,1197,,
2026-08-26,G9YcpN4TAZw,5192,,
2026-08-26,GEZg76Swgc8,427,,
2026-08-26,GJRAN3_x8U4,3580,,
2026-08-26,GME--_-r_lU,3435,,
2026-08-26,GTD7cyckPnA,271,,
2026-08-26,GYD-rQNG-rI,8920,,
2026-08-26,Gdybpz4wjgY,332,,
2026-08-26,GgtIBQCZxkQ,5303,,
2026-08-26,Gjf4AsYGwU8,11257,,
2026-08-26,GqAXRVF_edY,4106,,
2026-08-26,GqRwtWVepYw,9052,,
2026-08-26,GqWbo7Uo8Ec,5750,,
2026-08-26,Gs03wWJ6vFc,938,,
2026-08-26,Gx6Z5Aj875s,6699,,
2026-08-26,H-jiaEptrx0,4336,,
2026-08-26,H3JH96ZJWzM,787,,
2026-08-26,H5yOaNKxZ-4,21308,,
2026-08-26,H97Ldv1IXtw,18033,,
2026-08-26,HBhaj0_Zm34,4486,,
2026-08-26,HDN25GTdn40,3936,,
2026-08-26,HRQ4Ibbkkco,2269,,
2026-08-26,HUbRq3GR8SI,5006,,
2026-08-26,HbNx1HcTEk4,21917,,
2026-08-26,HlwfZ6atyLw,1902,,
2026-08-26,Hsv6dNsEO40,11020,,
2026-08-26,HvQpYQlLGzg,3868,,
2026-08-26,Hwi-jokx7aI,2688,,
2026-08-26,I-S-0EO3-FA,2884,,
2026-08-26,I1sccj6fjQs,3725,,
2026-08-26,I3T6O4ez75M,4055,,
2026-08-26,I66Prbdjcn0,3478,,
2026-08-26,I6nU9HD6GVk,925,,
2026-08-26,I70TmekxAXE,2643,,
2026-08-26,IAdR2JdoGr8,10233,,
2026-08-26,IB_3oFDAULc,11808,,
2026-08-26,IE6oyFF67A0,15637,,
2026-08-26,IEIg6U_krbY,9695,,
2026-08-26,IF966yryyqY,264,,
2026-08-26,IH591H86iFQ,7245,,
2026-08-26,IHsdTOEuG4g,8681,,
2026-08-26,IJdPXXMpYPk,806,,
2026-08-26,IKIrneFKwJY,622,,
2026-08-26,IM0HdpgIDq8,12421,,
2026-08-26,IQ3zeRLgnt4,3349,,
2026-08-26,IQQViyty9zM,2048,,
2026-08-26,ISKY2Bgz_c0,1225,,
2026-08-26,IXOacyfD7V4,13538,,
2026-08-26,IrGSyH2wlK0,1600,,
2026-08-26,IuZyLH50TMQ,23268,,
2026-08-26,Ix6NRPPJhd8,1208,,
2026-08-26,J-aiAO8-Czk,13110,,
2026-08-26,J1tRJRX44zc,2060,,
2026-08-26,JH6X6472Gdk,3419,,
2026-08-26,JJ0wEMAa0Qg,7752,,
2026-08-26,JNuRoWbolfs,6420,,
2026-08-26,Jep6zVwriOA,7051,,
2026-08-26,Jl2XOwlw5Z4,5610,,
2026-08-26,JpctKDg71Pg,1298,,
2026-08-26,JpfqYvUYNr8,2206,,
2026-08-26,Ju3_gwctpM8,16486,,
2026-08-26,Jyn59AgDf6o,7174,,
2026-08-26,JzsEVr4W5ng,11374,,
2026-08-26,K1YD12TDxwo,1710,,
2026-08-26,K2T8Cd4-ba8,699,,
2026-08-26,K4YFVRGWGEY,2846,,
2026-08-26,K8o_u0_iFJU,7781,,
2026-08-26,K9Asd1xasRc,795,,
2026-08-26,KEnYv8bMxXM,39037,,
2026-08-26,KLTqQaG2asM,4402,,
2026-08-26,KMTemVbHKS4,3433,,
2026-08-26,KNT1a6LakZI,4456,,
2026-08-26,KOF8EQ_YcOU,11999,,
2026-08-26,KOedI8Dr__Y,4529,,
2026-08-26,KTnAV2qb5CY,7974,,
2026-08-26,KVaKaf9FX5I,8379,,
2026-08-26,KXoxeoaSwOA,4394,,
2026-08-26,KiOKGmcOb_g,10287,,
2026-08-26,KlnSnb7YFEY,2688,,
2026-08-26,Kn5RCzQ9ufc,3760,,
2026-08-26,KqZv27fFQlQ,142926,,
2026-08-26,KrjMNWiU52A,16937,,
2026-08-26,KtjAJuKUbDM,15663,,
2026-08-26,L0KEJ_zq0Ak,10437,,
2026-08-26,L5c4VvuaU7w,18337,,
2026-08-26,LD8rxn2RFNE,4413,,
2026-08-26,LMbdAdrLzXg,4305,,
2026-08-26,LMryIj-gt9A,2055,,
2026-08-26,LNWGlnt3wF4,19663,,
2026-08-26,LRySNa5Y0No,5670,,
2026-08-26,LSGYVCqNEjc,4325,,
2026-08-26,LXW_Z8rp3bU,2231,,
2026-08-26,L_mpuGgHhfE,4736,,
2026-08-26,LadLiCQaAwQ,5217,,
2026-08-26,Lbrq5ramx-A,4562,,
2026-08-26,LdYe9MF1QMs,1959,,
2026-08-26,Li2lFki33xM,9279,,
2026-08-26,Lk6JhpGO69M,10338,,
2026-08-26,LmDOOPuqYG8,7726,,
2026-08-26,LpqnF4FROjg,365,,
2026-08-26,Lswdyl9nZtE,9681,,
2026-08-26,M61DCig7ZJY,6198,,
2026-08-26,MA41DUCQWfw,2533,,
2026-08-26,MM879hqJf1U,17888,,
2026-08-26,MRxgJpEyabo,5000,,
2026-08-26,MVWyRSiH4uQ,2632,,
2026-08-26,MWkhT5GG75k,6907,,
2026-08-26,MhZ5AKwboh0,9937,,
2026-08-26,MsxCeW9nTb0,3356,,
2026-08-26,Mtqdsr2BC_A,5611,,
2026-08-26,MvMstvlNNzQ,404,,
2026-08-26,MxDzq8aLzTo,796,,
2026-08-26,N0_ptJC7W48,3807,,
2026-08-26,N54m3zy-uzk,3433,,
2026-08-26,N6qK7AUqn54,10880,,
2026-08-26,NELsP8DaEa8,9863,,
2026-08-26,NEahGL5R0HI,12054,,
2026-08-26,NHGisiXq7eg,7813,,
2026-08-26,NJXuNpJ26us,3547,,
2026-08-26,NJelRHbyeWw,7646,,
2026-08-26,NRlM9dhgPTg,4345,,
2026-08-26,NWOjsRjPomI,2757,,
2026-08-26,NX-1jJ1PuxY,7932,,
2026-08-26,Nc1nItUxpQQ,8185,,
2026-08-26,Nh7jDVmtg0I,1474,,
2026-08-26,NvFqtHcCCXs,3567,,
2026-08-26,Nz2xOcIryF4,9338,,
2026-08-26,O14qr6DPo4Q,7460,,
2026-08-26,O1awyI-zPJs,15273,,
2026-08-26,OD8Jm9Yk0WY,22076,,
2026-08-26,OH7Rlrq71To,35131,,
2026-08-26,OHt_00p2dmY,5722,,
2026-08-26,OLPoLPMdW_g,2157,,
2026-08-26,OVHP92ag6d4,4167,,
2026-08-26,OYxpHMuv29k,8844,,
2026-08-26,O_7ZySSl0mk,4150,,
2026-08-26,OcgJZnE1a6o,771,,
2026-08-26,Ocp1_PPM4sI,23910,,
2026-08-26,OddgScxecfA,6907,,
2026-08-26,Om4MsEtTrnw,1462,,
2026-08-26,OsN0NNVuu7o,22116,,
2026-08-26,Ou7NGOVJ8Pc,3223,,
2026-08-26,OwK8r2uyqHU,6906,,
2026-08-26,P5dvh5HrHaE,8154,,
2026-08-26,P6a8zyHf7YY,967,,
2026-08-26,P7i-qgVG7c4,1804,,
2026-08-26,PLFNoideC9s,12017,,
2026-08-26,PM4DofLA2g0,745,,
2026-08-26,PUTrIDHNxQs,2441,,
2026-08-26,PdO8UebbbSA,1660,,
2026-08-26,Pg0oIg89uDQ,4544,,
2026-08-26,PgvLUj9yWDQ,696,,
2026-08-26,Pk77G5OfECU,5105,,
2026-08-26,PkjXvpbR1q8,9452,,
2026-08-26,Pt8zI30MFm8,7063,,
2026-08-26,PtL2ZgPSF5o,14531,,
2026-08-26,Pwf2T_cntdg,20944,,
2026-08-26,PxyjUIyE5YI,15942,,
2026-08-26,Q-dHeMod7T0,7442,,
2026-08-26,Q1zf4SC-AvQ,2866,,
2026-08-26,QLdp2ZNFM_s,5327,,
2026-08-26,QUNzVqhLUBw,2644,,
2026-08-26,QVi7Ze1DEz4,5614,,
2026-08-26,QY2ox96a1zA,6000,,
2026-08-26,QeCKLvz2tIM,5839,,
2026-08-26,QhRPaWYjWYc,4106,,
2026-08-26,Qrag4Jg-veo,3893,,
2026-08-26,R1S8PFUsVWg,5558,,
2026-08-26,R4hO35nd_OI,6615,,
2026-08-26,R6Ukz91VIAY,1187,,
2026-08-26,R7utAmGPE_M,636,,
2026-08-26,RO6gVW9tdbY,1596,,
2026-08-26,ROV6ce9dkfI,4230,,
2026-08-26,RUy1hElRuUQ,5243,,
2026-08-26,RVWlgBZt6h8,5018,,
2026-08-26,RXEipSzDgtc,22088,,
2026-08-26,Rb2-RE864YY,10786,,
2026-08-26,RdvRwihvUUM,3929,,
2026-08-26,RgeVF0tu6ng,898,,
2026-08-26,RhUoPPchFBU,490,,
2026-08-26,RrVaJ5z_3mU,2997,,
2026-08-26,Rs5p0EuuTDw,9854,,
2026-08-26,Ry8PCL00Sjc,2023,,
2026-08-26,RyckAyrt7xQ,29898,,
2026-08-26,S0W7nQ2q3Kg,7748,,
2026-08-26,SB5QPpcWDXk,8706,,
2026-08-26,SCwP-bR498o,2602,,
2026-08-26,SGOEY0I_FQA,33657,,
2026-08-26,SHzg-IgnKuI,26882,,
2026-08-26,SKEcZIJKPzc,3541,,
2026-08-26,SOXoRwvxcv0,10879,,
2026-08-26,SQdrkq_hBzE,1896,,
2026-08-26,SW7PfbETFx8,2804,,
2026-08-26,SWoYNH7OMZI,1094,,
2026-08-26,SeWXiEIm9oI,1662,,
2026-08-26,Sf25ENrbQGM,1002,,
2026-08-26,ShJ_j2paClA,9293,,
2026-08-26,ShkacKGq5Vk,5451,,
2026-08-26,SkukxahhmRo,6909,,
2026-08-26,Sl5Fl_vOthI,3200,,
2026-08-26,Sl5sYEh_UoU,6211,,
2026-08-26,Sq3rkK6GhuE,245,,
2026-08-26,St5jhqEeasY,4553,,
2026-08-26,T2tuMBwhuKc,6990,,
2026-08-26,TDOWMduvE1o,3082,,
2026-08-26,TEqu2JH5dYc,917,,
2026-08-26,TMvgKj-2Z9k,1015,,
2026-08-26,TP7VDtErEvY,5426,,
2026-08-26,TS9rxa7-CXg,7165,,
2026-08-26,TV3fWx4rQh0,2358,,
2026-08-26,TWUoFcCtDhA,6588,,
2026-08-26,TXAe5nqafRY,1533,,
2026-08-26,T_jQIJSkjGo,7352,,
2026-08-26,TaY5NrLNABM,1335,,
2026-08-26,Tb4JB3eFPXw,5677,,
2026-08-26,Te57wukDp8g,4585,,
2026-08-26,TgJqTy_mCR4,7817,,
2026-08-26,Tj9CJM4ti2w,1740,,
2026-08-26,TqAy1jbJ9w8,8468,,
2026-08-26,TtCijTAgvPc,5106,,
2026-08-26,TvvDTvo-L74,7983,,
2026-08-26,TwfHRcdWHRg,4170,,
2026-08-26,U4zBHwf2MTw,1707,,
2026-08-26,UCaZFYzYm9k,6574,,
2026-08-26,UHGfFw-ZT98,3839,,
2026-08-26,UJOAvX_FD7o,251,,
2026-08-26,UKzsE2t00Jw,416,,
2026-08-26,UOOBf83nIco,37773,,
2026-08-26,UQIBN4D_qIs,2683,,
2026-08-26,UUUH5xnM-Mc,6180,,
2026-08-26,UVdc7kYPJEs,1084,,
2026-08-26,UZ3583GSSOo,3996,,
2026-08-26,UhuJQBAZv84,10505,,
2026-08-26,UiD0-skn904,813,,
2026-08-26,Ulotto-Re6w,4396,,
2026-08-26,UqLF2eIaDxg,7886,,
2026-08-26,V1jmHGrVs_k,9131,,
2026-08-26,V2d8qoEGyEU,232,,
2026-08-26,V3IHs2DwX0U,702,,
2026-08-26,V3nsGV2yOV8,2329,,
2026-08-26,V50CUypS7UM,2970,,
2026-08-26,V6AOpDTpCO4,5074,,
2026-08-26,V6Lm17-mfxA,4439,,
2026-08-26,V6d2Dc1l7BA,7156,,
2026-08-26,VKJLsmW95wc,3775,,
2026-08-26,VKMMVQtaDrM,11631,,
2026-08-26,VLJJ9zvdj2Y,5016,,
2026-08-26,VTOl1gAKo44,3227,,
2026-08-26,VTszds8Y7rU,8021,,
2026-08-26,Vb5gSRAHXCA,3878,,
2026-08-26,VlgtaUj_dho,4040,,
2026-08-26,VoU-7YGmoo0,1853,,
2026-08-26,VvVtNiE0bjA,4095,,
2026-08-26,VwTMGmXxghU,19003,,
2026-08-26,W3I8gwLv0Ro,2989,,
2026-08-26,W6U3fBgQoVg,1976,,
2026-08-26,WD7EzA2sbnI,2110,,
2026-08-26,WIP6ZDjQmww,9775,,
2026-08-26,WKMTSCW51fI,5227,,
2026-08-26,WNFEf_ZwNFw,436,,
2026-08-26,WNhZUBZ8tUc,44695,,
2026-08-26,WWIB8ZW1i6w,2932,,
2026-08-26,WYGsRorORyI,16792,,
2026-08-26,WjgW6u9Tde8,2009,,
2026-08-26,Wu4lafiHjh0,7546,,
2026-08-26,WvVMuiXrqcI,7500,,
2026-08-26,X22UHszz5Dg,4439,,
2026-08-26,X5L0LaarTLg,10678,,
2026-08-26,XAQ_GYsV52A,10068,,
2026-08-26,XEqxbZoaqUw,5169,,
2026-08-26,XIhM9oLObuU,2583,,
2026-08-26,XVwO4OvjwI4,2459,,
2026-08-26,XWSWCP3TBrc,2897,,
2026-08-26,Xm4ScqSNV10,4440,,
2026-08-26,XsCgtUDrxck,2189,,
2026-08-26,Y66yYblAsq8,1891,,
2026-08-26,Y7Rm_Bmu-K0,38982,,
2026-08-26,Y8YjZOGrhJI,3948,,
2026-08-26,YA85ddRTnus,5016,,
2026-08-26,YA_LFvsyLoU,2273,,
2026-08-26,YBMZINlORaw,5991,,
2026-08-26,YDlHWsYd23o,4413,,
2026-08-26,YDmxUb_oNLI,2745,,
2026-08-26,YFjQz7FijWM,15304,,
2026-08-26,YOe2PL-1gT0,671,,
2026-08-26,YXqYOapYqYc,7712,,
2026-08-26,Y_mkJt3oY_k,3578,,
2026-08-26,YiKIKU-5KpY,0,,
2026-08-26,YpCAi9ofhjs,4332,,
2026-08-26,YpMxtemC5y8,4891,,
2026-08-26,YqZzdPYfnso,3629,,
2026-08-26,Ytbx-7bzEGc,4331,,
2026-08-26,Z-s3rXFeosc,6631,,
2026-08-26,Z12fVM_cnaI,10723,,
2026-08-26,Z2njQkTQDKY,5166,,
2026-08-26,Z9Jjrb6xQeo,3580,,
2026-08-26,ZA_G9BP9HLY,495,,
2026-08-26,ZE2dghmFE8Y,22614,,
2026-08-26,ZE3jHXXiSBY,9563,,
2026-08-26,ZE9ENcHPRr8,24493,,
2026-08-26,ZG72S1_wBC0,5052,,
2026-08-26,ZY_oCjE95Ss,393,,
2026-08-26,ZZBZkqJqvu8,11113,,
2026-08-26,Z_REKs508KY,6704,,
2026-08-26,ZaksbmqvxNM,8469,,
2026-08-26,ZcdQLCEyjjU,8667,,
2026-08-26,ZfQ7oKzL-Pw,12543,,
2026-08-26,ZgN1aMmXELI,4826,,
2026-08-26,Zq-NFi8kxlo,49379,,
2026-08-26,ZrqtNoiNSdw,4858,,
2026-08-26,ZsIml_y5qU4,146,,
2026-08-26,ZtUTR0E7VPY,45835,,
2026-08-26,ZvUISEnjqbQ,5419,,
2026-08-26,ZzYTRvOWH1I,4392,,
2026-08-26,_3MWGJ7MUTA,2856,,
2026-08-26,_8p1UyvwmhI,3921,,
2026-08-26,_9BI3P-OH84,1720,,
2026-08-26,_BvUrcl5tls,3157,,
2026-08-26,_EZK5vA1EX0,5303,,
2026-08-26,_FzLqe9KziY,2527,,
2026-08-26,_Jlf2Q0xGZ8,5855,,
2026-08-26,_LzDM8xt_dA,7983,,
2026-08-26,_NHlgOF-WU0,406,,
2026-08-26,_OsQEaApgwY,2535,,
2026-08-26,_UWA2fCxRHI,3771,,
2026-08-26,_auL36M33Aw,2670,,
2026-08-26,_eLkGBx1XiE,1075,,
2026-08-26,_fcTS5NosDs,1564,,
2026-08-26,_r9bm8JLsKc,3391,,
2026-08-26,_wWswU9t8HU,212,,
2026-08-26,_xEjpsA_iVg,2040,,
2026-08-26,_zVLb3rpe5I,6080,,
2026-08-26,_zuQYhMwTgs,5706,,
2026-08-26,a2L6AbyANjw,13365,,
2026-08-26,a2n31BGGWFI,4213,,
2026-08-26,a65XoIF7K7Y,7994,,
2026-08-26,a6qWlOZtG3E,2134,,
2026-08-26,a8g5MvFPwxo,6359,,
2026-08-26,aD-WkrzMJrk,2328,,
2026-08-26,aDDnbn7KVls,13185,,
2026-08-26,aEQu0cO-iG8,2425,,
2026-08-26,aIcW25HaFsI,5121,,
2026-08-26,aMG8tqZ6bW0,2898,,
2026-08-26,aOOR5vp4Kl0,3651,,
2026-08-26,aQF7qqm1iHE,2385,,
2026-08-26,aVKjY_uB3tA,2902,,
2026-08-26,aYgFb-fiwxA,11872,,
2026-08-26,acvpoQwncqI,3064,,
2026-08-26,ad5pxORFPfk,2443,,
2026-08-26,adsB3sGIcVQ,5699,,
2026-08-26,afLeJEbZs2k,6444,,
2026-08-26,ahyTF-4Agkg,988,,
2026-08-26,akC-r5hlDkc,2174,,
2026-08-26,aoh738yJBRA,6450,,
2026-08-26,aqbo0yu_l6g,16185,,
2026-08-26,ar-bXQYvUhs,2489,,
2026-08-26,ath0o3oOJCs,6364,,
2026-08-26,b4fNiXZPqRQ,10105,,
2026-08-26,bHJfRtPpY6E,1659,,
2026-08-26,bHuv7kKqe-A,8208,,
2026-08-26,bJHikj8skz4,2994,,
2026-08-26,bQaZqs74i2Y,5302,,
2026-08-26,bT7qGpnOpo4,4775,,
2026-08-26,b_Obp5cBRZk,5602,,
2026-08-26,bi3ZAQbw8EI,1868,,
2026-08-26,bqTNuZQOziA,10023,,
2026-08-26,bqf0zywB-Wo,11921,,
2026-08-26,c2ket6Qczzw,1485,,
2026-08-26,c3rRnSi93Lw,8759,,
2026-08-26,c6WqvHRlRkc,4400,,
2026-08-26,c9CotszUwYQ,2367,,
2026-08-26,cFn-fD2GmYU,2552,,
2026-08-26,cJwXjAKA0-k,5532,,
2026-08-26,cR199eKHJ4k,350,,
2026-08-26,cWyP2mrcwdM,787,,
2026-08-26,cevjHgZRbrg,295,,
2026-08-26,cfGpIvLPcPw,4983,,
2026-08-26,cga1y52KSCk,3004,,
2026-08-26,cjpnhsKzs1Q,2891,,
2026-08-26,coqZMUFd2C0,36116,,
2026-08-26,cpd3lbm5tL8,3572,,
2026-08-26,cqPVe0nQ1A0,5214,,
2026-08-26,cuZsMnQlDQU,13866,,
2026-08-26,d-msiY5zz5A,3086,,
2026-08-26,d-zJskCnHpI,3119,,
2026-08-26,d09nbbfOIA8,5083,,
2026-08-26,dFH36q7iWiU,244,,
2026-08-26,dHJbG72Itp8,16353,,
2026-08-26,dIqUY3R2_3A,8018,,
2026-08-26,dSmFHbtrZ7g,17898,,
2026-08-26,dURDUSYCm68,15121,,
2026-08-26,dWatNWKO9uk,3525,,
2026-08-26,de7gpeHMS1Q,382,,
2026-08-26,dgkZoy66esM,5311,,
2026-08-26,dijHVnTV0aM,6374,,
2026-08-26,dl3KzRCU-aQ,6584,,
2026-08-26,dlABqtYhbMk,6114,,
2026-08-26,dmbvfKzFSLo,3066,,
2026-08-26,dn-xSg_FT0A,17861,,
2026-08-26,dnI29M9CE44,3986,,
2026-08-26,dnUUMRDbasE,1883,,
2026-08-26,dp7vq7hweXs,1943,,
2026-08-26,dtdf5AeXwB8,420,,
2026-08-26,dtoZraGBx54,16645,,
2026-08-26,dv-40oFi5ak,6813,,
2026-08-26,dx9Qe_629yE,8842,,
2026-08-26,e061vqWD0lQ,1010,,
2026-08-26,e6iHP-UMZnk,5232,,
2026-08-26,e83i1spluHo,6394,,
2026-08-26,eGnLjzejgI4,3032,,
2026-08-26,eK7uM-EeLIk,7776,,
2026-08-26,eLcRSVAncfc,1343,,
2026-08-26,eLhCLA0Jndo,2256,,
2026-08-26,eM2S4pWeczs,154245,,
2026-08-26,eOxOgo6VNzQ,3688,,
2026-08-26,eUkmg5xOC7c,2438,,
2026-08-26,eYY-goMG0N0,4570,,
2026-08-26,ebpANnTL0zw,13643,,
2026-08-26,ecutxRcKQ6I,6471,,
2026-08-26,enR1CfAS5zo,2055,,
2026-08-26,ensnUIxTUHE,14108,,
2026-08-26,er-8YWX70rk,12454,,
2026-08-26,etbk0Z69oDs,819,,
2026-08-26,eu92DDq5snw,5523,,
2026-08-26,eymQ0rXs7d8,6175,,
2026-08-26,f-aH0vpaoyo,10165,,
2026-08-26,f7yvLMqdMJo,4146,,
2026-08-26,f8fN8Uqbb8s,6118,,
2026-08-26,fFdiFTfeCwE,6206,,
2026-08-26,fFgFYRumrDU,11299,,
2026-08-26,fG1-74pj6A4,16486,,
2026-08-26,fHYBRGdrXo0,1948,,
2026-08-26,fIo8SE2ky98,2970,,
2026-08-26,fKvvShsdaWU,18989,,
2026-08-26,fMmn4SMuSdE,4820,,
2026-08-26,fQwyeIriRx8,8488,,
2026-08-26,fZ7RRiEw54E,6424,,
2026-08-26,fbZea8wkoe8,9752,,
2026-08-26,ff5ZGdHsgIA,1098,,
2026-08-26,fg72xV_ZX8g,789,,
2026-08-26,fj2SC2FA324,2055,,
2026-08-26,flJTAxtk67w,11279,,
2026-08-26,flbyvShpL18,4908,,
2026-08-26,fsI10W24Ya8,8113,,
2026-08-26,fwJag8kazvc,1176,,
2026-08-26,gAPX20Ja0zk,2676,,
2026-08-26,gENAeokhMHI,4034,,
2026-08-26,gK1VHYEXt_0,223,,
2026-08-26,gNEGNjVWO0Q,2897,,
2026-08-26,gVj7YvOUjfc,1035,,
2026-08-26,gWdtuyZNxeQ,11285,,
2026-08-26,gXT5p-IBNMg,6065,,
2026-08-26,goQs8La8e94,29628,,
2026-08-26,gpKioDijRD4,1532,,
2026-08-26,gtGmlmLZ3Ps,1229,,
2026-08-26,gy_rDsWx8_4,5009,,
2026-08-26,h1qNF-YaHX8,4926,,
2026-08-26,hBhD4lpfrvw,4195,,
2026-08-26,hBqhV23fZnE,3998,,
2026-08-26,hD4BjVn9YXw,4636,,
2026-08-26,hJ3DwYLFjcY,3930,,
2026-08-26,hRgIER_2tZg,1192,,
2026-08-26,hSuSN9-UZUY,15340,,
2026-08-26,hUQqvZGsp6A,3600,,
2026-08-26,hVMJN3o6-5g,10943,,
2026-08-26,hVVP3uqEbXg,7863,,
2026-08-26,hX5lVJXMurI,6438,,
2026-08-26,h_v3GcIgbvM,18845,,
2026-08-26,hhwrtf3g0yY,4738,,
2026-08-26,hnnt5l96vVE,3603,,
2026-08-26,hrA_TspDTyM,2753,,
2026-08-26,hsiq1QlJqCs,37271,,
2026-08-26,htuK8cgwC-E,2594,,
2026-08-26,hwX4Jil8AFY,2230,,
2026-08-26,hy7L_a8J9z4,6104,,
2026-08-26,hyisCTgnS0g,807,,
2026-08-26,i4tThjQW98w,1477,,
2026-08-26,i5Ufb0FYkDM,2834,,
2026-08-26,i6kooD4epJ0,10164,,
2026-08-26,iCV7kvzQ_bA,20089,,
2026-08-26,iCrYuW2ixu8,2173,,
2026-08-26,iEHsfr9bvpg,13116,,
2026-08-26,iFu9J3h8RBY,8290,,
2026-08-26,iHt3VLuizj4,3731,,
2026-08-26,iKMz8ICRe8I,20917,,
2026-08-26,iNIxuEi7V54,2258,,
2026-08-26,iRyAJEXB_hE,3263,,
2026-08-26,iYHt1pdScK0,208744,,
2026-08-26,i_bfUG57Je8,10615,,
2026-08-26,ipf-y1PaGBg,3806,,
2026-08-26,iuZ57o6ph1A,2434,,
2026-08-26,ixG3RWG-Xdw,10656,,
2026-08-26,j3BrzaBGJqY,3160,,
2026-08-26,j50kYrWuR6U,1342,,
2026-08-26,j9lMyW5Emo0,7457,,
2026-08-26,jBZnliX8R7M,5290,,
2026-08-26,jCGuQ1T3kUE,11430,,
2026-08-26,jQiLi6ev9zM,5006,,
2026-08-26,jTEvYjhQKTM,3526,,
2026-08-26,jV8i3ErC3MA,10357,,
2026-08-26,jdAA_65-h0E,17249,,
2026-08-26,jfEMLlPzKEU,8044,,
2026-08-26,jgfWTFUl_58,1451,,
2026-08-26,jh22fly0d-k,5238,,
2026-08-26,jlV4MmBxgPI,13622,,
2026-08-26,jrnfWiLWFJw,384,,
2026-08-26,k1SjNJaOJcA,7096,,
2026-08-26,k3yhL30Kpnw,1613,,
2026-08-26,k4GBTLOy9aE,11343,,
2026-08-26,k73d1z4sXCE,2706,,
2026-08-26,kCTe19NTny4,2086,,
2026-08-26,kCcXFPN8bK0,2730,,
2026-08-26,kETEBzJrtSA,7404,,
2026-08-26,kFWumpkL5yI,3341,,
2026-08-26,kO5VQOB3sxI,6351,,
2026-08-26,kSbp6GNfK7Y,4532,,
2026-08-26,kUDZK_9QPtA,14496,,
2026-08-26,kYmLSudfROM,5678,,
2026-08-26,kb2G7jcB3Ls,4281,,
2026-08-26,keYeekasjI8,20332,,
2026-08-26,kjl_jo_1HTg,2484,,
2026-08-26,ko82nHa36U4,8997,,
2026-08-26,kpcxQ1XCrq8,254,,
2026-08-26,kr9WECLcJWU,3762,,
2026-08-26,ktZgSqvfl8o,456,,
2026-08-26,kuoLAhyeaJQ,4353,,
2026-08-26,kzApFdb-KEs,778,,
2026-08-26,kzQhIJnlTsI,98216,,
2026-08-26,l4OOeF2yo9Y,3807,,
2026-08-26,lADjNtrJtIo,3160,,
2026-08-26,lCTSpZlGMb4,3787,,
2026-08-26,lN4Nv7R4sBI,10460,,
2026-08-26,lOciy5N92Lg,1560,,
2026-08-26,lOomWUxwNlQ,4523,,
2026-08-26,lSkunEYX5Go,1743,,
2026-08-26,lTCDfNnY4u8,5867,,
2026-08-26,lZj5qfUurLw,4073,,
2026-08-26,lZm2ZwjEy38,3011,,
2026-08-26,lgNWcFP2Ltg,12208,,
2026-08-26,lr1GJQXbj4c,1970,,
2026-08-26,lvOd4uyJkFE,30932,,
2026-08-26,lvtS_HSjXUA,10439,,
2026-08-26,m1gcxwLGPos,5701,,
2026-08-26,m6233lu5J9Q,12001,,
2026-08-26,m9q3qhKxbk4,2485,,
2026-08-26,mDDcQa5yCfI,21013,,
2026-08-26,mHE2XXExu7Q,1253,,
2026-08-26,mHSNcvaQ8YU,1020,,
2026-08-26,mM4k2pf-l9E,6075,,
2026-08-26,mNKdQ1YwHPc,2918,,
2026-08-26,mOqGGh-ot08,13187,,
2026-08-26,m_vvvpnOHfw,409,,
2026-08-26,mhXS2cpJlRo,1969,,
2026-08-26,mkJ-QgvLtyk,12545,,
2026-08-26,mnu4iJG72y8,5497,,
2026-08-26,n5WXv528CII,17958,,
2026-08-26,n93OGgP941o,2380,,
2026-08-26,n9XvIj6hOjc,2139,,
2026-08-26,nDLFzy9hIow,9762,,
2026-08-26,nF0VXXPcAh4,3064,,
2026-08-26,nMQCA_C9zoQ,103803,,
2026-08-26,nPV7ftm2WSg,2187,,
2026-08-26,nRTuARH-N9A,640,,
2026-08-26,nZ-Yf21ufww,9762,,
2026-08-26,n_8ek8wvHc8,5553,,
2026-08-26,nbqcaybmEe8,11704,,
2026-08-26,neQ91eM5hw4,21726,,
2026-08-26,nqQ_uK7yUBw,3069,,
2026-08-26,nuEwWBGiQ4c,3938,,
2026-08-26,nwbp-b7PO4g,7369,,
2026-08-26,nxJqaJgDQIE,4363,,
2026-08-26,nyHN_s3QpkY,7053,,
2026-08-26,o0dULDtKQ-8,9996,,
2026-08-26,o4tmiD22BLI,18827,,
2026-08-26,oCAyG5S7cIw,10511,,
2026-08-26,oDeAAnpEEXU,1959,,
2026-08-26,oKTvQ7d9gYw,28019,,
2026-08-26,oPCHIAxcTHw,38471,,
2026-08-26,oRXt4EmUmKk,4295,,
2026-08-26,oUdstwXRu2c,2807,,
2026-08-26,oZh7YlRGlqA,5180,,
2026-08-26,oZjiL501lAY,1415,,
2026-08-26,o_FRQ02nigQ,5541,,
2026-08-26,ofwkfFci1iI,3346,,
2026-08-26,ol2a1T0BgrM,4468,,
2026-08-26,ol_M2L_mjBI,2681,,
2026-08-26,onlJoxwtQec,1411,,
2026-08-26,oo0K4ydn4rw,6039,,
2026-08-26,p23Rm9i_EIg,6702,,
2026-08-26,p6uuiKju1Gc,4275,,
2026-08-26,p8GqOFBpR5w,4820,,
2026-08-26,p8ZK2nre57U,3921,,
2026-08-26,pC_lpEworvo,1034,,
2026-08-26,pCghepSi0M8,15245,,
2026-08-26,pGUjxBQqY5E,4154,,
2026-08-26,pKvwesJ8-t0,8754,,
2026-08-26,pRB23hC8dZY,3126,,
2026-08-26,pUPzkqLt5WM,4568,,
2026-08-26,pWY2T3MqfCw,3438,,
2026-08-26,pdIXWsxp0_g,3858,,
2026-08-26,pms2oKZcuqo,3431,,
2026-08-26,ppIXkOvS4WI,4640,,
2026-08-26,ptv9GRoEKs0,3791,,
2026-08-26,pyuB406DLuo,11520,,
2026-08-26,pzLWWa96_lE,5966,,
2026-08-26,q4mgxHWrmLM,6374,,
2026-08-26,q52xE5uCNT0,11709,,
2026-08-26,qIxGLqP2ZBA,3396,,
2026-08-26,qJ6pJMN4eiA,2639,,
2026-08-26,qMz0UbGJq4Y,6961,,
2026-08-26,qZi9yeRBf94,3828,,
2026-08-26,q_TknmNwvqA,6105,,
2026-08-26,qabDQ1ebZbQ,6079,,
2026-08-26,qbXC7hLKuGM,260,,
2026-08-26,qd6gmV0qrrk,14559,,
2026-08-26,qiI-rwVGiYQ,1993,,
2026-08-26,qkMCHJ28vsI,2358,,
2026-08-26,qmcbY6Sr_mw,3236,,
2026-08-26,qqQxwunPfLo,5176,,
2026-08-26,qzy12XbaJQ4,1512,,
2026-08-26,r0ZddKvFa9w,7696,,
2026-08-26,r3P6BU0gEVU,7558,,
2026-08-26,r4YE2Zghgbc,2876,,
2026-08-26,r6_PIKzQJ8Q,3122,,
2026-08-26,rAxPIoC8bB4,12703,,
2026-08-26,rJ6YCE4gWS0,1641,,
2026-08-26,rJeHPb9VWP4,2371,,
2026-08-26,rLZUcW0DBTM,9880,,
2026-08-26,rLfvnvBj8Ls,4959,,
2026-08-26,rR2A9ezT_gg,16673,,
2026-08-26,rULrrI9GfWU,1357,,
2026-08-26,rV23IXWdDOY,17306,,
2026-08-26,rVEh3PGiggk,372,,
2026-08-26,r_lWb2SpHO4,10452,,
2026-08-26,rckZ2uBOGYs,4317,,
2026-08-26,rixzhpBKdfg,2679,,
2026-08-26,rlnx986Qxkc,13263,,
2026-08-26,roO2HBjdtQw,5555,,
2026-08-26,rojYn7h_-U4,2271,,
2026-08-26,rqcOPT_Dg7A,7378,,
2026-08-26,ruxKM1qX0Dc,11668,,
2026-08-26,rzIPT2DPtvA,5758,,
2026-08-26,s2GjWfPbh9I,1999,,
2026-08-26,sHQg97i_Hp0,156,,
2026-08-26,sO1rprIWDas,4281,,
2026-08-26,sQH3xPVic6Y,3904,,
2026-08-26,sVwAWTxKDJ0,7916,,
2026-08-26,sXRGp_ttFI4,7176,,
2026-08-26,sZhgf8PQ5gc,8597,,
2026-08-26,scIFhQSvvlE,2738,,
2026-08-26,scM9aI9kTus,4961,,
2026-08-26,skABNIsQ3fA,12560,,
2026-08-26,smATVd6dk-k,14123,,
2026-08-26,sqx6twZgR-k,3934,,
2026-08-26,ssIA_N2u50Y,7276,,
2026-08-26,syPu5HdMT4k,1021,,
2026-08-26,t01TItG_UAQ,605,,
2026-08-26,t1UIIjuMirY,8792,,
2026-08-26,t1kj63890o8,3591,,
2026-08-26,t3G_N5DO6us,6260,,
2026-08-26,t4gVVdxtNWE,8705,,
2026-08-26,tGsk0H21JgE,2149,,
2026-08-26,t_RBOUZAqGw,4559,,
2026-08-26,tcomjtcMjLE,1106,,
2026-08-26,tdc-zfxIlEY,32600,,
2026-08-26,tiDCtcHjdQU,7199,,
2026-08-26,trS0kTq6Tk8,1652,,
2026-08-26,txSX7-1XQOE,2654,,
2026-08-26,tyRJESdSDm4,14787,,
2026-08-26,tz7n--I4rDU,1504,,
2026-08-26,u00LAYagwGo,4509,,
2026-08-26,u4e1ijV4iRQ,5382,,
2026-08-26,u7xKzLuKt5I,17657,,
2026-08-26,uNX13pgpGBU,5553,,
2026-08-26,uXbngiOXOD0,10441,,
2026-08-26,ub9JNL8EhJ4,1476,,
2026-08-26,uk5ADKNqHoc,1472,,
2026-08-26,ul9Sw7brukY,1595,,
2026-08-26,umNEJg2sj50,976,,
2026-08-26,un8Mt5f-mUE,10686,,
2026-08-26,usRrwR8CUb8,9271,,
2026-08-26,uxxwN68AJHE,5534,,
2026-08-26,v-ylvHTi_Mc,3385,,
2026-08-26,v0kp6W42yf4,2916,,
2026-08-26,v1J7bERLirA,3272,,
2026-08-26,v9INdKeBJEI,42758,,
2026-08-26,vDzWHTMsp_Y,1745,,
2026-08-26,vHvpM9nSO3Q,4084,,
2026-08-26,vIAhcX4SppA,3221,,
2026-08-26,vKYW7MTBAFg,10161,,
2026-08-26,vM5V9hoDKnQ,9004,,
2026-08-26,vQI78T3g4Gg,6263,,
2026-08-26,vUEmbLAxZ0Y,1103,,
2026-08-26,vWTTG9XlMoY,13858,,
2026-08-26,v_JJzLJ0eRw,4768,,
2026-08-26,vmSPrsKC8i8,51807,,
2026-08-26,vqsoh8y6xa8,5580,,
2026-08-26,vuvK_DUcqCk,7961,,
2026-08-26,vy88MX2ss_g,7516,,
2026-08-26,vyg196YvsgE,1044,,
2026-08-26,w3HciqK70s4,1671,,
2026-08-26,w68xGF_YIgU,25493,,
2026-08-26,w6b2AkddE8Y,2658,,
2026-08-26,w9kpcvkWngA,6671,,
2026-08-26,wBWXzI7uJYo,3720,,
2026-08-26,wGDSdaXZj00,45359,,
2026-08-26,wHcblaGXua8,10267,,
2026-08-26,wLB8pR4uME0,2798,,
2026-08-26,wSEMUoR4FS4,1499,,
2026-08-26,wSnq-Unha34,180057,,
2026-08-26,wX47G7oi_Z4,1966,,
2026-08-26,wg1R2_G_LEc,6443,,
2026-08-26,wnahjxPk5rk,2296,,
2026-08-26,wpHm4ARAChc,22211,,
2026-08-26,wpWCpGTZE2A,1917,,
2026-08-26,wuZgRtutoHQ,8223,,
2026-08-26,wutJAXwvMqo,9417,,
2026-08-26,wwtaQ_PNx1M,2970,,
2026-08-26,wxWz6zDC2wo,1503,,
2026-08-26,wzSn1b5XXtk,1913,,
2026-08-26,x3gjYoDR5tA,2637,,
2026-08-26,x5fPiJUOMk0,3906,,
2026-08-26,xGMFiacVSrk,5148,,
2026-08-26,xMbY5fkmK0A,3572,,
2026-08-26,xQKEy65zAso,64860,,
2026-08-26,xTpYdSgeWPc,1187,,
2026-08-26,x_KffjhARa0,2803,,
2026-08-26,xe6w3VmUf5I,6123,,
2026-08-26,xs2J2KW1q8Q,8501,,
2026-08-26,xvdkNKQAbJ8,1841,,
2026-08-26,xwLoo8ThKHI,861,,
2026-08-26,xxC2s5JBYZM,332,,
2026-08-26,xya7ZlFJ-x8,2278,,
2026-08-26,y3rXMXG_UF8,3795,,
2026-08-26,y4Yqheg9DuY,15671,,
2026-08-26,y6T5kX1L0aw,1629,,
2026-08-26,y76fsYJCAO0,1653,,
2026-08-26,y8mTWAs2PPw,3196,,
2026-08-26,yF9W5KZ4lfs,6532,,
2026-08-26,yGc4NnBE6nY,4964,,
2026-08-26,yJTEsQi0G98,1711,,
2026-08-26,yKCrM_XkKaY,15654,,
2026-08-26,yKIM1UxtbpU,2084,,
2026-08-26,yPh9jEw5_Lw,2864,,
2026-08-26,ySg8CEjxwwo,5840,,
2026-08-26,yUQ4NYv_io0,3501,,
2026-08-26,yXWhKEoL3QU,3991,,
2026-08-26,yo-Wdxc6ng0,3512,,
2026-08-26,yrJ1mvA6eIM,10213,,
2026-08-26,yrcwoFLtS5Y,7465,,
2026-08-26,ytt9pEb78FA,5057,,
2026-08-26,z-n_vz4gFRw,14562,,
2026-08-26,z0A-aCcVXSA,3104,,
2026-08-26,z2SU31i7Uo4,9486,,
2026-08-26,z8MJYHsQh5c,17076,,
2026-08-26,zCk1p-hPBCs,158,,
2026-08-26,zDtacZ_qT0Y,12224,,
2026-08-26,zI6L_SkYqkU,1259,,
2026-08-26,zLgpLCYCbyA,2584,,
2026-08-26,zSvZdF7CBjU,6325,,
2026-08-26,zVMIZRDSvCc,1774,,
2026-08-26,zXbAf49C9vE,6726,,
2026-08-26,zceKtRTdgSo,14526,,
2026-08-26,zjYgzIlRmOk,7139,,
2026-08-26,zksWnpcM05I,4333,,
2026-08-26,zpX-Xs1a9MY,3148,,
2026-08-26,zrRTPvOBEnU,2835,,
2026-08-26,zsRQcswYx8w,2840,,
2026-08-26,zsYZHcSRvB8,25579,,
2026-08-26,zsaXdCEuYsY,2266,,
2026-08-26,zufjmNpcSlg,1613,,
2026-08-26,zvjhIylspTc,10177,,
2026-08-26,zxwGfKCo6as,4769,,
2026-08-26,zyY2aRVZMp4,1271,,
2026-08-26,zzWIE6Sg_E0,22497,,
2026-08-27,0PBCtb7Va-c,7033,,
2026-08-27,0Zsljntls0k,2792,,
2026-08-27,0c5PF6WpL7o,915,,
2026-08-27,4n4yKMederk,8694,,
2026-08-27,9rJgQmuc2SM,6729,,
2026-08-27,F5WCr1Md6mk,2148,,
2026-08-27,GME--_-r_lU,3439,,
2026-08-27,GkiVQ_WvpZA,7867,,
2026-08-27,I6nU9HD6GVk,929,,
2026-08-27,IM0HdpgIDq8,12425,,
2026-08-27,JJ0wEMAa0Qg,7773,,
2026-08-27,JpctKDg71Pg,1299,,
2026-08-27,NEahGL5R0HI,12093,,
2026-08-27,NJXuNpJ26us,3560,,
2026-08-27,Pg0oIg89uDQ,4574,,
2026-08-27,aEQu0cO-iG8,2433,,
2026-08-27,aVKjY_uB3tA,2906,,
2026-08-27,fnKAo4k4j0I,759,,
2026-08-27,fwJag8kazvc,1176,,
2026-08-27,hJ3DwYLFjcY,3932,,
2026-08-27,hVVP3uqEbXg,7878,,
2026-08-27,mOqGGh-ot08,13193,,
2026-08-27,nqQ_uK7yUBw,3086,,
2026-08-27,pCghepSi0M8,15273,,
2026-08-27,ppIXkOvS4WI,4647,,
2026-08-27,r6_PIKzQJ8Q,3127,,
2026-08-27,roO2HBjdtQw,5560,,
2026-08-27,uNX13pgpGBU,5557,,
2026-08-27,xGMFiacVSrk,5151,,
2026-08-27,yJTEsQi0G98,1712,,
2026-08-27,zXbAf49C9vE,6737,,
2026-08-28,-Fkj0aK2dO8,6026,,
2026-08-28,0PBCtb7Va-c,7046,,
2026-08-28,0Zsljntls0k,2922,,
2026-08-28,0c5PF6WpL7o,942,,
2026-08-28,4n4yKMederk,8733,,
2026-08-28,7sRKccOoPbY,9169,,
2026-08-28,9rJgQmuc2SM,6742,,
2026-08-28,Ati51CQqpKY,6173,,
2026-08-28,F5WCr1Md6mk,2151,,
2026-08-28,GME--_-r_lU,3451,,
2026-08-28,GkiVQ_WvpZA,9531,,
2026-08-28,I6nU9HD6GVk,936,,
2026-08-28,IM0HdpgIDq8,12429,,
2026-08-28,JJ0wEMAa0Qg,7808,,
2026-08-28,JpctKDg71Pg,1303,,
2026-08-28,KNwEQXDv5XM,8531,,
2026-08-28,Kh_0ICA5cfg,6339,,
2026-08-28,MOmBOx1LEJU,48289,,
2026-08-28,NEahGL5R0HI,12144,,
2026-08-28,NJXuNpJ26us,3573,,
2026-08-28,Pg0oIg89uDQ,4630,,
2026-08-28,QQh0twun7tg,48967,,
2026-08-28,U9sNqbVd1L8,4579,,
2026-08-28,_ALc4VJkpjA,13501,,
2026-08-28,aEQu0cO-iG8,2449,,
2026-08-28,aVKjY_uB3tA,2914,,
2026-08-28,cMFi9XkhDDQ,2619,,
2026-08-28,ccZaP6LEaLI,9904,,
2026-08-28,eokbRB_Y2CU,4649,,
2026-08-28,f1eFQJocAow,7829,,
2026-08-28,fnKAo4k4j0I,3782,,
2026-08-28,fwJag8kazvc,1180,,
2026-08-28,hJ3DwYLFjcY,3935,,
2026-08-28,hVVP3uqEbXg,7908,,
2026-08-28,mOqGGh-ot08,13210,,
2026-08-28,nqQ_uK7yUBw,3115,,
2026-08-28,p-Ig77st4KY,8993,,
2026-08-28,pCghepSi0M8,15350,,
2026-08-28,pTqxjQV_PYU,9811,,
2026-08-28,pj41DZonKFU,6026,,
2026-08-28,ppIXkOvS4WI,4662,,
2026-08-28,r6_PIKzQJ8Q,3131,,
2026-08-28,roO2HBjdtQw,5574,,
2026-08-28,sl11WONqgaQ,3761,,
2026-08-28,uNX13pgpGBU,5563,,
2026-08-28,xGMFiacVSrk,5156,,
2026-08-28,yJTEsQi0G98,1711,,
2026-08-28,zXbAf49C9vE,6762,,
2026-08-29,0PBCtb7Va-c,7057,,
2026-08-29,0Zsljntls0k,3032,,
2026-08-29,0c5PF6WpL7o,964,,
2026-08-29,4n4yKMederk,8767,,
2026-08-29,9rJgQmuc2SM,6753,,
2026-08-29,F5WCr1Md6mk,2151,,
2026-08-29,GME--_-r_lU,3463,,
2026-08-29,GkiVQ_WvpZA,10123,,
2026-08-29,I6nU9HD6GVk,941,,
2026-08-29,IM0HdpgIDq8,12437,,
2026-08-29,JJ0wEMAa0Qg,7838,,
2026-08-29,JpctKDg71Pg,1312,,
2026-08-29,NEahGL5R0HI,12206,,
2026-08-29,NJXuNpJ26us,3583,,
2026-08-29,Pg0oIg89uDQ,4689,,
2026-08-29,aEQu0cO-iG8,2476,,
2026-08-29,aVKjY_uB3tA,2922,,
2026-08-29,fnKAo4k4j0I,10019,,
2026-08-29,fwJag8kazvc,1188,,
2026-08-29,hJ3DwYLFjcY,3937,,
2026-08-29,hVVP3uqEbXg,7936,,
2026-08-29,nqQ_uK7yUBw,3126,,
2026-08-29,pCghepSi0M8,15431,,
2026-08-29,ppIXkOvS4WI,4677,,
2026-08-29,r6_PIKzQJ8Q,3142,,
2026-08-29,roO2HBjdtQw,5606,,
2026-08-29,uNX13pgpGBU,5569,,
2026-08-29,xGMFiacVSrk,5164,,
2026-08-29,yJTEsQi0G98,1712,,
2026-08-29,zXbAf49C9vE,6786,,
2026-08-30,0PBCtb7Va-c,7070,,
2026-08-30,0Zsljntls0k,3129,,
2026-08-30,0c5PF6WpL7o,983,,
2026-08-30,4n4yKMederk,8795,,
2026-08-30,9rJgQmuc2SM,6768,,
2026-08-30,F5WCr1Md6mk,2154,,
2026-08-30,GME--_-r_lU,3477,,
2026-08-30,GkiVQ_WvpZA,10744,,
2026-08-30,I6nU9HD6GVk,948,,
2026-08-30,IM0HdpgIDq8,12443,,
2026-08-30,JJ0wEMAa0Qg,7864,,
2026-08-30,JpctKDg71Pg,1317,,
2026-08-30,NEahGL5R0HI,12300,,
2026-08-30,NJXuNpJ26us,3588,,
2026-08-30,Pg0oIg89uDQ,4762,,
2026-08-30,aEQu0cO-iG8,2496,,
2026-08-30,aVKjY_uB3tA,2936,,
2026-08-30,fnKAo4k4j0I,16020,,
2026-08-30,fwJag8kazvc,1190,,
2026-08-30,hJ3DwYLFjcY,3939,,
2026-08-30,hVVP3uqEbXg,7968,,
2026-08-30,nqQ_uK7yUBw,3134,,
2026-08-30,pCghepSi0M8,15525,,
2026-08-30,ppIXkOvS4WI,4686,,
2026-08-30,r6_PIKzQJ8Q,3153,,
2026-08-30,roO2HBjdtQw,5626,,
2026-08-30,uNX13pgpGBU,5582,,
2026-08-30,xGMFiacVSrk,5179,,
2026-08-30,yJTEsQi0G98,1714,,
2026-08-30,zXbAf49C9vE,6810,,
2026-08-31,0PBCtb7Va-c,7081,,
2026-08-31,0Zsljntls0k,3220,,
2026-08-31,0c5PF6WpL7o,992,,
2026-08-31,3A0Gwb7nmw8,2884,,
2026-08-31,4n4yKMederk,8838,,
2026-08-31,5b4RSDrkc8I,4878,,
2026-08-31,9rJgQmuc2SM,6779,,
2026-08-31,ATXZbbUsHVw,3830,,
2026-08-31,ClAz_Etby1k,3822,,
2026-08-31,F5WCr1Md6mk,2159,,
2026-08-31,GME--_-r_lU,3496,,
2026-08-31,GkiVQ_WvpZA,11250,,
2026-08-31,I6nU9HD6GVk,951,,
2026-08-31,IM0HdpgIDq8,12449,,
2026-08-31,JJ0wEMAa0Qg,7893,,
2026-08-31,JpctKDg71Pg,1321,,
2026-08-31,N9CZswDtnCA,3670,,
2026-08-31,NEahGL5R0HI,12401,,
2026-08-31,NJXuNpJ26us,3602,,
2026-08-31,Nhb3_wu7Ddk,14161,,
2026-08-31,Pg0oIg89uDQ,4829,,
2026-08-31,PmY9rmZK_oM,2104,,
2026-08-31,UVkQsLv7n2s,2437,,
2026-08-31,UxyCkiufJyg,3543,,
2026-08-31,WUchEyRFIxw,4117,,
2026-08-31,aEQu0cO-iG8,2510,,
2026-08-31,aVKjY_uB3tA,2942,,
2026-08-31,dA0DwmLmQ9s,7428,,
2026-08-31,fnKAo4k4j0I,18913,,
2026-08-31,fwJag8kazvc,1192,,
2026-08-31,gAlQprevPh0,3202,,
2026-08-31,hJ3DwYLFjcY,3955,,
2026-08-31,hVVP3uqEbXg,8012,,
2026-08-31,iY0az_GdCiI,6101,,
2026-08-31,nqQ_uK7yUBw,3155,,
2026-08-31,pCghepSi0M8,15615,,
2026-08-31,ppIXkOvS4WI,4700,,
2026-08-31,r6_PIKzQJ8Q,3161,,
2026-08-31,roO2HBjdtQw,5655,,
2026-08-31,svTgRSTyypU,30747,,
2026-08-31,uNX13pgpGBU,5598,,
2026-08-31,xGMFiacVSrk,5181,,
2026-08-31,xZIOdejjTlg,3066,,
2026-08-31,yJTEsQi0G98,1717,,
2026-08-31,yeBCQurwTAM,4049,,
2026-08-31,zXbAf49C9vE,6832,,
2026-08-31,zx1Xu1eI_UM,2196,,
