date,video_id,views,likes,comments
2026-09-01,0PBCtb7Va-c,7089,,
2026-09-01,0Zsljntls0k,3312,,
2026-09-01,0c5PF6WpL7o,1002,,
2026-09-01,4n4yKMederk,8893,,
2026-09-01,9rJgQmuc2SM,6791,,
2026-09-01,ATXZbbUsHVw,6644,,
2026-09-01,GME--_-r_lU,3511,,
2026-09-01,GkiVQ_WvpZA,11461,,
2026-09-01,I6nU9HD6GVk,956,,
2026-09-01,IM0HdpgIDq8,12455,,
2026-09-01,JJ0wEMAa0Qg,7935,,
2026-09-01,JpctKDg71Pg,1327,,
2026-09-01,NEahGL5R0HI,12477,,
2026-09-01,NJXuNpJ26us,3608,,
2026-09-01,Pg0oIg89uDQ,4882,,
2026-09-01,SoVnrdQ7b_s,5245,,
2026-09-01,aEQu0cO-iG8,2530,,
2026-09-01,aVKjY_uB3tA,2951,,
2026-09-01,fnKAo4k4j0I,19821,,
2026-09-01,fwJag8kazvc,1194,,
2026-09-01,hJ3DwYLFjcY,3961,,
2026-09-01,hVVP3uqEbXg,8046,,
2026-09-01,nqQ_uK7yUBw,3173,,
2026-09-01,pCghepSi0M8,15699,,
2026-09-01,ppIXkOvS4WI,4712,,
2026-09-01,r6_PIKzQJ8Q,3161,,
2026-09-01,roO2HBjdtQw,5675,,
2026-09-01,uNX13pgpGBU,5615,,
2026-09-01,xGMFiacVSrk,5189,,
2026-09-01,yJTEsQi0G98,1719,,
2026-09-01,zXbAf49C9vE,6849,,
2026-09-02,--eCZ5KJphU,1995,,
2026-09-02,-27X7n7IstM,6958,,
2026-09-02,-3dLSMzi38k,5144,,
2026-09-02,-FJcDEQ2CB0,14613,,
2026-09-02,-GYR8m5pqkI,10806,,
2026-09-02,-SxNX1_ipZ0,4549,,
2026-09-02,-WID9zHoKhE,372,,
2026-09-02,-pXsceBZ-uI,1966,,
2026-09-02,01F_B8RaurQ,364,,
2026-09-02,0A3d0lovA9c,3091,,
2026-09-02,0BvJ_8VSpAQ,20158,,
2026-09-02,0JFuxpSFiLo,21407,,
2026-09-02,0Mur3o4gJn4,5933,,
2026-09-02,0PBCtb7Va-c,7109,,
2026-09-02,0U0-9stDv2w,6856,,
2026-09-02,0YdWcjA5acg,8319,,
2026-09-02,0Zsljntls0k,3401,,
2026-09-02,0_I4PHJ-miw,21751,,
2026-09-02,0c5PF6WpL7o,1020,,
2026-09-02,0dqRFbgCuVg,6687,,
2026-09-02,0irTZK6Z_YI,992,,
2026-09-02,0jvB7_mRdVk,1565,,
2026-09-02,0luCN1MyFX8,11270,,
2026-09-02,0nv1NY1lx_E,5388,,
2026-09-02,0t_oTJZ6Irs,6850,,
2026-09-02,13jLs1WwfTY,4868,,
2026-09-02,14FLm6zvvlM,3337,,
2026-09-02,1APEiSZz2zM,323,,
2026-09-02,1M5hO5Iz4hQ,11759,,
2026-09-02,1WejSH57PSA,556,,
2026-09-02,1_CE104JHi8,4508,,
2026-09-02,1fn9RPaSFvM,4222,,
2026-09-02,1gAj8idUtrk,13051,,
2026-09-02,1k6Bzkiw48o,11087,,
2026-09-02,1qYWYaGdxt4,1447,,
2026-09-02,1uRRhugMzlE,4438,,
2026-09-02,1vJB1yOPOf0,7483,,
2026-09-02,1yK9VWnQpx4,22264,,
2026-09-02,24Ib0j0xDxE,16030,,
2026-09-02,2CnmP8lvGE4,6373,,
2026-09-02,2JqFe4tSOyk,10545,,
2026-09-02,2OdJHlmdu3A,3441,,
2026-09-02,2WaFFWc3lno,6233,,
2026-09-02,2bY_4Ut49J8,4118,,
2026-09-02,2l0-duQwSfI,5421,,
2026-09-02,2lZK2lUb6ew,10711,,
2026-09-02,2qLT-wnFaP0,7968,,
2026-09-02,2qZb4PtGQUg,3263,,
2026-09-02,2qron8l5-WA,2948,,
2026-09-02,2vAcCPS9-YE,3147,,
2026-09-02,3BNqAqRukts,17835,,
2026-09-02,3Cm_qVj04z0,339,,
2026-09-02,3DNRCakknE0,4693,,
2026-09-02,3HUs08W6-8o,16046,,
2026-09-02,3KJwgGv_hq0,4092,,
2026-09-02,3Nh8y-oesJ0,8017,,
2026-09-02,3gPoLb5rT70,16996,,
2026-09-02,3iUH-OYuGIo,235,,
2026-09-02,3jZh-NYS564,6950,,
2026-09-02,3nGph8PX2-Q,3541,,
2026-09-02,3xtwXWyEfhk,1801,,
2026-09-02,49KORRES2ks,2331,,
2026-09-02,4Q1Xe92xmwI,9771,,
2026-09-02,4VN65sXHXSU,5826,,
2026-09-02,4WHM_GRby90,5879,,
2026-09-02,4aUWIhJE2n4,3670,,
2026-09-02,4b4THjNuDW0,610,,
2026-09-02,4n-UnjzY3B0,254,,
2026-09-02,4n4yKMederk,8934,,
2026-09-02,4qtFClwSzc8,1467,,
2026-09-02,4r4Fv5i5zCI,7246,,
2026-09-02,4tli9Q4KZ3w,3288,,
2026-09-02,4vHxpaifn9w,25405,,
2026-09-02,4zfnW56TcvY,3026,,
2026-09-02,5I2-cQ7oa10,3654,,
2026-09-02,5MHf5WPH1v4,4544,,
2026-09-02,5R6l50LDlV4,3599,,
2026-09-02,5kFO9eUjRPk,13059,,
2026-09-02,5sVEspUzpGY,3828,,
2026-09-02,5t3KYPZKUe4,10836,,
2026-09-02,615ClJ5oqkw,1223,,
2026-09-02,62v6RgdBly0,2430,,
2026-09-02,69_RI4iZxuQ,6582,,
2026-09-02,6BegJIenaBE,9897,,
2026-09-02,6Bmjis1ofzE,6203,,
2026-09-02,6SV0Lm47pvY,2486,,
2026-09-02,6TcR8BFdyJM,2938,,
2026-09-02,6VUBa5NSLU8,978,,
2026-09-02,6Xmd08nL2G4,4797,,
2026-09-02,6d8jMrgjDuE,3272,,
2026-09-02,6iCAxQUz4aQ,5903,,
2026-09-02,6l3bIPltt3A,7098,,
2026-09-02,6ob9UwPviJA,5166,,
2026-09-02,6tcSoXsMs9c,6240,,
2026-09-02,6vhfb7LUUYc,3616,,
2026-09-02,6zLWdLXiJC8,14132,,
2026-09-02,73a6CtNTac4,10266,,
2026-09-02,7BXf6nTyiCQ,3906,,
2026-09-02,7BkLmVdcaJw,6526,,
2026-09-02,7EgU3ReHrIc,1267,,
2026-09-02,7FZrM9iMsCM,6367,,
2026-09-02,7IZ5eCJ3Vqc,2475,,
2026-09-02,7NZvpCqH7eA,2782,,
2026-09-02,7NbPwroPQ80,3055,,
2026-09-02,7Odyxk-S9f0,53656,,
2026-09-02,7PSt_Gouh6g,2825,,
2026-09-02,7cpCkvLwQsI,2128,,
2026-09-02,7dlhZLngdvM,8883,,
2026-09-02,7m_UlzkGLlA,36392,,
2026-09-02,7tKbMZqzLks,2877,,
2026-09-02,7ufObjxCBKI,14760,,
2026-09-02,7wuBlcFsfvc,4390,,
2026-09-02,7zHiFWEJfZY,8851,,
2026-09-02,87Vb6sa1KcY,1461,,
2026-09-02,8OPlCKgcSO8,6484,,
2026-09-02,8T1Pe58GJpw,4314,,
2026-09-02,8UOwBfCgZn8,1054,,
2026-09-02,8UWpsEyQwCU,4013,,
2026-09-02,8_fxIwJi8eI,12833,,
2026-09-02,8fwEHUkKTFc,1257,,
2026-09-02,8hbiWsIlhQ0,1288,,
2026-09-02,8pRl03u-hjI,8081,,
2026-09-02,8r9S_xIzqLk,4087,,
2026-09-02,8tmQ6wySUSI,4659,,
2026-09-02,900BOlBTFNg,36553,,
2026-09-02,99bQhxWPWuo,9306,,
2026-09-02,9BmwbWSPXwY,4815,,
2026-09-02,9Fhr7gYQPBM,1472,,
2026-09-02,9O3XYd0F6VI,11516,,
2026-09-02,9Ot1RhssfL0,773,,
2026-09-02,9TvuNO-fnXM,16322,,
2026-09-02,9_6yRxY8iiY,9922,,
2026-09-02,9cZh_IuGMyM,384,,
2026-09-02,9dFDeUNHViY,9399,,
2026-09-02,9gFQ9rFMKEA,39433,,
2026-09-02,9h2v-rVmwEA,8728,,
2026-09-02,9hOkPAYmpPM,6694,,
2026-09-02,9hgzA60ZGZg,5571,,
2026-09-02,9rJgQmuc2SM,6800,,
2026-09-02,9rVcXaVHCXw,2630,,
2026-09-02,9wgzzLCatp8,854,,
2026-09-02,9yg2AIYdu6E,1748,,
2026-09-02,A4wr-iI2hJU,21645,,
2026-09-02,A5ojgoN39Lc,6425,,
2026-09-02,A9RXB8YTc6Y,12993,,
2026-09-02,ADwtKtLtE8Q,2020,,
2026-09-02,AKDQisHl8Ek,3933,,
2026-09-02,AKJRVoJu_Q4,7515,,
2026-09-02,ANYrzwn5h_M,4668,,
2026-09-02,AO1WNfgIgiE,8588,,
2026-09-02,ASSnCNI-KlM,1269,,
2026-09-02,ATXZbbUsHVw,7516,,
2026-09-02,AU7Z9h1x1Ys,700,,
2026-09-02,AUG114ir5eQ,1241,,
2026-09-02,AUxR3aTc3ng,1512,,
2026-09-02,AaCd4amsV0U,2037,,
2026-09-02,Ac6AOC9yxJE,4338,,
2026-09-02,AcR00ZHbVKU,7562,,
2026-09-02,AgcnylfczPE,10699,,
2026-09-02,AmYVHRf2Aq8,8681,,
2026-09-02,Ao4VRNX_h4A,12370,,
2026-09-02,Aq3emUbqTbA,805,,
2026-09-02,B0IPEMdrCRA,3044,,
2026-09-02,B5xTJMahaK4,2529,,
2026-09-02,B9FbWxNdJPY,19456,,
2026-09-02,B9zmRMY6ISI,2736,,
2026-09-02,BNze82M59-E,7058,,
2026-09-02,BSum-2t0a28,4660,,
2026-09-02,B_OF2TYLnQw,6355,,
2026-09-02,B_rcAwySccg,3554,,
2026-09-02,BdCpg8-TlGg,3569,,
2026-09-02,BfLT1TlZInE,20140,,
2026-09-02,BfjZU1zyiOc,1883,,
2026-09-02,BkAhos9qrLQ,2140,,
2026-09-02,BsWIaYs09vc,6131,,
2026-09-02,BskXYIlyNzA,5985,,
2026-09-02,C5ETgNOq1gQ,14496,,
2026-09-02,C5Rh96Gz8yg,6979,,
2026-09-02,C9AMwVwgVPo,3050,,
2026-09-02,C9FJCiew0s8,4066,,
2026-09-02,CD6KcQMdzfc,2836,,
2026-09-02,CEF9v_JMVe8,7286,,
2026-09-02,CJkJWnPzguM,21738,,
2026-09-02,CKAGWlmyXbA,8945,,
2026-09-02,CMh4ttABaiE,1227,,
2026-09-02,CSTFP0gKnd8,5339,,
2026-09-02,CUpAWj1wVbU,24938,,
2026-09-02,CVFIzDp5iio,11295,,
2026-09-02,CYn4JoQTD1I,673,,
2026-09-02,CYvruxt8Ocw,5379,,
2026-09-02,CgzCQr9ilsw,388,,
2026-09-02,ChKL1KyjlZ4,5255,,
2026-09-02,CkghB9G4vOo,215,,
2026-09-02,Cpa04rQyl18,8803,,
2026-09-02,CufCJMTTKHk,1645,,
2026-09-02,Cy2qJ0Win1I,4470,,
2026-09-02,D-dgFUvl7YA,7996,,
2026-09-02,D4p6nv2t2FA,245,,
2026-09-02,D50nmITTLp8,1808,,
2026-09-02,DAuagmdRSOE,10926,,
2026-09-02,DBkInEbzPk0,2766,,
2026-09-02,DDd5prelU6A,9041,,
2026-09-02,DDiDtP-uOqU,2275,,
2026-09-02,DI-Oxm-J0W0,5595,,
2026-09-02,DIv0FHIZiko,3486,,
2026-09-02,DNsUjaDT3AQ,4193,,
2026-09-02,DPEZ-FtI4UI,8445,,
2026-09-02,DPz-ktdaHII,450,,
2026-09-02,DS_neiUmgrA,2717,,
2026-09-02,DY9enl751Hk,9178,,
2026-09-02,Dcu_IubxG8I,4979,,
2026-09-02,Df9q7HerAA4,4976,,
2026-09-02,DiLjnRqx0xo,3856,,
2026-09-02,DnXALAe3BtY,1599,,
2026-09-02,DohrPYUe11o,1540,,
2026-09-02,DouSkzKX7NE,6528,,
2026-09-02,Drqehd-O2ak,3752,,
2026-09-02,DxUH69hEi9k,455,,
2026-09-02,E6ac_QwimUk,3719,,
2026-09-02,EFc5_Nct8wE,4560,,
2026-09-02,EIKIx9Xpl7c,2756,,
2026-09-02,E_DqVHrHIxM,7942,,
2026-09-02,EckbfLRDGjE,1694,,
2026-09-02,EkKqSnrdG7U,2687,,
2026-09-02,Ezrw0VHCy7w,280,,
2026-09-02,F1hpeZ_T-ww,2847,,
2026-09-02,F5y8-ztKpCM,3823,,
2026-09-02,F8PMKa1dz9g,734,,
2026-09-02,FAIITnGT4wo,4908,,
2026-09-02,FAfQTG-v0Cs,3269,,
2026-09-02,FEqKnaBExZU,9436,,
2026-09-02,FG5G2G-XjhE,14724,,
2026-09-02,FIEy7T-kMmQ,1921,,
2026-09-02,FKbiHBctwwA,3901,,
2026-09-02,FNVB3Ndlrw8,431,,
2026-09-02,FSFC8O9LxRU,2504,,
2026-09-02,FYtl1LolxwQ,10252,,
2026-09-02,Fa8jGX5mvj4,3139,,
2026-09-02,FfCJfpHXt8c,4077,,
2026-09-02,FgTt2XD_ryA,13736,,
2026-09-02,FkK2Rp5xEIc,11104,,
2026-09-02,FlGf6zZGtkk,5299,,
2026-09-02,FlbiS6qn6oE,2733,,
2026-09-02,Fs8L9V90RDk,7878,,
2026-09-02,FsemZttxTN8,5773,,
2026-09-02,G2COlj5SS54,8013,,
2026-09-02,G76WtaecxB4,1198,,
2026-09-02,G9YcpN4TAZw,5215,,
2026-09-02,GEZg76Swgc8,427,,
2026-09-02,GJRAN3_x8U4,3585,,
2026-09-02,GME--_-r_lU,3515,,
2026-09-02,GTD7cyckPnA,272,,
2026-09-02,GYD-rQNG-rI,8930,,
2026-09-02,Gdybpz4wjgY,332,,
2026-09-02,GgtIBQCZxkQ,5312,,
2026-09-02,Gjf4AsYGwU8,11288,,
2026-09-02,GkiVQ_WvpZA,11647,,
2026-09-02,GqAXRVF_edY,4108,,
2026-09-02,GqRwtWVepYw,9232,,
2026-09-02,GqWbo7Uo8Ec,5808,,
2026-09-02,Gs03wWJ6vFc,946,,
2026-09-02,Gx6Z5Aj875s,6721,,
2026-09-02,H-jiaEptrx0,4336,,
2026-09-02,H3JH96ZJWzM,787,,
2026-09-02,H5yOaNKxZ-4,21454,,
2026-09-02,H97Ldv1IXtw,18087,,
2026-09-02,HBhaj0_Zm34,4498,,
2026-09-02,HDN25GTdn40,3941,,
2026-09-02,HRQ4Ibbkkco,2269,,
2026-09-02,HUbRq3GR8SI,5006,,
2026-09-02,HbNx1HcTEk4,21933,,
2026-09-02,HlwfZ6atyLw,1904,,
2026-09-02,Hsv6dNsEO40,11070,,
2026-09-02,HvQpYQlLGzg,3872,,
2026-09-02,Hwi-jokx7aI,2689,,
2026-09-02,I-S-0EO3-FA,2891,,
2026-09-02,I1sccj6fjQs,3732,,
2026-09-02,I3T6O4ez75M,4055,,
2026-09-02,I66Prbdjcn0,3482,,
2026-09-02,I6nU9HD6GVk,963,,
2026-09-02,I70TmekxAXE,2644,,
2026-09-02,IAdR2JdoGr8,10266,,
2026-09-02,IB_3oFDAULc,11863,,
2026-09-02,IE6oyFF67A0,15702,,
2026-09-02,IEIg6U_krbY,9784,,
2026-09-02,IF966yryyqY,264,,
2026-09-02,IH591H86iFQ,7270,,
2026-09-02,IHsdTOEuG4g,8703,,
2026-09-02,IJdPXXMpYPk,807,,
2026-09-02,IKIrneFKwJY,622,,
2026-09-02,IM0HdpgIDq8,12459,,
2026-09-02,IQ3zeRLgnt4,3350,,
2026-09-02,IQQViyty9zM,2050,,
2026-09-02,ISKY2Bgz_c0,1225,,
2026-09-02,IXOacyfD7V4,13572,,
2026-09-02,IrGSyH2wlK0,1600,,
2026-09-02,IuZyLH50TMQ,23375,,
2026-09-02,Ix6NRPPJhd8,1215,,
2026-09-02,J-aiAO8-Czk,13136,,
2026-09-02,J1tRJRX44zc,2060,,
2026-09-02,JH6X6472Gdk,3423,,
2026-09-02,JJ0wEMAa0Qg,7954,,
2026-09-02,JNuRoWbolfs,6431,,
2026-09-02,Jep6zVwriOA,7053,,
2026-09-02,Jl2XOwlw5Z4,5661,,
2026-09-02,JpctKDg71Pg,1333,,
2026-09-02,JpfqYvUYNr8,2206,,
2026-09-02,Ju3_gwctpM8,16525,,
2026-09-02,Jyn59AgDf6o,7182,,
2026-09-02,JzsEVr4W5ng,11410,,
2026-09-02,K1YD12TDxwo,1710,,
2026-09-02,K2T8Cd4-ba8,699,,
2026-09-02,K4YFVRGWGEY,2846,,
2026-09-02,K8o_u0_iFJU,7807,,
2026-09-02,K9Asd1xasRc,796,,
2026-09-02,KEnYv8bMxXM,39141,,
2026-09-02,KLTqQaG2asM,4408,,
2026-09-02,KMTemVbHKS4,3433,,
2026-09-02,KNT1a6LakZI,4456,,
2026-09-02,KOF8EQ_YcOU,12009,,
2026-09-02,KOedI8Dr__Y,4540,,
2026-09-02,KTnAV2qb5CY,8014,,
2026-09-02,KVaKaf9FX5I,8381,,
2026-09-02,KXoxeoaSwOA,4417,,
2026-09-02,KiOKGmcOb_g,10298,,
2026-09-02,KlnSnb7YFEY,2692,,
2026-09-02,Kn5RCzQ9ufc,3763,,
2026-09-02,KqZv27fFQlQ,143719,,
2026-09-02,KrjMNWiU52A,16969,,
2026-09-02,KtjAJuKUbDM,15715,,
2026-09-02,L0KEJ_zq0Ak,10524,,
2026-09-02,L5c4VvuaU7w,18388,,
2026-09-02,LD8rxn2RFNE,4418,,
2026-09-02,LMbdAdrLzXg,4309,,
2026-09-02,LMryIj-gt9A,2055,,
2026-09-02,LNWGlnt3wF4,19739,,
2026-09-02,LRySNa5Y0No,5682,,
2026-09-02,LSGYVCqNEjc,4331,,
2026-09-02,LXW_Z8rp3bU,2231,,
2026-09-02,L_mpuGgHhfE,4765,,
2026-09-02,LadLiCQaAwQ,5223,,
2026-09-02,Lbrq5ramx-A,4565,,
2026-09-02,LdYe9MF1QMs,1962,,
2026-09-02,Li2lFki33xM,9291,,
2026-09-02,Lk6JhpGO69M,10497,,
2026-09-02,LmDOOPuqYG8,7757,,
2026-09-02,LpqnF4FROjg,365,,
2026-09-02,Lswdyl9nZtE,9702,,
2026-09-02,M61DCig7ZJY,6211,,
2026-09-02,MA41DUCQWfw,2533,,
2026-09-02,MM879hqJf1U,17945,,
2026-09-02,MRxgJpEyabo,5007,,
2026-09-02,MVWyRSiH4uQ,2638,,
2026-09-02,MWkhT5GG75k,6920,,
2026-09-02,MhZ5AKwboh0,9973,,
2026-09-02,MsxCeW9nTb0,3356,,
2026-09-02,Mtqdsr2BC_A,5614,,
2026-09-02,MvMstvlNNzQ,404,,
2026-09-02,MxDzq8aLzTo,796,,
2026-09-02,N0_ptJC7W48,3812,,
2026-09-02,N54m3zy-uzk,3434,,
2026-09-02,N6qK7AUqn54,10946,,
2026-09-02,NELsP8DaEa8,9908,,
2026-09-02,NEahGL5R0HI,12526,,
2026-09-02,NHGisiXq7eg,7820,,
2026-09-02,NJXuNpJ26us,3618,,
2026-09-02,NJelRHbyeWw,7680,,
2026-09-02,NRlM9dhgPTg,4345,,
2026-09-02,NWOjsRjPomI,2763,,
2026-09-02,NX-1jJ1PuxY,7965,,
2026-09-02,Nc1nItUxpQQ,8188,,
2026-09-02,Nh7jDVmtg0I,1477,,
2026-09-02,NvFqtHcCCXs,3573,,
2026-09-02,Nz2xOcIryF4,9458,,
2026-09-02,O14qr6DPo4Q,7508,,
2026-09-02,O1awyI-zPJs,15393,,
2026-09-02,OD8Jm9Yk0WY,22206,,
2026-09-02,OH7Rlrq71To,35342,,
2026-09-02,OHt_00p2dmY,5724,,
2026-09-02,OLPoLPMdW_g,2158,,
2026-09-02,OVHP92ag6d4,4172,,
2026-09-02,OYxpHMuv29k,8849,,
2026-09-02,O_7ZySSl0mk,4157,,
2026-09-02,OcgJZnE1a6o,771,,
2026-09-02,Ocp1_PPM4sI,24083,,
2026-09-02,OddgScxecfA,6910,,
2026-09-02,Om4MsEtTrnw,1464,,
2026-09-02,OsN0NNVuu7o,22399,,
2026-09-02,Ou7NGOVJ8Pc,3224,,
2026-09-02,OwK8r2uyqHU,6934,,
2026-09-02,P5dvh5HrHaE,8229,,
2026-09-02,P6a8zyHf7YY,968,,
2026-09-02,P7i-qgVG7c4,1808,,
2026-09-02,PLFNoideC9s,12076,,
2026-09-02,PM4DofLA2g0,745,,
2026-09-02,PUTrIDHNxQs,2444,,
2026-09-02,PdO8UebbbSA,1660,,
2026-09-02,Pg0oIg89uDQ,4904,,
2026-09-02,PgvLUj9yWDQ,699,,
2026-09-02,Pk77G5OfECU,5107,,
2026-09-02,PkjXvpbR1q8,9512,,
2026-09-02,Pt8zI30MFm8,7084,,
2026-09-02,PtL2ZgPSF5o,14571,,
2026-09-02,Pwf2T_cntdg,21030,,
2026-09-02,PxyjUIyE5YI,16034,,
2026-09-02,Q-dHeMod7T0,7467,,
2026-09-02,Q1zf4SC-AvQ,2867,,
2026-09-02,QLdp2ZNFM_s,5328,,
2026-09-02,QUNzVqhLUBw,2644,,
2026-09-02,QVi7Ze1DEz4,5616,,
2026-09-02,QY2ox96a1zA,6016,,
2026-09-02,QeCKLvz2tIM,5855,,
2026-09-02,QhRPaWYjWYc,4119,,
2026-09-02,Qrag4Jg-veo,3895,,
2026-09-02,R1S8PFUsVWg,5590,,
2026-09-02,R4hO35nd_OI,6655,,
2026-09-02,R6Ukz91VIAY,1187,,
2026-09-02,R7utAmGPE_M,637,,
2026-09-02,RO6gVW9tdbY,1597,,
2026-09-02,ROV6ce9dkfI,4236,,
2026-09-02,RUy1hElRuUQ,5295,,
2026-09-02,RVWlgBZt6h8,5019,,
2026-09-02,RXEipSzDgtc,22123,,
2026-09-02,Rb2-RE864YY,10795,,
2026-09-02,RdvRwihvUUM,3929,,
2026-09-02,RgeVF0tu6ng,898,,
2026-09-02,RhUoPPchFBU,493,,
2026-09-02,RrVaJ5z_3mU,3003,,
2026-09-02,Rs5p0EuuTDw,9864,,
2026-09-02,Ry8PCL00Sjc,2023,,
2026-09-02,RyckAyrt7xQ,29949,,
2026-09-02,S0W7nQ2q3Kg,7787,,
2026-09-02,SB5QPpcWDXk,8721,,
2026-09-02,SCwP-bR498o,2607,,
2026-09-02,SGOEY0I_FQA,33690,,
2026-09-02,SHzg-IgnKuI,27046,,
2026-09-02,SKEcZIJKPzc,3554,,
2026-09-02,SOXoRwvxcv0,10899,,
2026-09-02,SQdrkq_hBzE,1899,,
2026-09-02,SW7PfbETFx8,2804,,
2026-09-02,SWoYNH7OMZI,1097,,
2026-09-02,SeWXiEIm9oI,1662,,
2026-09-02,Sf25ENrbQGM,1002,,
2026-09-02,ShJ_j2paClA,9329,,
2026-09-02,ShkacKGq5Vk,5457,,
2026-09-02,SkukxahhmRo,6924,,
2026-09-02,Sl5Fl_vOthI,3208,,
2026-09-02,Sl5sYEh_UoU,6229,,
2026-09-02,Sq3rkK6GhuE,245,,
2026-09-02,St5jhqEeasY,4558,,
2026-09-02,T2tuMBwhuKc,7007,,
2026-09-02,TDOWMduvE1o,3082,,
2026-09-02,TEqu2JH5dYc,918,,
2026-09-02,TMvgKj-2Z9k,1015,,
2026-09-02,TP7VDtErEvY,5433,,
2026-09-02,TS9rxa7-CXg,7171,,
2026-09-02,TV3fWx4rQh0,2362,,
2026-09-02,TWUoFcCtDhA,6596,,
2026-09-02,TXAe5nqafRY,1535,,
2026-09-02,T_jQIJSkjGo,7366,,
2026-09-02,TaY5NrLNABM,1336,,
2026-09-02,Tb4JB3eFPXw,5740,,
2026-09-02,Te57wukDp8g,4586,,
2026-09-02,TgJqTy_mCR4,7939,,
2026-09-02,Tj9CJM4ti2w,1740,,
2026-09-02,TqAy1jbJ9w8,8478,,
2026-09-02,TtCijTAgvPc,5118,,
2026-09-02,TvvDTvo-L74,8022,,
2026-09-02,TwfHRcdWHRg,4180,,
2026-09-02,U4zBHwf2MTw,1708,,
2026-09-02,UCaZFYzYm9k,6591,,
2026-09-02,UHGfFw-ZT98,3850,,
2026-09-02,UJOAvX_FD7o,251,,
2026-09-02,UKzsE2t00Jw,416,,
2026-09-02,UOOBf83nIco,37919,,
2026-09-02,UQIBN4D_qIs,2691,,
2026-09-02,UUUH5xnM-Mc,6202,,
2026-09-02,UVdc7kYPJEs,1089,,
2026-09-02,UZ3583GSSOo,4006,,
2026-09-02,UhuJQBAZv84,10551,,
2026-09-02,UiD0-skn904,814,,
2026-09-02,Ulotto-Re6w,4401,,
2026-09-02,UqLF2eIaDxg,7901,,
2026-09-02,V1jmHGrVs_k,9168,,
2026-09-02,V2d8qoEGyEU,232,,
2026-09-02,V3IHs2DwX0U,702,,
2026-09-02,V3nsGV2yOV8,2331,,
2026-09-02,V50CUypS7UM,2970,,
2026-09-02,V6AOpDTpCO4,5108,,
2026-09-02,V6Lm17-mfxA,4468,,
2026-09-02,V6d2Dc1l7BA,7156,,
2026-09-02,VKJLsmW95wc,3785,,
2026-09-02,VKMMVQtaDrM,11647,,
2026-09-02,VLJJ9zvdj2Y,5020,,
2026-09-02,VTOl1gAKo44,3232,,
2026-09-02,VTszds8Y7rU,8035,,
2026-09-02,Vb5gSRAHXCA,3879,,
2026-09-02,VlgtaUj_dho,4040,,
2026-09-02,VoU-7YGmoo0,1853,,
2026-09-02,VvVtNiE0bjA,4116,,
2026-09-02,VwTMGmXxghU,19062,,
2026-09-02,W3I8gwLv0Ro,2990,,
2026-09-02,W6U3fBgQoVg,1976,,
2026-09-02,WD7EzA2sbnI,2111,,
2026-09-02,WIP6ZDjQmww,9827,,
2026-09-02,WKMTSCW51fI,5228,,
2026-09-02,WNFEf_ZwNFw,436,,
2026-09-02,WNhZUBZ8tUc,44876,,
2026-09-02,WWIB8ZW1i6w,2939,,
2026-09-02,WYGsRorORyI,16823,,
2026-09-02,WjgW6u9Tde8,2009,,
2026-09-02,Wu4lafiHjh0,7567,,
2026-09-02,WvVMuiXrqcI,7502,,
2026-09-02,X22UHszz5Dg,4442,,
2026-09-02,X5L0LaarTLg,10756,,
2026-09-02,XAQ_GYsV52A,10097,,
2026-09-02,XEqxbZoaqUw,5170,,
2026-09-02,XIhM9oLObuU,2594,,
2026-09-02,XVwO4OvjwI4,2465,,
2026-09-02,XWSWCP3TBrc,2900,,
2026-09-02,Xm4ScqSNV10,4441,,
2026-09-02,XsCgtUDrxck,2199,,
2026-09-02,Y66yYblAsq8,1892,,
2026-09-02,Y7Rm_Bmu-K0,39216,,
2026-09-02,Y8YjZOGrhJI,3957,,
2026-09-02,YA85ddRTnus,5028,,
2026-09-02,YA_LFvsyLoU,2273,,
2026-09-02,YBMZINlORaw,5996,,
2026-09-02,YDlHWsYd23o,4423,,
2026-09-02,YDmxUb_oNLI,2747,,
2026-09-02,YFjQz7FijWM,15325,,
2026-09-02,YOe2PL-1gT0,671,,
2026-09-02,YXqYOapYqYc,7727,,
2026-09-02,Y_mkJt3oY_k,3582,,
2026-09-02,YiKIKU-5KpY,0,,
2026-09-02,YpCAi9ofhjs,4343,,
2026-09-02,YpMxtemC5y8,4898,,
2026-09-02,YqZzdPYfnso,3634,,
2026-09-02,Ytbx-7bzEGc,4338,,
2026-09-02,Z-s3rXFeosc,6639,,
2026-09-02,Z12fVM_cnaI,10778,,
2026-09-02,Z2njQkTQDKY,5167,,
2026-09-02,Z9Jjrb6xQeo,3599,,
2026-09-02,ZA_G9BP9HLY,495,,
2026-09-02,ZE2dghmFE8Y,22643,,
2026-09-02,ZE3jHXXiSBY,9618,,
2026-09-02,ZE9ENcHPRr8,24585,,
2026-09-02,ZG72S1_wBC0,5066,,
2026-09-02,ZY_oCjE95Ss,393,,
2026-09-02,ZZBZkqJqvu8,11135,,
2026-09-02,Z_REKs508KY,6720,,
2026-09-02,ZaksbmqvxNM,8505,,
2026-09-02,ZcdQLCEyjjU,8703,,
2026-09-02,ZfQ7oKzL-Pw,12562,,
2026-09-02,ZgN1aMmXELI,4833,,
2026-09-02,Zq-NFi8kxlo,49553,,
2026-09-02,ZrqtNoiNSdw,4871,,
2026-09-02,ZsIml_y5qU4,146,,
2026-09-02,ZtUTR0E7VPY,45930,,
2026-09-02,ZvUISEnjqbQ,5447,,
2026-09-02,ZzYTRvOWH1I,4396,,
2026-09-02,_3MWGJ7MUTA,2862,,
2026-09-02,_8p1UyvwmhI,3934,,
2026-09-02,_9BI3P-OH84,1720,,
2026-09-02,_BvUrcl5tls,3157,,
2026-09-02,_EZK5vA1EX0,5316,,
2026-09-02,_FzLqe9KziY,2528,,
2026-09-02,_Jlf2Q0xGZ8,5862,,
2026-09-02,_LzDM8xt_dA,7999,,
2026-09-02,_NHlgOF-WU0,406,,
2026-09-02,_OsQEaApgwY,2535,,
2026-09-02,_UWA2fCxRHI,3774,,
2026-09-02,_auL36M33Aw,2679,,
2026-09-02,_eLkGBx1XiE,1077,,
2026-09-02,_fcTS5NosDs,1565,,
2026-09-02,_r9bm8JLsKc,3403,,
2026-09-02,_wWswU9t8HU,212,,
2026-09-02,_xEjpsA_iVg,2054,,
2026-09-02,_zVLb3rpe5I,6094,,
2026-09-02,_zuQYhMwTgs,5744,,
2026-09-02,a2L6AbyANjw,13445,,
2026-09-02,a2n31BGGWFI,4226,,
2026-09-02,a65XoIF7K7Y,8010,,
2026-09-02,a6qWlOZtG3E,2134,,
2026-09-02,a8g5MvFPwxo,6405,,
2026-09-02,aD-WkrzMJrk,2339,,
2026-09-02,aDDnbn7KVls,13284,,
2026-09-02,aEQu0cO-iG8,2541,,
2026-09-02,aIcW25HaFsI,5133,,
2026-09-02,aMG8tqZ6bW0,2908,,
2026-09-02,aOOR5vp4Kl0,3659,,
2026-09-02,aQF7qqm1iHE,2387,,
2026-09-02,aVKjY_uB3tA,2962,,
2026-09-02,aYgFb-fiwxA,11899,,
2026-09-02,acvpoQwncqI,3067,,
2026-09-02,ad5pxORFPfk,2443,,
2026-09-02,adsB3sGIcVQ,5711,,
2026-09-02,afLeJEbZs2k,6454,,
2026-09-02,ahyTF-4Agkg,988,,
2026-09-02,akC-r5hlDkc,2183,,
2026-09-02,aoh738yJBRA,6454,,
2026-09-02,aqbo0yu_l6g,16245,,
2026-09-02,ar-bXQYvUhs,2493,,
2026-09-02,ath0o3oOJCs,6375,,
2026-09-02,b4fNiXZPqRQ,10114,,
2026-09-02,bHJfRtPpY6E,1661,,
2026-09-02,bHuv7kKqe-A,8212,,
2026-09-02,bJHikj8skz4,2999,,
2026-09-02,bQaZqs74i2Y,5308,,
2026-09-02,bT7qGpnOpo4,4780,,
2026-09-02,b_Obp5cBRZk,5608,,
2026-09-02,bi3ZAQbw8EI,1871,,
2026-09-02,bqTNuZQOziA,10027,,
2026-09-02,bqf0zywB-Wo,11947,,
2026-09-02,c2ket6Qczzw,1488,,
2026-09-02,c3rRnSi93Lw,8765,,
2026-09-02,c6WqvHRlRkc,4427,,
2026-09-02,c9CotszUwYQ,2368,,
2026-09-02,cFn-fD2GmYU,2553,,
2026-09-02,cJwXjAKA0-k,5546,,
2026-09-02,cR199eKHJ4k,350,,
2026-09-02,cWyP2mrcwdM,789,,
2026-09-02,cevjHgZRbrg,295,,
2026-09-02,cfGpIvLPcPw,5030,,
2026-09-02,cga1y52KSCk,3005,,
2026-09-02,cjpnhsKzs1Q,2906,,
2026-09-02,coqZMUFd2C0,36275,,
2026-09-02,cpd3lbm5tL8,3586,,
2026-09-02,cqPVe0nQ1A0,5215,,
2026-09-02,cuZsMnQlDQU,13914,,
2026-09-02,d-msiY5zz5A,3086,,
2026-09-02,d-zJskCnHpI,3135,,
2026-09-02,d09nbbfOIA8,5088,,
2026-09-02,dFH36q7iWiU,244,,
2026-09-02,dHJbG72Itp8,16495,,
2026-09-02,dIqUY3R2_3A,8025,,
2026-09-02,dSmFHbtrZ7g,17961,,
2026-09-02,dURDUSYCm68,15124,,
2026-09-02,dWatNWKO9uk,3525,,
2026-09-02,de7gpeHMS1Q,382,,
2026-09-02,dgkZoy66esM,5320,,
2026-09-02,dijHVnTV0aM,6420,,
2026-09-02,dl3KzRCU-aQ,6593,,
2026-09-02,dlABqtYhbMk,6134,,
2026-09-02,dmbvfKzFSLo,3074,,
2026-09-02,dn-xSg_FT0A,17953,,
2026-09-02,dnI29M9CE44,3998,,
2026-09-02,dnUUMRDbasE,1884,,
2026-09-02,dp7vq7hweXs,1945,,
2026-09-02,dtdf5AeXwB8,420,,
2026-09-02,dtoZraGBx54,16927,,
2026-09-02,dv-40oFi5ak,6840,,
2026-09-02,dx9Qe_629yE,8854,,
2026-09-02,e061vqWD0lQ,1010,,
2026-09-02,e6iHP-UMZnk,5232,,
2026-09-02,e83i1spluHo,6398,,
2026-09-02,eGnLjzejgI4,3036,,
2026-09-02,eK7uM-EeLIk,7788,,
2026-09-02,eLcRSVAncfc,1343,,
2026-09-02,eLhCLA0Jndo,2265,,
2026-09-02,eM2S4pWeczs,155426,,
2026-09-02,eOxOgo6VNzQ,3706,,
2026-09-02,eUkmg5xOC7c,2450,,
2026-09-02,eYY-goMG0N0,4602,,
2026-09-02,ebpANnTL0zw,13732,,
2026-09-02,ecutxRcKQ6I,6474,,
2026-09-02,enR1CfAS5zo,2058,,
2026-09-02,ensnUIxTUHE,14133,,
2026-09-02,er-8YWX70rk,12532,,
2026-09-02,etbk0Z69oDs,829,,
2026-09-02,eu92DDq5snw,5524,,
2026-09-02,eymQ0rXs7d8,6176,,
2026-09-02,f-aH0vpaoyo,10186,,
2026-09-02,f7yvLMqdMJo,4155,,
2026-09-02,f8fN8Uqbb8s,6124,,
2026-09-02,fFdiFTfeCwE,6209,,
2026-09-02,fFgFYRumrDU,11349,,
2026-09-02,fG1-74pj6A4,16595,,
2026-09-02,fHYBRGdrXo0,1948,,
2026-09-02,fIo8SE2ky98,2972,,
2026-09-02,fKvvShsdaWU,19049,,
2026-09-02,fMmn4SMuSdE,4834,,
2026-09-02,fQwyeIriRx8,8514,,
2026-09-02,fZ7RRiEw54E,6431,,
2026-09-02,fbZea8wkoe8,9762,,
2026-09-02,ff5ZGdHsgIA,1098,,
2026-09-02,fg72xV_ZX8g,789,,
2026-09-02,fj2SC2FA324,2062,,
2026-09-02,flJTAxtk67w,11297,,
2026-09-02,flbyvShpL18,4910,,
2026-09-02,fnKAo4k4j0I,20724,,
2026-09-02,fsI10W24Ya8,8123,,
2026-09-02,fwJag8kazvc,1197,,
2026-09-02,gAPX20Ja0zk,2681,,
2026-09-02,gENAeokhMHI,4040,,
2026-09-02,gK1VHYEXt_0,223,,
2026-09-02,gNEGNjVWO0Q,2948,,
2026-09-02,gVj7YvOUjfc,1035,,
2026-09-02,gWdtuyZNxeQ,11319,,
2026-09-02,gXT5p-IBNMg,6068,,
2026-09-02,goQs8La8e94,29739,,
2026-09-02,gpKioDijRD4,1533,,
2026-09-02,gtGmlmLZ3Ps,1233,,
2026-09-02,gy_rDsWx8_4,5028,,
2026-09-02,h1qNF-YaHX8,4936,,
2026-09-02,hBhD4lpfrvw,4209,,
2026-09-02,hBqhV23fZnE,4006,,
2026-09-02,hD4BjVn9YXw,4656,,
2026-09-02,hJ3DwYLFjcY,3966,,
2026-09-02,hRgIER_2tZg,1192,,
2026-09-02,hSuSN9-UZUY,15425,,
2026-09-02,hUQqvZGsp6A,3611,,
2026-09-02,hVMJN3o6-5g,10960,,
2026-09-02,hVVP3uqEbXg,8082,,
2026-09-02,hX5lVJXMurI,6454,,
2026-09-02,h_v3GcIgbvM,18848,,
2026-09-02,hhwrtf3g0yY,4742,,
2026-09-02,hnnt5l96vVE,3614,,
2026-09-02,hrA_TspDTyM,2757,,
2026-09-02,hsiq1QlJqCs,37333,,
2026-09-02,htuK8cgwC-E,2598,,
2026-09-02,hwX4Jil8AFY,2231,,
2026-09-02,hy7L_a8J9z4,6119,,
2026-09-02,hyisCTgnS0g,807,,
2026-09-02,i4tThjQW98w,1477,,
2026-09-02,i5Ufb0FYkDM,2834,,
2026-09-02,i6kooD4epJ0,10249,,
2026-09-02,iCV7kvzQ_bA,20240,,
2026-09-02,iCrYuW2ixu8,2175,,
2026-09-02,iEHsfr9bvpg,13270,,
2026-09-02,iFu9J3h8RBY,8325,,
2026-09-02,iHt3VLuizj4,3744,,
2026-09-02,iKMz8ICRe8I,21034,,
2026-09-02,iNIxuEi7V54,2260,,
2026-09-02,iRyAJEXB_hE,3265,,
2026-09-02,iYHt1pdScK0,209778,,
2026-09-02,i_bfUG57Je8,10623,,
2026-09-02,ipf-y1PaGBg,3820,,
2026-09-02,iuZ57o6ph1A,2440,,
2026-09-02,ixG3RWG-Xdw,10678,,
2026-09-02,j3BrzaBGJqY,3165,,
2026-09-02,j50kYrWuR6U,1344,,
2026-09-02,j9lMyW5Emo0,7478,,
2026-09-02,jBZnliX8R7M,5291,,
2026-09-02,jCGuQ1T3kUE,11473,,
2026-09-02,jQiLi6ev9zM,5017,,
2026-09-02,jTEvYjhQKTM,3534,,
2026-09-02,jV8i3ErC3MA,10379,,
2026-09-02,jdAA_65-h0E,17300,,
2026-09-02,jfEMLlPzKEU,8066,,
2026-09-02,jgfWTFUl_58,1460,,
2026-09-02,jh22fly0d-k,5246,,
2026-09-02,jlV4MmBxgPI,13668,,
2026-09-02,jrnfWiLWFJw,384,,
2026-09-02,k1SjNJaOJcA,7115,,
2026-09-02,k3yhL30Kpnw,1616,,
2026-09-02,k4GBTLOy9aE,11369,,
2026-09-02,k73d1z4sXCE,2717,,
2026-09-02,kCTe19NTny4,2086,,
2026-09-02,kCcXFPN8bK0,2738,,
2026-09-02,kETEBzJrtSA,7424,,
2026-09-02,kFWumpkL5yI,3361,,
2026-09-02,kO5VQOB3sxI,6375,,
2026-09-02,kSbp6GNfK7Y,4544,,
2026-09-02,kUDZK_9QPtA,14556,,
2026-09-02,kYmLSudfROM,5692,,
2026-09-02,kb2G7jcB3Ls,4284,,
2026-09-02,keYeekasjI8,20425,,
2026-09-02,kjl_jo_1HTg,2488,,
2026-09-02,ko82nHa36U4,9048,,
2026-09-02,kpcxQ1XCrq8,254,,
2026-09-02,kr9WECLcJWU,3766,,
2026-09-02,ktZgSqvfl8o,458,,
2026-09-02,kuoLAhyeaJQ,4450,,
2026-09-02,kzApFdb-KEs,779,,
2026-09-02,kzQhIJnlTsI,98596,,
2026-09-02,l4OOeF2yo9Y,3810,,
2026-09-02,lADjNtrJtIo,3174,,
2026-09-02,lCTSpZlGMb4,3807,,
2026-09-02,lN4Nv7R4sBI,10484,,
2026-09-02,lOciy5N92Lg,1560,,
2026-09-02,lOomWUxwNlQ,4531,,
2026-09-02,lSkunEYX5Go,1746,,
2026-09-02,lTCDfNnY4u8,5879,,
2026-09-02,lZj5qfUurLw,4083,,
2026-09-02,lZm2ZwjEy38,3012,,
2026-09-02,lgNWcFP2Ltg,12218,,
2026-09-02,lr1GJQXbj4c,1973,,
2026-09-02,lvOd4uyJkFE,30972,,
2026-09-02,lvtS_HSjXUA,10455,,
2026-09-02,m1gcxwLGPos,5703,,
2026-09-02,m6233lu5J9Q,12045,,
2026-09-02,m9q3qhKxbk4,2485,,
2026-09-02,mDDcQa5yCfI,21109,,
2026-09-02,mHE2XXExu7Q,1253,,
2026-09-02,mHSNcvaQ8YU,1022,,
2026-09-02,mM4k2pf-l9E,6086,,
2026-09-02,mNKdQ1YwHPc,2922,,
2026-09-02,m_vvvpnOHfw,409,,
2026-09-02,mhXS2cpJlRo,1976,,
2026-09-02,mkJ-QgvLtyk,12580,,
2026-09-02,mnu4iJG72y8,5497,,
2026-09-02,n5WXv528CII,18000,,
2026-09-02,n93OGgP941o,2383,,
2026-09-02,n9XvIj6hOjc,2139,,
2026-09-02,nDLFzy9hIow,9785,,
2026-09-02,nF0VXXPcAh4,3067,,
2026-09-02,nMQCA_C9zoQ,104102,,
2026-09-02,nPV7ftm2WSg,2187,,
2026-09-02,nRTuARH-N9A,640,,
2026-09-02,nZ-Yf21ufww,9795,,
2026-09-02,n_8ek8wvHc8,5568,,
2026-09-02,nbqcaybmEe8,11717,,
2026-09-02,neQ91eM5hw4,21808,,
2026-09-02,nqQ_uK7yUBw,3198,,
2026-09-02,nuEwWBGiQ4c,3948,,
2026-09-02,nwbp-b7PO4g,7393,,
2026-09-02,nxJqaJgDQIE,4376,,
2026-09-02,nyHN_s3QpkY,7065,,
2026-09-02,o0dULDtKQ-8,10003,,
2026-09-02,o4tmiD22BLI,18874,,
2026-09-02,oCAyG5S7cIw,10572,,
2026-09-02,oDeAAnpEEXU,1961,,
2026-09-02,oKTvQ7d9gYw,28459,,
2026-09-02,oPCHIAxcTHw,38704,,
2026-09-02,oRXt4EmUmKk,4299,,
2026-09-02,oUdstwXRu2c,2811,,
2026-09-02,oZh7YlRGlqA,5204,,
2026-09-02,oZjiL501lAY,1415,,
2026-09-02,o_FRQ02nigQ,5547,,
2026-09-02,ofwkfFci1iI,3351,,
2026-09-02,ol2a1T0BgrM,4473,,
2026-09-02,ol_M2L_mjBI,2687,,
2026-09-02,onlJoxwtQec,1411,,
2026-09-02,oo0K4ydn4rw,6049,,
2026-09-02,p23Rm9i_EIg,6734,,
2026-09-02,p6uuiKju1Gc,4275,,
2026-09-02,p8GqOFBpR5w,4822,,
2026-09-02,p8ZK2nre57U,3955,,
2026-09-02,pC_lpEworvo,1035,,
2026-09-02,pCghepSi0M8,15778,,
2026-09-02,pGUjxBQqY5E,4182,,
2026-09-02,pKvwesJ8-t0,8754,,
2026-09-02,pRB23hC8dZY,3126,,
2026-09-02,pUPzkqLt5WM,4571,,
2026-09-02,pWY2T3MqfCw,3439,,
2026-09-02,pdIXWsxp0_g,3863,,
2026-09-02,pms2oKZcuqo,3435,,
2026-09-02,ppIXkOvS4WI,4726,,
2026-09-02,ptv9GRoEKs0,3819,,
2026-09-02,pyuB406DLuo,11527,,
2026-09-02,pzLWWa96_lE,5978,,
2026-09-02,q4mgxHWrmLM,6374,,
2026-09-02,q52xE5uCNT0,11739,,
2026-09-02,qIxGLqP2ZBA,3410,,
2026-09-02,qJ6pJMN4eiA,2639,,
2026-09-02,qMz0UbGJq4Y,6991,,
2026-09-02,qZi9yeRBf94,3852,,
2026-09-02,q_TknmNwvqA,6118,,
2026-09-02,qabDQ1ebZbQ,6106,,
2026-09-02,qbXC7hLKuGM,260,,
2026-09-02,qd6gmV0qrrk,14606,,
2026-09-02,qiI-rwVGiYQ,1998,,
2026-09-02,qkMCHJ28vsI,2371,,
2026-09-02,qmcbY6Sr_mw,3259,,
2026-09-02,qqQxwunPfLo,5182,,
2026-09-02,qzy12XbaJQ4,1513,,
2026-09-02,r0ZddKvFa9w,7710,,
2026-09-02,r3P6BU0gEVU,7571,,
2026-09-02,r4YE2Zghgbc,2880,,
2026-09-02,r6_PIKzQJ8Q,3175,,
2026-09-02,rAxPIoC8bB4,12754,,
2026-09-02,rJ6YCE4gWS0,1644,,
2026-09-02,rJeHPb9VWP4,2376,,
2026-09-02,rLZUcW0DBTM,9898,,
2026-09-02,rLfvnvBj8Ls,4995,,
2026-09-02,rR2A9ezT_gg,16695,,
2026-09-02,rULrrI9GfWU,1358,,
2026-09-02,rV23IXWdDOY,17354,,
2026-09-02,rVEh3PGiggk,372,,
2026-09-02,r_lWb2SpHO4,10470,,
2026-09-02,rckZ2uBOGYs,4323,,
2026-09-02,rixzhpBKdfg,2688,,
2026-09-02,rlnx986Qxkc,13302,,
2026-09-02,roO2HBjdtQw,5699,,
2026-09-02,rojYn7h_-U4,2276,,
2026-09-02,rqcOPT_Dg7A,7419,,
2026-09-02,ruxKM1qX0Dc,11756,,
2026-09-02,rzIPT2DPtvA,5771,,
2026-09-02,s2GjWfPbh9I,2007,,
2026-09-02,sHQg97i_Hp0,156,,
2026-09-02,sO1rprIWDas,4298,,
2026-09-02,sQH3xPVic6Y,3909,,
2026-09-02,sVwAWTxKDJ0,7928,,
2026-09-02,sXRGp_ttFI4,7197,,
2026-09-02,sZhgf8PQ5gc,8599,,
2026-09-02,scIFhQSvvlE,2740,,
2026-09-02,scM9aI9kTus,4970,,
2026-09-02,skABNIsQ3fA,12583,,
2026-09-02,smATVd6dk-k,14142,,
2026-09-02,sqx6twZgR-k,3938,,
2026-09-02,ssIA_N2u50Y,7281,,
2026-09-02,syPu5HdMT4k,1022,,
2026-09-02,t01TItG_UAQ,605,,
2026-09-02,t1UIIjuMirY,8792,,
2026-09-02,t1kj63890o8,3608,,
2026-09-02,t3G_N5DO6us,6279,,
2026-09-02,t4gVVdxtNWE,8717,,
2026-09-02,tGsk0H21JgE,2151,,
2026-09-02,t_RBOUZAqGw,4572,,
2026-09-02,tcomjtcMjLE,1106,,
2026-09-02,tdc-zfxIlEY,32715,,
2026-09-02,tiDCtcHjdQU,7230,,
2026-09-02,trS0kTq6Tk8,1652,,
2026-09-02,txSX7-1XQOE,2656,,
2026-09-02,tyRJESdSDm4,14836,,
2026-09-02,tz7n--I4rDU,1506,,
2026-09-02,u00LAYagwGo,4514,,
2026-09-02,u4e1ijV4iRQ,5394,,
2026-09-02,u7xKzLuKt5I,17658,,
2026-09-02,uNX13pgpGBU,5623,,
2026-09-02,uXbngiOXOD0,10459,,
2026-09-02,ub9JNL8EhJ4,1478,,
2026-09-02,uk5ADKNqHoc,1473,,
2026-09-02,ul9Sw7brukY,1599,,
2026-09-02,umNEJg2sj50,981,,
2026-09-02,un8Mt5f-mUE,10692,,
2026-09-02,usRrwR8CUb8,9319,,
2026-09-02,uxxwN68AJHE,5552,,
2026-09-02,v-ylvHTi_Mc,3392,,
2026-09-02,v0kp6W42yf4,2924,,
2026-09-02,v1J7bERLirA,3282,,
2026-09-02,v9INdKeBJEI,42919,,
2026-09-02,vDzWHTMsp_Y,1753,,
2026-09-02,vHvpM9nSO3Q,4090,,
2026-09-02,vIAhcX4SppA,3224,,
2026-09-02,vKYW7MTBAFg,10170,,
2026-09-02,vM5V9hoDKnQ,9013,,
2026-09-02,vQI78T3g4Gg,6271,,
2026-09-02,vUEmbLAxZ0Y,1103,,
2026-09-02,vWTTG9XlMoY,14036,,
2026-09-02,v_JJzLJ0eRw,4771,,
2026-09-02,vmSPrsKC8i8,52119,,
2026-09-02,vqsoh8y6xa8,5590,,
2026-09-02,vuvK_DUcqCk,8005,,
2026-09-02,vy88MX2ss_g,7529,,
2026-09-02,vyg196YvsgE,1046,,
2026-09-02,w3HciqK70s4,1675,,
2026-09-02,w68xGF_YIgU,25632,,
2026-09-02,w6b2AkddE8Y,2659,,
2026-09-02,w9kpcvkWngA,6675,,
2026-09-02,wBWXzI7uJYo,3734,,
2026-09-02,wGDSdaXZj00,45448,,
2026-09-02,wHcblaGXua8,10315,,
2026-09-02,wLB8pR4uME0,2811,,
2026-09-02,wSEMUoR4FS4,1499,,
2026-09-02,wSnq-Unha34,185542,,
2026-09-02,wX47G7oi_Z4,1966,,
2026-09-02,wg1R2_G_LEc,6489,,
2026-09-02,wnahjxPk5rk,2297,,
2026-09-02,wpHm4ARAChc,22385,,
2026-09-02,wpWCpGTZE2A,1922,,
2026-09-02,wuZgRtutoHQ,8226,,
2026-09-02,wutJAXwvMqo,9465,,
2026-09-02,wwtaQ_PNx1M,2972,,
2026-09-02,wxWz6zDC2wo,1504,,
2026-09-02,wzSn1b5XXtk,1919,,
2026-09-02,x3gjYoDR5tA,2638,,
2026-09-02,x5fPiJUOMk0,3912,,
2026-09-02,xGMFiacVSrk,5195,,
2026-09-02,xMbY5fkmK0A,3589,,
2026-09-02,xQKEy65zAso,65010,,
2026-09-02,xTpYdSgeWPc,1188,,
2026-09-02,x_KffjhARa0,2806,,
2026-09-02,xe6w3VmUf5I,6126,,
2026-09-02,xs2J2KW1q8Q,8510,,
2026-09-02,xvdkNKQAbJ8,1843,,
2026-09-02,xwLoo8ThKHI,861,,
2026-09-02,xxC2s5JBYZM,332,,
2026-09-02,xya7ZlFJ-x8,2282,,
2026-09-02,y3rXMXG_UF8,3804,,
2026-09-02,y4Yqheg9DuY,15743,,
2026-09-02,y6T5kX1L0aw,1629,,
2026-09-02,y76fsYJCAO0,1655,,
2026-09-02,y8mTWAs2PPw,3199,,
2026-09-02,yF9W5KZ4lfs,6539,,
2026-09-02,yGc4NnBE6nY,4971,,
2026-09-02,yJTEsQi0G98,1722,,
2026-09-02,yKCrM_XkKaY,15694,,
2026-09-02,yKIM1UxtbpU,2085,,
2026-09-02,yPh9jEw5_Lw,2907,,
2026-09-02,ySg8CEjxwwo,5851,,
2026-09-02,yUQ4NYv_io0,3522,,
2026-09-02,yXWhKEoL3QU,3998,,
2026-09-02,yo-Wdxc6ng0,3520,,
2026-09-02,yrJ1mvA6eIM,10254,,
2026-09-02,yrcwoFLtS5Y,7496,,
2026-09-02,ytt9pEb78FA,5076,,
2026-09-02,z-n_vz4gFRw,14605,,
2026-09-02,z0A-aCcVXSA,3107,,
2026-09-02,z2SU31i7Uo4,9521,,
2026-09-02,z8MJYHsQh5c,17175,,
2026-09-02,zCk1p-hPBCs,158,,
2026-09-02,zDtacZ_qT0Y,12267,,
2026-09-02,zI6L_SkYqkU,1262,,
2026-09-02,zLgpLCYCbyA,2586,,
2026-09-02,zSvZdF7CBjU,6329,,
2026-09-02,zVMIZRDSvCc,1775,,
2026-09-02,zXbAf49C9vE,6881,,
2026-09-02,zceKtRTdgSo,15083,,
2026-09-02,zjYgzIlRmOk,7156,,
2026-09-02,zksWnpcM05I,4336,,
2026-09-02,zpX-Xs1a9MY,3149,,
2026-09-02,zrRTPvOBEnU,2836,,
2026-09-02,zsRQcswYx8w,2840,,
2026-09-02,zsYZHcSRvB8,25607,,
2026-09-02,zsaXdCEuYsY,2267,,
2026-09-02,zufjmNpcSlg,1613,,
2026-09-02,zvjhIylspTc,10180,,
2026-09-02,zxwGfKCo6as,4769,,
2026-09-02,zyY2aRVZMp4,1272,,
2026-09-02,zzWIE6Sg_E0,22548,,
2026-09-03,0PBCtb7Va-c,7124,,
2026-09-03,0Zsljntls0k,3462,,
2026-09-03,0c5PF6WpL7o,1028,,
2026-09-03,132bn7FWRws,2236,,
2026-09-03,1GeNGNh50Fw,3772,,
2026-09-03,4n4yKMederk,8991,,
2026-09-03,9rJgQmuc2SM,6811,,
2026-09-03,ATXZbbUsHVw,7900,,
2026-09-03,GME--_-r_lU,3521,,
2026-09-03,GkiVQ_WvpZA,11790,,
2026-09-03,I6nU9HD6GVk,972,,
2026-09-03,IM0HdpgIDq8,12469,,
2026-09-03,JJ0wEMAa0Qg,7973,,
2026-09-03,JpctKDg71Pg,1344,,
2026-09-03,NEahGL5R0HI,12614,,
2026-09-03,NJXuNpJ26us,3632,,
2026-09-03,Pg0oIg89uDQ,4927,,
2026-09-03,aEQu0cO-iG8,2552,,
2026-09-03,aVKjY_uB3tA,2973,,
2026-09-03,fnKAo4k4j0I,21207,,
2026-09-03,fwJag8kazvc,1207,,
2026-09-03,hJ3DwYLFjcY,3966,,
2026-09-03,hVVP3uqEbXg,8123,,
2026-09-03,nqQ_uK7yUBw,3220,,
2026-09-03,pCghepSi0M8,15864,,
2026-09-03,ppIXkOvS4WI,4737,,
2026-09-03,r6_PIKzQJ8Q,3204,,
2026-09-03,roO2HBjdtQw,5714,,
2026-09-03,uNX13pgpGBU,5637,,
2026-09-03,xGMFiacVSrk,5209,,
2026-09-03,yJTEsQi0G98,1725,,
2026-09-03,zXbAf49C9vE,6917,,
2026-09-04,-Fkj0aK2dO8,6045,,
2026-09-04,0PBCtb7Va-c,7137,,
2026-09-04,0Zsljntls0k,3502,,
2026-09-04,0c5PF6WpL7o,1043,,
2026-09-04,132bn7FWRws,2404,,
2026-09-04,1GeNGNh50Fw,6809,,
2026-09-04,4n4yKMederk,9035,,
2026-09-04,7sRKccOoPbY,9218,,
2026-09-04,9rJgQmuc2SM,6825,,
2026-09-04,ATXZbbUsHVw,8225,,
2026-09-04,Ati51CQqpKY,6223,,
2026-09-04,GME--_-r_lU,3530,,
2026-09-04,GkiVQ_WvpZA,11919,,
2026-09-04,I6nU9HD6GVk,976,,
2026-09-04,IM0HdpgIDq8,12468,,
2026-09-04,JJ0wEMAa0Qg,8007,,
2026-09-04,JpctKDg71Pg,1346,,
2026-09-04,KNwEQXDv5XM,8559,,
2026-09-04,Kh_0ICA5cfg,6396,,
2026-09-04,MOmBOx1LEJU,49325,,
2026-09-04,NEahGL5R0HI,12676,,
2026-09-04,NJXuNpJ26us,3641,,
2026-09-04,Pg0oIg89uDQ,4953,,
2026-09-04,QQh0twun7tg,49316,,
2026-09-04,U9sNqbVd1L8,4635,,
2026-09-04,_ALc4VJkpjA,13624,,
2026-09-04,aEQu0cO-iG8,2566,,
2026-09-04,aVKjY_uB3tA,2980,,
2026-09-04,cMFi9XkhDDQ,2624,,
2026-09-04,ccZaP6LEaLI,10039,,
2026-09-04,eokbRB_Y2CU,4703,,
2026-09-04,f1eFQJocAow,7873,,
2026-09-04,fnKAo4k4j0I,21936,,
2026-09-04,fwJag8kazvc,1213,,
2026-09-04,hJ3DwYLFjcY,3973,,
2026-09-04,hVVP3uqEbXg,8169,,
2026-09-04,mOqGGh-ot08,13316,,
2026-09-04,nqQ_uK7yUBw,3234,,
2026-09-04,p-Ig77st4KY,9237,,
2026-09-04,pCghepSi0M8,15953,,
2026-09-04,pTqxjQV_PYU,9898,,
2026-09-04,pj41DZonKFU,6089,,
2026-09-04,ppIXkOvS4WI,4745,,
2026-09-04,r6_PIKzQJ8Q,3212,,
2026-09-04,roO2HBjdtQw,5738,,
2026-09-04,sl11WONqgaQ,3796,,
2026-09-04,uNX13pgpGBU,5642,,
2026-09-04,xGMFiacVSrk,5217,,
2026-09-04,yJTEsQi0G98,1728,,
2026-09-04,zXbAf49C9vE,6943,,
2026-09-05,0PBCtb7Va-c,7157,,
2026-09-05,0Zsljntls0k,3540,,
2026-09-05,0c5PF6WpL7o,1055,,
2026-09-05,132bn7FWRws,2725,,
2026-09-05,1GeNGNh50Fw,8187,,
2026-09-05,4n4yKMederk,9069,,
2026-09-05,9rJgQmuc2SM,6844,,
2026-09-05,ATXZbbUsHVw,8415,,
2026-09-05,GME--_-r_lU,3540,,
2026-09-05,GkiVQ_WvpZA,12003,,
2026-09-05,I6nU9HD6GVk,979,,
2026-09-05,IM0HdpgIDq8,12475,,
2026-09-05,JJ0wEMAa0Qg,8031,,
2026-09-05,JpctKDg71Pg,1349,,
2026-09-05,NEahGL5R0HI,12735,,
2026-09-05,NJXuNpJ26us,3652,,
2026-09-05,Pg0oIg89uDQ,4962,,
2026-09-05,aEQu0cO-iG8,2582,,
2026-09-05,aVKjY_uB3tA,2993,,
2026-09-05,fnKAo4k4j0I,23283,,
2026-09-05,fwJag8kazvc,1215,,
2026-09-05,hJ3DwYLFjcY,3977,,
2026-09-05,hVVP3uqEbXg,8201,,
2026-09-05,nqQ_uK7yUBw,3253,,
2026-09-05,pCghepSi0M8,16055,,
2026-09-05,r6_PIKzQJ8Q,3228,,
2026-09-05,roO2HBjdtQw,5763,,
2026-09-05,uNX13pgpGBU,5654,,
2026-09-05,xGMFiacVSrk,5221,,
2026-09-05,yJTEsQi0G98,1733,,
2026-09-05,zXbAf49C9vE,6967,,
2026-09-06,0PBCtb7Va-c,7167,,
2026-09-06,0Zsljntls0k,3613,,
2026-09-06,0c5PF6WpL7o,1061,,
2026-09-06,132bn7FWRws,2845,,
2026-09-06,1GeNGNh50Fw,9331,,
2026-09-06,4n4yKMederk,9093,,
2026-09-06,9rJgQmuc2SM,6854,,
2026-09-06,ATXZbbUsHVw,8561,,
2026-09-06,GME--_-r_lU,3549,,
2026-09-06,GkiVQ_WvpZA,12065,,
2026-09-06,I6nU9HD6GVk,986,,
2026-09-06,IM0HdpgIDq8,12478,,
2026-09-06,JJ0wEMAa0Qg,8067,,
2026-09-06,JpctKDg71Pg,1353,,
2026-09-06,NEahGL5R0HI,12798,,
2026-09-06,NJXuNpJ26us,3658,,
2026-09-06,Pg0oIg89uDQ,4987,,
2026-09-06,aEQu0cO-iG8,2606,,
2026-09-06,aVKjY_uB3tA,3009,,
2026-09-06,fnKAo4k4j0I,24406,,
2026-09-06,fwJag8kazvc,1224,,
2026-09-06,hJ3DwYLFjcY,3982,,
2026-09-06,hVVP3uqEbXg,8231,,
2026-09-06,nqQ_uK7yUBw,3276,,
2026-09-06,pCghepSi0M8,16114,,
2026-09-06,r6_PIKzQJ8Q,3236,,
2026-09-06,roO2HBjdtQw,5781,,
2026-09-06,uNX13pgpGBU,5666,,
2026-09-06,xGMFiacVSrk,5229,,
2026-09-06,yJTEsQi0G98,1733,,
2026-09-06,zXbAf49C9vE,6997,,
2026-09-07,0PBCtb7Va-c,7178,,
2026-09-07,0Zsljntls0k,3671,,
2026-09-07,0c5PF6WpL7o,1068,,
2026-09-07,132bn7FWRws,2925,,
2026-09-07,1GeNGNh50Fw,9811,,
2026-09-07,3A0Gwb7nmw8,2895,,
2026-09-07,4n4yKMederk,9131,,
2026-09-07,5b4RSDrkc8I,4953,,
2026-09-07,9rJgQmuc2SM,6870,,
2026-09-07,ATXZbbUsHVw,8685,,
2026-09-07,ClAz_Etby1k,3897,,
2026-09-07,F5WCr1Md6mk,2172,,
2026-09-07,GME--_-r_lU,3566,,
2026-09-07,GkiVQ_WvpZA,12149,,
2026-09-07,I6nU9HD6GVk,992,,
2026-09-07,IM0HdpgIDq8,12485,,
2026-09-07,JJ0wEMAa0Qg,8102,,
2026-09-07,JpctKDg71Pg,1363,,
2026-09-07,MdkVvgET0Wg,4443,,
2026-09-07,N9CZswDtnCA,3721,,
2026-09-07,NEahGL5R0HI,12864,,
2026-09-07,NJXuNpJ26us,3670,,
2026-09-07,Nhb3_wu7Ddk,14358,,
2026-09-07,Pg0oIg89uDQ,5014,,
2026-09-07,PmY9rmZK_oM,2124,,
2026-09-07,UVkQsLv7n2s,2458,,
2026-09-07,UxyCkiufJyg,3574,,
2026-09-07,WUchEyRFIxw,4154,,
2026-09-07,aEQu0cO-iG8,2616,,
2026-09-07,aVKjY_uB3tA,3016,,
2026-09-07,dA0DwmLmQ9s,7602,,
2026-09-07,fnKAo4k4j0I,24928,,
2026-09-07,fwJag8kazvc,1233,,
2026-09-07,gAlQprevPh0,3224,,
2026-09-07,hJ3DwYLFjcY,3986,,
2026-09-07,hVVP3uqEbXg,8276,,
2026-09-07,iY0az_GdCiI,6166,,
2026-09-07,nqQ_uK7yUBw,3306,,
2026-09-07,pCghepSi0M8,16185,,
2026-09-07,r6_PIKzQJ8Q,3244,,
2026-09-07,roO2HBjdtQw,5801,,
2026-09-07,svTgRSTyypU,30963,,
2026-09-07,uNX13pgpGBU,5674,,
2026-09-07,xGMFiacVSrk,5244,,
2026-09-07,xZIOdejjTlg,3124,,
2026-09-07,yJTEsQi0G98,1736,,
2026-09-07,yeBCQurwTAM,4065,,
2026-09-07,zXbAf49C9vE,7030,,
2026-09-07,zx1Xu1eI_UM,2215,,
2026-09-08,0PBCtb7Va-c,7197,,
2026-09-08,0Zsljntls0k,3706,,
2026-09-08,0c5PF6WpL7o,1073,,
2026-09-08,132bn7FWRws,2975,,
2026-09-08,1GeNGNh50Fw,10077,,
2026-09-08,4n4yKMederk,9158,,
2026-09-08,9rJgQmuc2SM,6886,,
2026-09-08,ATXZbbUsHVw,8810,,
2026-09-08,GME--_-r_lU,3574,,
2026-09-08,GkiVQ_WvpZA,12203,,
2026-09-08,I6nU9HD6GVk,997,,
2026-09-08,IM0HdpgIDq8,12492,,
2026-09-08,JJ0wEMAa0Qg,8116,,
2026-09-08,JpctKDg71Pg,1371,,
2026-09-08,MdkVvgET0Wg,8307,,
2026-09-08,NEahGL5R0HI,12933,,
2026-09-08,NJXuNpJ26us,3678,,
2026-09-08,Pg0oIg89uDQ,5027,,
2026-09-08,SoVnrdQ7b_s,5298,,
2026-09-08,aEQu0cO-iG8,2625,,
2026-09-08,aVKjY_uB3tA,3029,,
2026-09-08,fnKAo4k4j0I,25537,,
2026-09-08,fwJag8kazvc,1237,,
2026-09-08,hVVP3uqEbXg,8312,,
2026-09-08,nqQ_uK7yUBw,3318,,
2026-09-08,pCghepSi0M8,16250,,
2026-09-08,r6_PIKzQJ8Q,3256,,
2026-09-08,roO2HBjdtQw,5822,,
2026-09-08,uNX13pgpGBU,5684,,
2026-09-08,xGMFiacVSrk,5245,,
2026-09-08,yJTEsQi0G98,1736,,
2026-09-08,zXbAf49C9vE,7060,,
2026-09-09,--eCZ5KJphU,2004,,
2026-09-09,-27X7n7IstM,7006,,
2026-09-09,-3dLSMzi38k,5158,,
2026-09-09,-FJcDEQ2CB0,14710,,
2026-09-09,-GYR8m5pqkI,10821,,
2026-09-09,-SxNX1_ipZ0,4563,,
2026-09-09,-WID9zHoKhE,373,,
2026-09-09,-pXsceBZ-uI,1970,,
2026-09-09,01F_B8RaurQ,364,,
2026-09-09,0A3d0lovA9c,3122,,
2026-09-09,0BvJ_8VSpAQ,20189,,
2026-09-09,0JFuxpSFiLo,21554,,
2026-09-09,0Mur3o4gJn4,5986,,
2026-09-09,0PBCtb7Va-c,7219,,
2026-09-09,0U0-9stDv2w,6870,,
2026-09-09,0YdWcjA5acg,8323,,
2026-09-09,0Zsljntls0k,3717,,
2026-09-09,0_I4PHJ-miw,21783,,
2026-09-09,0c5PF6WpL7o,1081,,
2026-09-09,0dqRFbgCuVg,6712,,
2026-09-09,0irTZK6Z_YI,993,,
2026-09-09,0jvB7_mRdVk,1567,,
2026-09-09,0luCN1MyFX8,11324,,
2026-09-09,0nv1NY1lx_E,5399,,
2026-09-09,0t_oTJZ6Irs,6889,,
2026-09-09,132bn7FWRws,3020,,
2026-09-09,13jLs1WwfTY,4883,,
2026-09-09,14FLm6zvvlM,3339,,
2026-09-09,1APEiSZz2zM,323,,
2026-09-09,1GeNGNh50Fw,10312,,
2026-09-09,1M5hO5Iz4hQ,11791,,
2026-09-09,1WejSH57PSA,556,,
2026-09-09,1_CE104JHi8,4516,,
2026-09-09,1fn9RPaSFvM,4239,,
2026-09-09,1gAj8idUtrk,13063,,
2026-09-09,1k6Bzkiw48o,11132,,
2026-09-09,1qYWYaGdxt4,1449,,
2026-09-09,1uRRhugMzlE,4454,,
2026-09-09,1vJB1yOPOf0,7493,,
2026-09-09,1yK9VWnQpx4,22363,,
2026-09-09,24Ib0j0xDxE,16062,,
2026-09-09,2CnmP8lvGE4,6404,,
2026-09-09,2JqFe4tSOyk,10698,,
2026-09-09,2OdJHlmdu3A,3441,,
2026-09-09,2WaFFWc3lno,6248,,
2026-09-09,2bY_4Ut49J8,4120,,
2026-09-09,2l0-duQwSfI,5435,,
2026-09-09,2lZK2lUb6ew,10718,,
2026-09-09,2qLT-wnFaP0,8004,,
2026-09-09,2qZb4PtGQUg,3278,,
2026-09-09,2qron8l5-WA,2952,,
2026-09-09,2vAcCPS9-YE,3155,,
2026-09-09,3BNqAqRukts,17915,,
2026-09-09,3Cm_qVj04z0,342,,
2026-09-09,3DNRCakknE0,4693,,
2026-09-09,3HUs08W6-8o,16106,,
2026-09-09,3KJwgGv_hq0,4095,,
2026-09-09,3Nh8y-oesJ0,8036,,
2026-09-09,3gPoLb5rT70,17022,,
2026-09-09,3iUH-OYuGIo,235,,
2026-09-09,3jZh-NYS564,6978,,
2026-09-09,3nGph8PX2-Q,3543,,
2026-09-09,3xtwXWyEfhk,1801,,
2026-09-09,49KORRES2ks,2335,,
2026-09-09,4Q1Xe92xmwI,9825,,
2026-09-09,4VN65sXHXSU,5839,,
2026-09-09,4WHM_GRby90,5902,,
2026-09-09,4aUWIhJE2n4,3673,,
2026-09-09,4b4THjNuDW0,610,,
2026-09-09,4n-UnjzY3B0,254,,
2026-09-09,4n4yKMederk,9186,,
2026-09-09,4qtFClwSzc8,1468,,
2026-09-09,4r4Fv5i5zCI,7282,,
2026-09-09,4tli9Q4KZ3w,3317,,
2026-09-09,4vHxpaifn9w,25437,,
2026-09-09,4zfnW56TcvY,3030,,
2026-09-09,5I2-cQ7oa10,3659,,
2026-09-09,5MHf5WPH1v4,4615,,
2026-09-09,5R6l50LDlV4,3605,,
2026-09-09,5kFO9eUjRPk,13069,,
2026-09-09,5sVEspUzpGY,3830,,
2026-09-09,5t3KYPZKUe4,10866,,
2026-09-09,615ClJ5oqkw,1223,,
2026-09-09,62v6RgdBly0,2437,,
2026-09-09,69_RI4iZxuQ,6592,,
2026-09-09,6BegJIenaBE,9908,,
2026-09-09,6Bmjis1ofzE,6215,,
2026-09-09,6SV0Lm47pvY,2486,,
2026-09-09,6TcR8BFdyJM,2938,,
2026-09-09,6VUBa5NSLU8,980,,
2026-09-09,6Xmd08nL2G4,4815,,
2026-09-09,6d8jMrgjDuE,3276,,
2026-09-09,6iCAxQUz4aQ,5952,,
2026-09-09,6l3bIPltt3A,7168,,
2026-09-09,6ob9UwPviJA,5186,,
2026-09-09,6tcSoXsMs9c,6282,,
2026-09-09,6vhfb7LUUYc,3619,,
2026-09-09,6zLWdLXiJC8,14177,,
2026-09-09,73a6CtNTac4,10315,,
2026-09-09,7BXf6nTyiCQ,3913,,
2026-09-09,7BkLmVdcaJw,6602,,
2026-09-09,7EgU3ReHrIc,1268,,
2026-09-09,7FZrM9iMsCM,6371,,
2026-09-09,7IZ5eCJ3Vqc,2494,,
2026-09-09,7NZvpCqH7eA,2783,,
2026-09-09,7NbPwroPQ80,3057,,
2026-09-09,7Odyxk-S9f0,53764,,
2026-09-09,7PSt_Gouh6g,2828,,
2026-09-09,7cpCkvLwQsI,2136,,
2026-09-09,7dlhZLngdvM,8890,,
2026-09-09,7m_UlzkGLlA,36785,,
2026-09-09,7tKbMZqzLks,2879,,
2026-09-09,7ufObjxCBKI,14980,,
2026-09-09,7wuBlcFsfvc,4390,,
2026-09-09,7zHiFWEJfZY,8885,,
2026-09-09,87Vb6sa1KcY,1461,,
2026-09-09,8OPlCKgcSO8,6504,,
2026-09-09,8T1Pe58GJpw,4320,,
2026-09-09,8UOwBfCgZn8,1054,,
2026-09-09,8UWpsEyQwCU,4020,,
2026-09-09,8_fxIwJi8eI,12881,,
2026-09-09,8fwEHUkKTFc,1261,,
2026-09-09,8hbiWsIlhQ0,1289,,
2026-09-09,8pRl03u-hjI,8135,,
2026-09-09,8r9S_xIzqLk,4090,,
2026-09-09,8tmQ6wySUSI,4667,,
2026-09-09,900BOlBTFNg,36647,,
2026-09-09,99bQhxWPWuo,9347,,
2026-09-09,9BmwbWSPXwY,4832,,
2026-09-09,9Fhr7gYQPBM,1477,,
2026-09-09,9O3XYd0F6VI,11561,,
2026-09-09,9Ot1RhssfL0,773,,
2026-09-09,9TvuNO-fnXM,16345,,
2026-09-09,9_6yRxY8iiY,9929,,
2026-09-09,9cZh_IuGMyM,386,,
2026-09-09,9dFDeUNHViY,9413,,
2026-09-09,9gFQ9rFMKEA,39529,,
2026-09-09,9h2v-rVmwEA,8743,,
2026-09-09,9hOkPAYmpPM,6709,,
2026-09-09,9hgzA60ZGZg,5587,,
2026-09-09,9rJgQmuc2SM,6900,,
2026-09-09,9rVcXaVHCXw,2630,,
2026-09-09,9wgzzLCatp8,854,,
2026-09-09,9yg2AIYdu6E,1748,,
2026-09-09,A4wr-iI2hJU,21737,,
2026-09-09,A5ojgoN39Lc,6441,,
2026-09-09,A9RXB8YTc6Y,13110,,
2026-09-09,ADwtKtLtE8Q,2025,,
2026-09-09,AKDQisHl8Ek,3935,,
2026-09-09,AKJRVoJu_Q4,7536,,
2026-09-09,ANYrzwn5h_M,4668,,
2026-09-09,AO1WNfgIgiE,8594,,
2026-09-09,ASSnCNI-KlM,1270,,
2026-09-09,ATXZbbUsHVw,8932,,
2026-09-09,AU7Z9h1x1Ys,701,,
2026-09-09,AUG114ir5eQ,1242,,
2026-09-09,AUxR3aTc3ng,1513,,
2026-09-09,AaCd4amsV0U,2043,,
2026-09-09,Ac6AOC9yxJE,4343,,
2026-09-09,AcR00ZHbVKU,7574,,
2026-09-09,AgcnylfczPE,10736,,
2026-09-09,AmYVHRf2Aq8,8685,,
2026-09-09,Ao4VRNX_h4A,12505,,
2026-09-09,Aq3emUbqTbA,806,,
2026-09-09,B0IPEMdrCRA,3048,,
2026-09-09,B5xTJMahaK4,2529,,
2026-09-09,B9FbWxNdJPY,19537,,
2026-09-09,B9zmRMY6ISI,2749,,
2026-09-09,BNze82M59-E,7064,,
2026-09-09,BSum-2t0a28,4660,,
2026-09-09,B_OF2TYLnQw,6357,,
2026-09-09,B_rcAwySccg,3571,,
2026-09-09,BdCpg8-TlGg,3572,,
2026-09-09,BfLT1TlZInE,20184,,
2026-09-09,BfjZU1zyiOc,1883,,
2026-09-09,BkAhos9qrLQ,2140,,
2026-09-09,BsWIaYs09vc,6191,,
2026-09-09,BskXYIlyNzA,5993,,
2026-09-09,C5ETgNOq1gQ,14550,,
2026-09-09,C5Rh96Gz8yg,6982,,
2026-09-09,C9AMwVwgVPo,3055,,
2026-09-09,C9FJCiew0s8,4070,,
2026-09-09,CD6KcQMdzfc,2837,,
2026-09-09,CEF9v_JMVe8,7309,,
2026-09-09,CJkJWnPzguM,21846,,
2026-09-09,CKAGWlmyXbA,8948,,
2026-09-09,CMh4ttABaiE,1229,,
2026-09-09,CSTFP0gKnd8,5346,,
2026-09-09,CUpAWj1wVbU,25029,,
2026-09-09,CVFIzDp5iio,11304,,
2026-09-09,CYn4JoQTD1I,673,,
2026-09-09,CYvruxt8Ocw,5391,,
2026-09-09,CgzCQr9ilsw,388,,
2026-09-09,ChKL1KyjlZ4,5258,,
2026-09-09,CkghB9G4vOo,215,,
2026-09-09,Cpa04rQyl18,8982,,
2026-09-09,CufCJMTTKHk,1652,,
2026-09-09,Cy2qJ0Win1I,4510,,
2026-09-09,D-dgFUvl7YA,8054,,
2026-09-09,D4p6nv2t2FA,245,,
2026-09-09,D50nmITTLp8,1808,,
2026-09-09,DAuagmdRSOE,10965,,
2026-09-09,DBkInEbzPk0,2771,,
2026-09-09,DDd5prelU6A,9102,,
2026-09-09,DDiDtP-uOqU,2275,,
2026-09-09,DI-Oxm-J0W0,5605,,
2026-09-09,DIv0FHIZiko,3487,,
2026-09-09,DNsUjaDT3AQ,4207,,
2026-09-09,DPEZ-FtI4UI,8476,,
2026-09-09,DPz-ktdaHII,450,,
2026-09-09,DS_neiUmgrA,2718,,
2026-09-09,DY9enl751Hk,9223,,
2026-09-09,Dcu_IubxG8I,4987,,
2026-09-09,Df9q7HerAA4,4983,,
2026-09-09,DiLjnRqx0xo,3863,,
2026-09-09,DnXALAe3BtY,1599,,
2026-09-09,DohrPYUe11o,1542,,
2026-09-09,DouSkzKX7NE,6536,,
2026-09-09,Drqehd-O2ak,3765,,
2026-09-09,DxUH69hEi9k,455,,
2026-09-09,E6ac_QwimUk,3727,,
2026-09-09,EFc5_Nct8wE,4571,,
2026-09-09,EIKIx9Xpl7c,2767,,
2026-09-09,E_DqVHrHIxM,7973,,
2026-09-09,EckbfLRDGjE,1696,,
2026-09-09,EkKqSnrdG7U,2687,,
2026-09-09,Ezrw0VHCy7w,280,,
2026-09-09,F1hpeZ_T-ww,2858,,
2026-09-09,F5y8-ztKpCM,3826,,
2026-09-09,F8PMKa1dz9g,737,,
2026-09-09,FAIITnGT4wo,4915,,
2026-09-09,FAfQTG-v0Cs,3280,,
2026-09-09,FEqKnaBExZU,9468,,
2026-09-09,FG5G2G-XjhE,14756,,
2026-09-09,FIEy7T-kMmQ,1921,,
2026-09-09,FKbiHBctwwA,3912,,
2026-09-09,FNVB3Ndlrw8,432,,
2026-09-09,FSFC8O9LxRU,2507,,
2026-09-09,FYtl1LolxwQ,10323,,
2026-09-09,Fa8jGX5mvj4,3145,,
2026-09-09,FfCJfpHXt8c,4081,,
2026-09-09,FgTt2XD_ryA,13778,,
2026-09-09,FkK2Rp5xEIc,11134,,
2026-09-09,FlGf6zZGtkk,5312,,
2026-09-09,FlbiS6qn6oE,2733,,
2026-09-09,Fs8L9V90RDk,7894,,
2026-09-09,FsemZttxTN8,5857,,
2026-09-09,G2COlj5SS54,8040,,
2026-09-09,G76WtaecxB4,1200,,
2026-09-09,G9YcpN4TAZw,5232,,
2026-09-09,GEZg76Swgc8,428,,
2026-09-09,GJRAN3_x8U4,3589,,
2026-09-09,GME--_-r_lU,3589,,
2026-09-09,GTD7cyckPnA,273,,
2026-09-09,GYD-rQNG-rI,8950,,
2026-09-09,Gdybpz4wjgY,332,,
2026-09-09,GgtIBQCZxkQ,5315,,
2026-09-09,Gjf4AsYGwU8,11312,,
2026-09-09,GkiVQ_WvpZA,12237,,
2026-09-09,GqAXRVF_edY,4113,,
2026-09-09,GqRwtWVepYw,9357,,
2026-09-09,GqWbo7Uo8Ec,5861,,
2026-09-09,Gs03wWJ6vFc,951,,
2026-09-09,Gx6Z5Aj875s,6753,,
2026-09-09,H-jiaEptrx0,4338,,
2026-09-09,H3JH96ZJWzM,787,,
2026-09-09,H5yOaNKxZ-4,21642,,
2026-09-09,H97Ldv1IXtw,18131,,
2026-09-09,HBhaj0_Zm34,4512,,
2026-09-09,HDN25GTdn40,3951,,
2026-09-09,HRQ4Ibbkkco,2269,,
2026-09-09,HUbRq3GR8SI,5009,,
2026-09-09,HbNx1HcTEk4,21942,,
2026-09-09,HlwfZ6atyLw,1905,,
2026-09-09,Hsv6dNsEO40,11134,,
2026-09-09,HvQpYQlLGzg,3878,,
2026-09-09,Hwi-jokx7aI,2690,,
2026-09-09,I-S-0EO3-FA,2894,,
2026-09-09,I1sccj6fjQs,3744,,
2026-09-09,I3T6O4ez75M,4059,,
2026-09-09,I66Prbdjcn0,3491,,
2026-09-09,I6nU9HD6GVk,1001,,
2026-09-09,I70TmekxAXE,2644,,
2026-09-09,IAdR2JdoGr8,10312,,
2026-09-09,IB_3oFDAULc,11924,,
2026-09-09,IE6oyFF67A0,15753,,
2026-09-09,IEIg6U_krbY,9853,,
2026-09-09,IF966yryyqY,265,,
2026-09-09,IH591H86iFQ,7304,,
2026-09-09,IHsdTOEuG4g,8744,,
2026-09-09,IJdPXXMpYPk,807,,
2026-09-09,IKIrneFKwJY,622,,
2026-09-09,IM0HdpgIDq8,12501,,
2026-09-09,IQ3zeRLgnt4,3353,,
2026-09-09,IQQViyty9zM,2053,,
2026-09-09,ISKY2Bgz_c0,1225,,
2026-09-09,IXOacyfD7V4,13634,,
2026-09-09,IrGSyH2wlK0,1602,,
2026-09-09,IuZyLH50TMQ,23491,,
2026-09-09,Ix6NRPPJhd8,1217,,
2026-09-09,J-aiAO8-Czk,13163,,
2026-09-09,J1tRJRX44zc,2060,,
2026-09-09,JH6X6472Gdk,3428,,
2026-09-09,JJ0wEMAa0Qg,8144,,
2026-09-09,JNuRoWbolfs,6442,,
2026-09-09,Jep6zVwriOA,7057,,
2026-09-09,Jl2XOwlw5Z4,5731,,
2026-09-09,JpctKDg71Pg,1376,,
2026-09-09,JpfqYvUYNr8,2206,,
2026-09-09,Ju3_gwctpM8,16547,,
2026-09-09,Jyn59AgDf6o,7190,,
2026-09-09,JzsEVr4W5ng,11461,,
2026-09-09,K1YD12TDxwo,1713,,
2026-09-09,K2T8Cd4-ba8,699,,
2026-09-09,K4YFVRGWGEY,2848,,
2026-09-09,K8o_u0_iFJU,7855,,
2026-09-09,K9Asd1xasRc,796,,
2026-09-09,KEnYv8bMxXM,39269,,
2026-09-09,KLTqQaG2asM,4415,,
2026-09-09,KMTemVbHKS4,3433,,
2026-09-09,KNT1a6LakZI,4456,,
2026-09-09,KOF8EQ_YcOU,12024,,
2026-09-09,KOedI8Dr__Y,4553,,
2026-09-09,KTnAV2qb5CY,8059,,
2026-09-09,KVaKaf9FX5I,8386,,
2026-09-09,KXoxeoaSwOA,4447,,
2026-09-09,KiOKGmcOb_g,10308,,
2026-09-09,KlnSnb7YFEY,2692,,
2026-09-09,Kn5RCzQ9ufc,3766,,
2026-09-09,KqZv27fFQlQ,145360,,
2026-09-09,KrjMNWiU52A,16981,,
2026-09-09,KtjAJuKUbDM,15782,,
2026-09-09,L0KEJ_zq0Ak,10593,,
2026-09-09,L5c4VvuaU7w,18451,,
2026-09-09,LD8rxn2RFNE,4422,,
2026-09-09,LMbdAdrLzXg,4317,,
2026-09-09,LMryIj-gt9A,2055,,
2026-09-09,LNWGlnt3wF4,19815,,
2026-09-09,LRySNa5Y0No,5700,,
2026-09-09,LSGYVCqNEjc,4342,,
2026-09-09,LXW_Z8rp3bU,2231,,
2026-09-09,L_mpuGgHhfE,4789,,
2026-09-09,LadLiCQaAwQ,5230,,
2026-09-09,Lbrq5ramx-A,4566,,
2026-09-09,LdYe9MF1QMs,1962,,
2026-09-09,Li2lFki33xM,9303,,
2026-09-09,Lk6JhpGO69M,10629,,
2026-09-09,LmDOOPuqYG8,7771,,
2026-09-09,LpqnF4FROjg,365,,
2026-09-09,Lswdyl9nZtE,9738,,
2026-09-09,M61DCig7ZJY,6221,,
2026-09-09,MA41DUCQWfw,2533,,
2026-09-09,MM879hqJf1U,18012,,
2026-09-09,MRxgJpEyabo,5014,,
2026-09-09,MVWyRSiH4uQ,2647,,
2026-09-09,MWkhT5GG75k,6932,,
2026-09-09,MdkVvgET0Wg,9809,,
2026-09-09,MhZ5AKwboh0,10020,,
2026-09-09,MsxCeW9nTb0,3356,,
2026-09-09,Mtqdsr2BC_A,5617,,
2026-09-09,MvMstvlNNzQ,404,,
2026-09-09,MxDzq8aLzTo,797,,
2026-09-09,N0_ptJC7W48,3817,,
2026-09-09,N54m3zy-uzk,3440,,
2026-09-09,N6qK7AUqn54,10997,,
2026-09-09,NELsP8DaEa8,9957,,
2026-09-09,NEahGL5R0HI,13017,,
2026-09-09,NHGisiXq7eg,7837,,
2026-09-09,NJXuNpJ26us,3681,,
2026-09-09,NJelRHbyeWw,7728,,
2026-09-09,NRlM9dhgPTg,4346,,
2026-09-09,NWOjsRjPomI,2777,,
2026-09-09,NX-1jJ1PuxY,7978,,
2026-09-09,Nc1nItUxpQQ,8190,,
2026-09-09,Nh7jDVmtg0I,1478,,
2026-09-09,NvFqtHcCCXs,3579,,
2026-09-09,Nz2xOcIryF4,9576,,
2026-09-09,O14qr6DPo4Q,7587,,
2026-09-09,O1awyI-zPJs,15572,,
2026-09-09,OD8Jm9Yk0WY,22368,,
2026-09-09,OH7Rlrq71To,35602,,
2026-09-09,OHt_00p2dmY,5725,,
2026-09-09,OLPoLPMdW_g,2159,,
2026-09-09,OVHP92ag6d4,4174,,
2026-09-09,OYxpHMuv29k,8869,,
2026-09-09,O_7ZySSl0mk,4162,,
2026-09-09,OcgJZnE1a6o,771,,
2026-09-09,Ocp1_PPM4sI,24261,,
2026-09-09,OddgScxecfA,6910,,
2026-09-09,Om4MsEtTrnw,1467,,
2026-09-09,OsN0NNVuu7o,22696,,
2026-09-09,Ou7NGOVJ8Pc,3231,,
2026-09-09,OwK8r2uyqHU,6979,,
2026-09-09,P5dvh5HrHaE,8290,,
2026-09-09,P6a8zyHf7YY,971,,
2026-09-09,P7i-qgVG7c4,1810,,
2026-09-09,PLFNoideC9s,12164,,
2026-09-09,PM4DofLA2g0,746,,
2026-09-09,PUTrIDHNxQs,2450,,
2026-09-09,PdO8UebbbSA,1660,,
2026-09-09,Pg0oIg89uDQ,5043,,
2026-09-09,PgvLUj9yWDQ,700,,
2026-09-09,Pk77G5OfECU,5107,,
2026-09-09,PkjXvpbR1q8,9594,,
2026-09-09,Pt8zI30MFm8,7096,,
2026-09-09,PtL2ZgPSF5o,14612,,
2026-09-09,Pwf2T_cntdg,21097,,
2026-09-09,PxyjUIyE5YI,16134,,
2026-09-09,Q-dHeMod7T0,7491,,
2026-09-09,Q1zf4SC-AvQ,2874,,
2026-09-09,QLdp2ZNFM_s,5329,,
2026-09-09,QUNzVqhLUBw,2645,,
2026-09-09,QVi7Ze1DEz4,5621,,
2026-09-09,QY2ox96a1zA,6038,,
2026-09-09,QeCKLvz2tIM,5877,,
2026-09-09,QhRPaWYjWYc,4136,,
2026-09-09,Qrag4Jg-veo,3900,,
2026-09-09,R1S8PFUsVWg,5612,,
2026-09-09,R4hO35nd_OI,6700,,
2026-09-09,R6Ukz91VIAY,1189,,
2026-09-09,R7utAmGPE_M,637,,
2026-09-09,RO6gVW9tdbY,1597,,
2026-09-09,ROV6ce9dkfI,4246,,
2026-09-09,RUy1hElRuUQ,5347,,
2026-09-09,RVWlgBZt6h8,5025,,
2026-09-09,RXEipSzDgtc,22149,,
2026-09-09,Rb2-RE864YY,10804,,
2026-09-09,RdvRwihvUUM,3930,,
2026-09-09,RgeVF0tu6ng,899,,
2026-09-09,RhUoPPchFBU,503,,
2026-09-09,RrVaJ5z_3mU,3013,,
2026-09-09,Rs5p0EuuTDw,9874,,
2026-09-09,Ry8PCL00Sjc,2026,,
2026-09-09,RyckAyrt7xQ,30016,,
2026-09-09,S0W7nQ2q3Kg,7846,,
2026-09-09,SB5QPpcWDXk,8736,,
2026-09-09,SCwP-bR498o,2610,,
2026-09-09,SGOEY0I_FQA,33716,,
2026-09-09,SHzg-IgnKuI,27236,,
2026-09-09,SKEcZIJKPzc,3569,,
2026-09-09,SOXoRwvxcv0,10926,,
2026-09-09,SQdrkq_hBzE,1905,,
2026-09-09,SW7PfbETFx8,2804,,
2026-09-09,SWoYNH7OMZI,1102,,
2026-09-09,SeWXiEIm9oI,1663,,
2026-09-09,Sf25ENrbQGM,1003,,
2026-09-09,ShJ_j2paClA,9376,,
2026-09-09,ShkacKGq5Vk,5464,,
2026-09-09,SkukxahhmRo,6944,,
2026-09-09,Sl5Fl_vOthI,3217,,
2026-09-09,Sl5sYEh_UoU,6231,,
2026-09-09,Sq3rkK6GhuE,245,,
2026-09-09,St5jhqEeasY,4561,,
2026-09-09,T2tuMBwhuKc,7026,,
2026-09-09,TDOWMduvE1o,3082,,
2026-09-09,TEqu2JH5dYc,919,,
2026-09-09,TMvgKj-2Z9k,1015,,
2026-09-09,TP7VDtErEvY,5443,,
2026-09-09,TS9rxa7-CXg,7179,,
2026-09-09,TV3fWx4rQh0,2370,,
2026-09-09,TWUoFcCtDhA,6602,,
2026-09-09,TXAe5nqafRY,1535,,
2026-09-09,T_jQIJSkjGo,7393,,
2026-09-09,TaY5NrLNABM,1336,,
2026-09-09,Tb4JB3eFPXw,5825,,
2026-09-09,Te57wukDp8g,4587,,
2026-09-09,TgJqTy_mCR4,8082,,
2026-09-09,Tj9CJM4ti2w,1740,,
2026-09-09,TqAy1jbJ9w8,8502,,
2026-09-09,TtCijTAgvPc,5133,,
2026-09-09,TvvDTvo-L74,8067,,
2026-09-09,TwfHRcdWHRg,4187,,
2026-09-09,U4zBHwf2MTw,1708,,
2026-09-09,UCaZFYzYm9k,6614,,
2026-09-09,UHGfFw-ZT98,3865,,
2026-09-09,UJOAvX_FD7o,251,,
2026-09-09,UKzsE2t00Jw,416,,
2026-09-09,UOOBf83nIco,38103,,
2026-09-09,UQIBN4D_qIs,2691,,
2026-09-09,UUUH5xnM-Mc,6240,,
2026-09-09,UVdc7kYPJEs,1091,,
2026-09-09,UZ3583GSSOo,4017,,
2026-09-09,UhuJQBAZv84,10585,,
2026-09-09,UiD0-skn904,814,,
2026-09-09,Ulotto-Re6w,4403,,
2026-09-09,UqLF2eIaDxg,7928,,
2026-09-09,V1jmHGrVs_k,9199,,
2026-09-09,V2d8qoEGyEU,232,,
2026-09-09,V3IHs2DwX0U,705,,
2026-09-09,V3nsGV2yOV8,2333,,
2026-09-09,V50CUypS7UM,2976,,
2026-09-09,V6AOpDTpCO4,5125,,
2026-09-09,V6Lm17-mfxA,4520,,
2026-09-09,V6d2Dc1l7BA,7158,,
2026-09-09,VKJLsmW95wc,3796,,
2026-09-09,VKMMVQtaDrM,11682,,
2026-09-09,VLJJ9zvdj2Y,5024,,
2026-09-09,VTOl1gAKo44,3233,,
2026-09-09,VTszds8Y7rU,8075,,
2026-09-09,Vb5gSRAHXCA,3879,,
2026-09-09,VlgtaUj_dho,4045,,
2026-09-09,VoU-7YGmoo0,1853,,
2026-09-09,VvVtNiE0bjA,4134,,
2026-09-09,VwTMGmXxghU,19156,,
2026-09-09,W3I8gwLv0Ro,3005,,
2026-09-09,W6U3fBgQoVg,1977,,
2026-09-09,WD7EzA2sbnI,2113,,
2026-09-09,WIP6ZDjQmww,9865,,
2026-09-09,WKMTSCW51fI,5228,,
2026-09-09,WNFEf_ZwNFw,436,,
2026-09-09,WNhZUBZ8tUc,45050,,
2026-09-09,WWIB8ZW1i6w,2950,,
2026-09-09,WYGsRorORyI,16853,,
2026-09-09,WjgW6u9Tde8,2009,,
2026-09-09,Wu4lafiHjh0,7595,,
2026-09-09,WvVMuiXrqcI,7513,,
2026-09-09,X22UHszz5Dg,4444,,
2026-09-09,X5L0LaarTLg,10957,,
2026-09-09,XAQ_GYsV52A,10164,,
2026-09-09,XEqxbZoaqUw,5180,,
2026-09-09,XIhM9oLObuU,2608,,
2026-09-09,XVwO4OvjwI4,2473,,
2026-09-09,XWSWCP3TBrc,2902,,
2026-09-09,Xm4ScqSNV10,4441,,
2026-09-09,XsCgtUDrxck,2203,,
2026-09-09,Y66yYblAsq8,1898,,
2026-09-09,Y7Rm_Bmu-K0,39411,,
2026-09-09,Y8YjZOGrhJI,3966,,
2026-09-09,YA85ddRTnus,5049,,
2026-09-09,YA_LFvsyLoU,2277,,
2026-09-09,YBMZINlORaw,6002,,
2026-09-09,YDlHWsYd23o,4444,,
2026-09-09,YDmxUb_oNLI,2747,,
2026-09-09,YFjQz7FijWM,15362,,
2026-09-09,YOe2PL-1gT0,671,,
2026-09-09,YXqYOapYqYc,7751,,
2026-09-09,Y_mkJt3oY_k,3591,,
2026-09-09,YiKIKU-5KpY,0,,
2026-09-09,YpCAi9ofhjs,4346,,
2026-09-09,YpMxtemC5y8,4901,,
2026-09-09,YqZzdPYfnso,3635,,
2026-09-09,Ytbx-7bzEGc,4345,,
2026-09-09,Z-s3rXFeosc,6641,,
2026-09-09,Z12fVM_cnaI,10833,,
2026-09-09,Z2njQkTQDKY,5167,,
2026-09-09,Z9Jjrb6xQeo,3607,,
2026-09-09,ZA_G9BP9HLY,495,,
2026-09-09,ZE2dghmFE8Y,22671,,
2026-09-09,ZE3jHXXiSBY,9688,,
2026-09-09,ZE9ENcHPRr8,24642,,
2026-09-09,ZG72S1_wBC0,5073,,
2026-09-09,ZY_oCjE95Ss,393,,
2026-09-09,ZZBZkqJqvu8,11150,,
2026-09-09,Z_REKs508KY,6736,,
2026-09-09,ZaksbmqvxNM,8528,,
2026-09-09,ZcdQLCEyjjU,8716,,
2026-09-09,ZfQ7oKzL-Pw,12579,,
2026-09-09,ZgN1aMmXELI,4834,,
2026-09-09,Zq-NFi8kxlo,49782,,
2026-09-09,ZrqtNoiNSdw,4898,,
2026-09-09,ZsIml_y5qU4,146,,
2026-09-09,ZtUTR0E7VPY,46044,,
2026-09-09,ZvUISEnjqbQ,5468,,
2026-09-09,ZzYTRvOWH1I,4396,,
2026-09-09,_3MWGJ7MUTA,2874,,
2026-09-09,_8p1UyvwmhI,3951,,
2026-09-09,_9BI3P-OH84,1720,,
2026-09-09,_BvUrcl5tls,3157,,
2026-09-09,_EZK5vA1EX0,5332,,
2026-09-09,_FzLqe9KziY,2533,,
2026-09-09,_Jlf2Q0xGZ8,5872,,
2026-09-09,_LzDM8xt_dA,8021,,
2026-09-09,_NHlgOF-WU0,406,,
2026-09-09,_OsQEaApgwY,2535,,
2026-09-09,_UWA2fCxRHI,3776,,
2026-09-09,_auL36M33Aw,2686,,
2026-09-09,_eLkGBx1XiE,1078,,
2026-09-09,_fcTS5NosDs,1565,,
2026-09-09,_r9bm8JLsKc,3422,,
2026-09-09,_wWswU9t8HU,212,,
2026-09-09,_xEjpsA_iVg,2075,,
2026-09-09,_zVLb3rpe5I,6105,,
2026-09-09,_zuQYhMwTgs,5781,,
2026-09-09,a2L6AbyANjw,13648,,
2026-09-09,a2n31BGGWFI,4232,,
2026-09-09,a65XoIF7K7Y,8027,,
2026-09-09,a6qWlOZtG3E,2136,,
2026-09-09,a8g5MvFPwxo,6478,,
2026-09-09,aD-WkrzMJrk,2351,,
2026-09-09,aDDnbn7KVls,13391,,
2026-09-09,aEQu0cO-iG8,2641,,
2026-09-09,aIcW25HaFsI,5148,,
2026-09-09,aMG8tqZ6bW0,2909,,
2026-09-09,aOOR5vp4Kl0,3661,,
2026-09-09,aQF7qqm1iHE,2387,,
2026-09-09,aVKjY_uB3tA,3041,,
2026-09-09,aYgFb-fiwxA,11937,,
2026-09-09,acvpoQwncqI,3075,,
2026-09-09,ad5pxORFPfk,2443,,
2026-09-09,adsB3sGIcVQ,5719,,
2026-09-09,afLeJEbZs2k,6457,,
2026-09-09,ahyTF-4Agkg,988,,
2026-09-09,akC-r5hlDkc,2192,,
2026-09-09,aoh738yJBRA,6456,,
2026-09-09,aqbo0yu_l6g,16343,,
2026-09-09,ar-bXQYvUhs,2500,,
2026-09-09,ath0o3oOJCs,6393,,
2026-09-09,b4fNiXZPqRQ,10115,,
2026-09-09,bHJfRtPpY6E,1663,,
2026-09-09,bHuv7kKqe-A,8215,,
2026-09-09,bJHikj8skz4,3001,,
2026-09-09,bQaZqs74i2Y,5312,,
2026-09-09,bT7qGpnOpo4,4788,,
2026-09-09,b_Obp5cBRZk,5631,,
2026-09-09,bi3ZAQbw8EI,1871,,
2026-09-09,bqTNuZQOziA,10028,,
2026-09-09,bqf0zywB-Wo,11964,,
2026-09-09,c2ket6Qczzw,1492,,
2026-09-09,c3rRnSi93Lw,8771,,
2026-09-09,c6WqvHRlRkc,4461,,
2026-09-09,c9CotszUwYQ,2370,,
2026-09-09,cFn-fD2GmYU,2555,,
2026-09-09,cJwXjAKA0-k,5563,,
2026-09-09,cR199eKHJ4k,354,,
2026-09-09,cWyP2mrcwdM,791,,
2026-09-09,cevjHgZRbrg,295,,
2026-09-09,cfGpIvLPcPw,5070,,
2026-09-09,cga1y52KSCk,3010,,
2026-09-09,cjpnhsKzs1Q,2916,,
2026-09-09,coqZMUFd2C0,36513,,
2026-09-09,cpd3lbm5tL8,3595,,
2026-09-09,cqPVe0nQ1A0,5226,,
2026-09-09,cuZsMnQlDQU,13961,,
2026-09-09,d-msiY5zz5A,3089,,
2026-09-09,d-zJskCnHpI,3140,,
2026-09-09,d09nbbfOIA8,5089,,
2026-09-09,dFH36q7iWiU,244,,
2026-09-09,dHJbG72Itp8,16666,,
2026-09-09,dIqUY3R2_3A,8034,,
2026-09-09,dSmFHbtrZ7g,18049,,
2026-09-09,dURDUSYCm68,15131,,
2026-09-09,dWatNWKO9uk,3528,,
2026-09-09,de7gpeHMS1Q,382,,
2026-09-09,dgkZoy66esM,5332,,
2026-09-09,dijHVnTV0aM,6469,,
2026-09-09,dl3KzRCU-aQ,6601,,
2026-09-09,dlABqtYhbMk,6142,,
2026-09-09,dmbvfKzFSLo,3081,,
2026-09-09,dn-xSg_FT0A,18049,,
2026-09-09,dnI29M9CE44,4021,,
2026-09-09,dnUUMRDbasE,1884,,
2026-09-09,dp7vq7hweXs,1948,,
2026-09-09,dtdf5AeXwB8,420,,
2026-09-09,dtoZraGBx54,17208,,
2026-09-09,dv-40oFi5ak,6892,,
2026-09-09,dx9Qe_629yE,8871,,
2026-09-09,e061vqWD0lQ,1010,,
2026-09-09,e6iHP-UMZnk,5236,,
2026-09-09,e83i1spluHo,6401,,
2026-09-09,eGnLjzejgI4,3042,,
2026-09-09,eK7uM-EeLIk,7802,,
2026-09-09,eLcRSVAncfc,1345,,
2026-09-09,eLhCLA0Jndo,2268,,
2026-09-09,eM2S4pWeczs,156610,,
2026-09-09,eOxOgo6VNzQ,3725,,
2026-09-09,eUkmg5xOC7c,2458,,
2026-09-09,eYY-goMG0N0,4650,,
2026-09-09,ebpANnTL0zw,13922,,
2026-09-09,ecutxRcKQ6I,6488,,
2026-09-09,enR1CfAS5zo,2069,,
2026-09-09,ensnUIxTUHE,14153,,
2026-09-09,er-8YWX70rk,12613,,
2026-09-09,etbk0Z69oDs,829,,
2026-09-09,eu92DDq5snw,5528,,
2026-09-09,eymQ0rXs7d8,6182,,
2026-09-09,f-aH0vpaoyo,10198,,
2026-09-09,f7yvLMqdMJo,4162,,
2026-09-09,f8fN8Uqbb8s,6131,,
2026-09-09,fFdiFTfeCwE,6215,,
2026-09-09,fFgFYRumrDU,11383,,
2026-09-09,fG1-74pj6A4,16708,,
2026-09-09,fHYBRGdrXo0,1948,,
2026-09-09,fIo8SE2ky98,2975,,
2026-09-09,fKvvShsdaWU,19130,,
2026-09-09,fMmn4SMuSdE,4844,,
2026-09-09,fQwyeIriRx8,8540,,
2026-09-09,fZ7RRiEw54E,6433,,
2026-09-09,fbZea8wkoe8,9767,,
2026-09-09,ff5ZGdHsgIA,1099,,
2026-09-09,fg72xV_ZX8g,789,,
2026-09-09,fj2SC2FA324,2069,,
2026-09-09,flJTAxtk67w,11326,,
2026-09-09,flbyvShpL18,4911,,
2026-09-09,fnKAo4k4j0I,26080,,
2026-09-09,fsI10W24Ya8,8135,,
2026-09-09,fwJag8kazvc,1245,,
2026-09-09,gAPX20Ja0zk,2690,,
2026-09-09,gENAeokhMHI,4045,,
2026-09-09,gK1VHYEXt_0,223,,
2026-09-09,gNEGNjVWO0Q,2955,,
2026-09-09,gVj7YvOUjfc,1035,,
2026-09-09,gWdtuyZNxeQ,11343,,
2026-09-09,gXT5p-IBNMg,6074,,
2026-09-09,goQs8La8e94,29890,,
2026-09-09,gpKioDijRD4,1534,,
2026-09-09,gtGmlmLZ3Ps,1234,,
2026-09-09,gy_rDsWx8_4,5043,,
2026-09-09,h1qNF-YaHX8,4948,,
2026-09-09,hBhD4lpfrvw,4218,,
2026-09-09,hBqhV23fZnE,4020,,
2026-09-09,hD4BjVn9YXw,4673,,
2026-09-09,hRgIER_2tZg,1192,,
2026-09-09,hSuSN9-UZUY,15520,,
2026-09-09,hUQqvZGsp6A,3628,,
2026-09-09,hVMJN3o6-5g,10979,,
2026-09-09,hVVP3uqEbXg,8330,,
2026-09-09,hX5lVJXMurI,6480,,
2026-09-09,h_v3GcIgbvM,18849,,
2026-09-09,hhwrtf3g0yY,4751,,
2026-09-09,hnnt5l96vVE,3624,,
2026-09-09,hrA_TspDTyM,2763,,
2026-09-09,hsiq1QlJqCs,37394,,
2026-09-09,htuK8cgwC-E,2602,,
2026-09-09,hwX4Jil8AFY,2232,,
2026-09-09,hy7L_a8J9z4,6129,,
2026-09-09,hyisCTgnS0g,807,,
2026-09-09,i4tThjQW98w,1477,,
2026-09-09,i5Ufb0FYkDM,2834,,
2026-09-09,i6kooD4epJ0,10330,,
2026-09-09,iCV7kvzQ_bA,20380,,
2026-09-09,iCrYuW2ixu8,2177,,
2026-09-09,iEHsfr9bvpg,13461,,
2026-09-09,iFu9J3h8RBY,8351,,
2026-09-09,iHt3VLuizj4,3761,,
2026-09-09,iKMz8ICRe8I,21153,,
2026-09-09,iNIxuEi7V54,2261,,
2026-09-09,iRyAJEXB_hE,3267,,
2026-09-09,iYHt1pdScK0,210977,,
2026-09-09,i_bfUG57Je8,10626,,
2026-09-09,ipf-y1PaGBg,3834,,
2026-09-09,iuZ57o6ph1A,2443,,
2026-09-09,ixG3RWG-Xdw,10711,,
2026-09-09,j3BrzaBGJqY,3171,,
2026-09-09,j50kYrWuR6U,1344,,
2026-09-09,j9lMyW5Emo0,7502,,
2026-09-09,jBZnliX8R7M,5295,,
2026-09-09,jCGuQ1T3kUE,11520,,
2026-09-09,jQiLi6ev9zM,5027,,
2026-09-09,jTEvYjhQKTM,3541,,
2026-09-09,jV8i3ErC3MA,10400,,
2026-09-09,jdAA_65-h0E,17377,,
2026-09-09,jfEMLlPzKEU,8083,,
2026-09-09,jgfWTFUl_58,1461,,
2026-09-09,jh22fly0d-k,5256,,
2026-09-09,jlV4MmBxgPI,13711,,
2026-09-09,jrnfWiLWFJw,384,,
2026-09-09,k1SjNJaOJcA,7145,,
2026-09-09,k3yhL30Kpnw,1618,,
2026-09-09,k4GBTLOy9aE,11405,,
2026-09-09,k73d1z4sXCE,2740,,
2026-09-09,kCTe19NTny4,2088,,
2026-09-09,kCcXFPN8bK0,2744,,
2026-09-09,kETEBzJrtSA,7444,,
2026-09-09,kFWumpkL5yI,3384,,
2026-09-09,kO5VQOB3sxI,6394,,
2026-09-09,kSbp6GNfK7Y,4559,,
2026-09-09,kUDZK_9QPtA,14597,,
2026-09-09,kYmLSudfROM,5702,,
2026-09-09,kb2G7jcB3Ls,4285,,
2026-09-09,keYeekasjI8,20485,,
2026-09-09,kjl_jo_1HTg,2488,,
2026-09-09,ko82nHa36U4,9145,,
2026-09-09,kpcxQ1XCrq8,254,,
2026-09-09,kr9WECLcJWU,3767,,
2026-09-09,ktZgSqvfl8o,458,,
2026-09-09,kuoLAhyeaJQ,4632,,
2026-09-09,kzApFdb-KEs,779,,
2026-09-09,kzQhIJnlTsI,99059,,
2026-09-09,l4OOeF2yo9Y,3814,,
2026-09-09,lADjNtrJtIo,3179,,
2026-09-09,lCTSpZlGMb4,3826,,
2026-09-09,lN4Nv7R4sBI,10518,,
2026-09-09,lOciy5N92Lg,1560,,
2026-09-09,lOomWUxwNlQ,4541,,
2026-09-09,lSkunEYX5Go,1747,,
2026-09-09,lTCDfNnY4u8,5889,,
2026-09-09,lZj5qfUurLw,4103,,
2026-09-09,lZm2ZwjEy38,3015,,
2026-09-09,lgNWcFP2Ltg,12225,,
2026-09-09,lr1GJQXbj4c,1979,,
2026-09-09,lvOd4uyJkFE,31045,,
2026-09-09,lvtS_HSjXUA,10468,,
2026-09-09,m1gcxwLGPos,5708,,
2026-09-09,m6233lu5J9Q,12113,,
2026-09-09,m9q3qhKxbk4,2487,,
2026-09-09,mDDcQa5yCfI,21198,,
2026-09-09,mHE2XXExu7Q,1254,,
2026-09-09,mHSNcvaQ8YU,1024,,
2026-09-09,mM4k2pf-l9E,6094,,
2026-09-09,mNKdQ1YwHPc,2926,,
2026-09-09,m_vvvpnOHfw,409,,
2026-09-09,mhXS2cpJlRo,1979,,
2026-09-09,mkJ-QgvLtyk,12615,,
2026-09-09,mnu4iJG72y8,5500,,
2026-09-09,n5WXv528CII,18094,,
2026-09-09,n93OGgP941o,2384,,
2026-09-09,n9XvIj6hOjc,2139,,
2026-09-09,nDLFzy9hIow,9810,,
2026-09-09,nF0VXXPcAh4,3072,,
2026-09-09,nMQCA_C9zoQ,104459,,
2026-09-09,nPV7ftm2WSg,2187,,
2026-09-09,nRTuARH-N9A,640,,
2026-09-09,nZ-Yf21ufww,9828,,
2026-09-09,n_8ek8wvHc8,5580,,
2026-09-09,nbqcaybmEe8,11723,,
2026-09-09,neQ91eM5hw4,21895,,
2026-09-09,nqQ_uK7yUBw,3329,,
2026-09-09,nuEwWBGiQ4c,3971,,
2026-09-09,nwbp-b7PO4g,7441,,
2026-09-09,nxJqaJgDQIE,4385,,
2026-09-09,nyHN_s3QpkY,7086,,
2026-09-09,o0dULDtKQ-8,10014,,
2026-09-09,o4tmiD22BLI,18929,,
2026-09-09,oCAyG5S7cIw,10642,,
2026-09-09,oDeAAnpEEXU,1971,,
2026-09-09,oKTvQ7d9gYw,29265,,
2026-09-09,oPCHIAxcTHw,38893,,
2026-09-09,oRXt4EmUmKk,4311,,
2026-09-09,oUdstwXRu2c,2817,,
2026-09-09,oZh7YlRGlqA,5259,,
2026-09-09,oZjiL501lAY,1415,,
2026-09-09,o_FRQ02nigQ,5547,,
2026-09-09,ofwkfFci1iI,3356,,
2026-09-09,ol2a1T0BgrM,4480,,
2026-09-09,ol_M2L_mjBI,2694,,
2026-09-09,onlJoxwtQec,1415,,
2026-09-09,oo0K4ydn4rw,6053,,
2026-09-09,p23Rm9i_EIg,6755,,
2026-09-09,p6uuiKju1Gc,4277,,
2026-09-09,p8GqOFBpR5w,4840,,
2026-09-09,p8ZK2nre57U,3998,,
2026-09-09,pC_lpEworvo,1036,,
2026-09-09,pCghepSi0M8,16335,,
2026-09-09,pGUjxBQqY5E,4204,,
2026-09-09,pKvwesJ8-t0,8755,,
2026-09-09,pRB23hC8dZY,3127,,
2026-09-09,pUPzkqLt5WM,4574,,
2026-09-09,pWY2T3MqfCw,3445,,
2026-09-09,pdIXWsxp0_g,3870,,
2026-09-09,pms2oKZcuqo,3436,,
2026-09-09,ptv9GRoEKs0,3843,,
2026-09-09,pyuB406DLuo,11540,,
2026-09-09,pzLWWa96_lE,5986,,
2026-09-09,q4mgxHWrmLM,6374,,
2026-09-09,q52xE5uCNT0,11779,,
2026-09-09,qIxGLqP2ZBA,3431,,
2026-09-09,qJ6pJMN4eiA,2639,,
2026-09-09,qMz0UbGJq4Y,7032,,
2026-09-09,qZi9yeRBf94,3858,,
2026-09-09,q_TknmNwvqA,6137,,
2026-09-09,qabDQ1ebZbQ,6148,,
2026-09-09,qbXC7hLKuGM,260,,
2026-09-09,qd6gmV0qrrk,14663,,
2026-09-09,qiI-rwVGiYQ,2001,,
2026-09-09,qkMCHJ28vsI,2378,,
2026-09-09,qmcbY6Sr_mw,3290,,
2026-09-09,qqQxwunPfLo,5193,,
2026-09-09,qzy12XbaJQ4,1514,,
2026-09-09,r0ZddKvFa9w,7724,,
2026-09-09,r3P6BU0gEVU,7579,,
2026-09-09,r4YE2Zghgbc,2894,,
2026-09-09,r6_PIKzQJ8Q,3277,,
2026-09-09,rAxPIoC8bB4,12794,,
2026-09-09,rJ6YCE4gWS0,1647,,
2026-09-09,rJeHPb9VWP4,2380,,
2026-09-09,rLZUcW0DBTM,9925,,
2026-09-09,rLfvnvBj8Ls,5021,,
2026-09-09,rR2A9ezT_gg,16720,,
2026-09-09,rULrrI9GfWU,1359,,
2026-09-09,rV23IXWdDOY,17415,,
2026-09-09,rVEh3PGiggk,372,,
2026-09-09,r_lWb2SpHO4,10491,,
2026-09-09,rckZ2uBOGYs,4330,,
2026-09-09,rixzhpBKdfg,2699,,
2026-09-09,rlnx986Qxkc,13353,,
2026-09-09,roO2HBjdtQw,5851,,
2026-09-09,rojYn7h_-U4,2279,,
2026-09-09,rqcOPT_Dg7A,7455,,
2026-09-09,ruxKM1qX0Dc,12022,,
2026-09-09,rzIPT2DPtvA,5796,,
2026-09-09,s2GjWfPbh9I,2012,,
2026-09-09,sHQg97i_Hp0,156,,
2026-09-09,sO1rprIWDas,4304,,
2026-09-09,sQH3xPVic6Y,3922,,
2026-09-09,sVwAWTxKDJ0,7934,,
2026-09-09,sXRGp_ttFI4,7216,,
2026-09-09,sZhgf8PQ5gc,8602,,
2026-09-09,scIFhQSvvlE,2744,,
2026-09-09,scM9aI9kTus,4980,,
2026-09-09,skABNIsQ3fA,12598,,
2026-09-09,smATVd6dk-k,14179,,
2026-09-09,sqx6twZgR-k,3945,,
2026-09-09,ssIA_N2u50Y,7281,,
2026-09-09,syPu5HdMT4k,1022,,
2026-09-09,t01TItG_UAQ,605,,
2026-09-09,t1UIIjuMirY,8793,,
2026-09-09,t1kj63890o8,3634,,
2026-09-09,t3G_N5DO6us,6306,,
2026-09-09,t4gVVdxtNWE,8727,,
2026-09-09,tGsk0H21JgE,2158,,
2026-09-09,t_RBOUZAqGw,4580,,
2026-09-09,tcomjtcMjLE,1107,,
2026-09-09,tdc-zfxIlEY,32870,,
2026-09-09,tiDCtcHjdQU,7259,,
2026-09-09,trS0kTq6Tk8,1652,,
2026-09-09,txSX7-1XQOE,2657,,
2026-09-09,tyRJESdSDm4,14871,,
2026-09-09,tz7n--I4rDU,1506,,
2026-09-09,u00LAYagwGo,4526,,
2026-09-09,u4e1ijV4iRQ,5399,,
2026-09-09,u7xKzLuKt5I,17662,,
2026-09-09,uNX13pgpGBU,5691,,
2026-09-09,uXbngiOXOD0,10473,,
2026-09-09,ub9JNL8EhJ4,1485,,
2026-09-09,uk5ADKNqHoc,1489,,
2026-09-09,ul9Sw7brukY,1600,,
2026-09-09,umNEJg2sj50,982,,
2026-09-09,un8Mt5f-mUE,10702,,
2026-09-09,usRrwR8CUb8,9363,,
2026-09-09,uxxwN68AJHE,5565,,
2026-09-09,v-ylvHTi_Mc,3400,,
2026-09-09,v0kp6W42yf4,2924,,
2026-09-09,v1J7bERLirA,3289,,
2026-09-09,v9INdKeBJEI,43080,,
2026-09-09,vDzWHTMsp_Y,1754,,
2026-09-09,vHvpM9nSO3Q,4095,,
2026-09-09,vIAhcX4SppA,3226,,
2026-09-09,vKYW7MTBAFg,10179,,
2026-09-09,vM5V9hoDKnQ,9031,,
2026-09-09,vQI78T3g4Gg,6284,,
2026-09-09,vUEmbLAxZ0Y,1103,,
2026-09-09,vWTTG9XlMoY,14199,,
2026-09-09,v_JJzLJ0eRw,4774,,
2026-09-09,vmSPrsKC8i8,52368,,
2026-09-09,vqsoh8y6xa8,5607,,
2026-09-09,vuvK_DUcqCk,8086,,
2026-09-09,vy88MX2ss_g,7547,,
2026-09-09,vyg196YvsgE,1050,,
2026-09-09,w3HciqK70s4,1675,,
2026-09-09,w68xGF_YIgU,25779,,
2026-09-09,w6b2AkddE8Y,2661,,
2026-09-09,w9kpcvkWngA,6692,,
2026-09-09,wBWXzI7uJYo,3743,,
2026-09-09,wGDSdaXZj00,45544,,
2026-09-09,wHcblaGXua8,10357,,
2026-09-09,wLB8pR4uME0,2821,,
2026-09-09,wSEMUoR4FS4,1500,,
2026-09-09,wSnq-Unha34,188632,,
2026-09-09,wX47G7oi_Z4,1969,,
2026-09-09,wg1R2_G_LEc,6519,,
2026-09-09,wnahjxPk5rk,2297,,
2026-09-09,wpHm4ARAChc,22551,,
2026-09-09,wpWCpGTZE2A,1933,,
2026-09-09,wuZgRtutoHQ,8231,,
2026-09-09,wutJAXwvMqo,9511,,
2026-09-09,wwtaQ_PNx1M,2977,,
2026-09-09,wxWz6zDC2wo,1507,,
2026-09-09,wzSn1b5XXtk,1924,,
2026-09-09,x3gjYoDR5tA,2640,,
2026-09-09,x5fPiJUOMk0,3922,,
2026-09-09,xGMFiacVSrk,5254,,
2026-09-09,xMbY5fkmK0A,3611,,
2026-09-09,xQKEy65zAso,65178,,
2026-09-09,xTpYdSgeWPc,1188,,
2026-09-09,x_KffjhARa0,2817,,
2026-09-09,xe6w3VmUf5I,6135,,
2026-09-09,xs2J2KW1q8Q,8518,,
2026-09-09,xvdkNKQAbJ8,1845,,
2026-09-09,xwLoo8ThKHI,861,,
2026-09-09,xxC2s5JBYZM,332,,
2026-09-09,xya7ZlFJ-x8,2287,,
2026-09-09,y3rXMXG_UF8,3811,,
2026-09-09,y4Yqheg9DuY,15816,,
2026-09-09,y6T5kX1L0aw,1629,,
2026-09-09,y76fsYJCAO0,1657,,
2026-09-09,y8mTWAs2PPw,3200,,
2026-09-09,yF9W5KZ4lfs,6545,,
2026-09-09,yGc4NnBE6nY,4976,,
2026-09-09,yJTEsQi0G98,1740,,
2026-09-09,yKCrM_XkKaY,15726,,
2026-09-09,yKIM1UxtbpU,2092,,
2026-09-09,yPh9jEw5_Lw,2936,,
2026-09-09,ySg8CEjxwwo,5854,,
2026-09-09,yUQ4NYv_io0,3554,,
2026-09-09,yXWhKEoL3QU,4001,,
2026-09-09,yo-Wdxc6ng0,3525,,
2026-09-09,yrJ1mvA6eIM,10314,,
2026-09-09,yrcwoFLtS5Y,7517,,
2026-09-09,ytt9pEb78FA,5083,,
2026-09-09,z-n_vz4gFRw,14666,,
2026-09-09,z0A-aCcVXSA,3110,,
2026-09-09,z2SU31i7Uo4,9568,,
2026-09-09,z8MJYHsQh5c,17284,,
2026-09-09,zCk1p-hPBCs,158,,
2026-09-09,zDtacZ_qT0Y,12312,,
2026-09-09,zI6L_SkYqkU,1265,,
2026-09-09,zLgpLCYCbyA,2588,,
2026-09-09,zSvZdF7CBjU,6340,,
2026-09-09,zVMIZRDSvCc,1780,,
2026-09-09,zXbAf49C9vE,7097,,
2026-09-09,zceKtRTdgSo,15619,,
2026-09-09,zjYgzIlRmOk,7175,,
2026-09-09,zksWnpcM05I,4342,,
2026-09-09,zpX-Xs1a9MY,3150,,
2026-09-09,zrRTPvOBEnU,2838,,
2026-09-09,zsRQcswYx8w,2844,,
2026-09-09,zsYZHcSRvB8,25644,,
2026-09-09,zsaXdCEuYsY,2268,,
2026-09-09,zufjmNpcSlg,1614,,
2026-09-09,zvjhIylspTc,10186,,
2026-09-09,zxwGfKCo6as,4771,,
2026-09-09,zyY2aRVZMp4,1273,,
2026-09-09,zzWIE6Sg_E0,22609,,
2026-09-10,0PBCtb7Va-c,7241,,
2026-09-10,0Zsljntls0k,3736,,
2026-09-10,0c5PF6WpL7o,1090,,
2026-09-10,132bn7FWRws,3069,,
2026-09-10,1GeNGNh50Fw,10443,,
2026-09-10,4n4yKMederk,9223,,
2026-09-10,9rJgQmuc2SM,6927,,
2026-09-10,ATXZbbUsHVw,9053,,
2026-09-10,GME--_-r_lU,3594,,
2026-09-10,GkiVQ_WvpZA,12265,,
2026-09-10,I6nU9HD6GVk,1007,,
2026-09-10,IM0HdpgIDq8,12512,,
2026-09-10,JJ0wEMAa0Qg,8177,,
2026-09-10,JpctKDg71Pg,1381,,
2026-09-10,MdkVvgET0Wg,10612,,
2026-09-10,NEahGL5R0HI,13085,,
2026-09-10,NJXuNpJ26us,3689,,
2026-09-10,Pg0oIg89uDQ,5051,,
2026-09-10,aEQu0cO-iG8,2653,,
2026-09-10,aVKjY_uB3tA,3049,,
2026-09-10,eARwhWcSGKo,2014,,
2026-09-10,fnKAo4k4j0I,26486,,
2026-09-10,fwJag8kazvc,1251,,
2026-09-10,hVVP3uqEbXg,8363,,
2026-09-10,nqQ_uK7yUBw,3347,,
2026-09-10,ozShLRF_xgU,2179,,
2026-09-10,pCghepSi0M8,16415,,
2026-09-10,r6_PIKzQJ8Q,3292,,
2026-09-10,roO2HBjdtQw,5875,,
2026-09-10,uNX13pgpGBU,5698,,
2026-09-10,xGMFiacVSrk,5262,,
2026-09-10,yJTEsQi0G98,1743,,
2026-09-10,zXbAf49C9vE,7118,,
2026-09-11,-Fkj0aK2dO8,6078,,
2026-09-11,0PBCtb7Va-c,7253,,
2026-09-11,0Zsljntls0k,3758,,
2026-09-11,0c5PF6WpL7o,1090,,
2026-09-11,132bn7FWRws,3127,,
2026-09-11,1GeNGNh50Fw,10525,,
2026-09-11,4n4yKMederk,9249,,
2026-09-11,7sRKccOoPbY,9287,,
2026-09-11,9rJgQmuc2SM,6934,,
2026-09-11,ATXZbbUsHVw,9146,,
2026-09-11,Ati51CQqpKY,6281,,
2026-09-11,GME--_-r_lU,3604,,
2026-09-11,GkiVQ_WvpZA,12317,,
2026-09-11,I6nU9HD6GVk,1009,,
2026-09-11,IM0HdpgIDq8,12514,,
2026-09-11,JJ0wEMAa0Qg,8214,,
2026-09-11,JpctKDg71Pg,1383,,
2026-09-11,KNwEQXDv5XM,8603,,
2026-09-11,Kh_0ICA5cfg,6455,,
2026-09-11,MOmBOx1LEJU,50381,,
2026-09-11,MdkVvgET0Wg,11552,,
2026-09-11,NEahGL5R0HI,13157,,
2026-09-11,NJXuNpJ26us,3696,,
2026-09-11,Pg0oIg89uDQ,5065,,
2026-09-11,QQh0twun7tg,49653,,
2026-09-11,U9sNqbVd1L8,4667,,
2026-09-11,_ALc4VJkpjA,13743,,
2026-09-11,aEQu0cO-iG8,2669,,
2026-09-11,aVKjY_uB3tA,3064,,
2026-09-11,cMFi9XkhDDQ,2630,,
2026-09-11,ccZaP6LEaLI,10166,,
2026-09-11,eARwhWcSGKo,3820,,
2026-09-11,eokbRB_Y2CU,4754,,
2026-09-11,f1eFQJocAow,7942,,
2026-09-11,fnKAo4k4j0I,26850,,
2026-09-11,fwJag8kazvc,1255,,
2026-09-11,hVVP3uqEbXg,8396,,
2026-09-11,mOqGGh-ot08,13452,,
2026-09-11,nqQ_uK7yUBw,3362,,
2026-09-11,ozShLRF_xgU,2370,,
2026-09-11,p-Ig77st4KY,9396,,
2026-09-11,pCghepSi0M8,16506,,
2026-09-11,pTqxjQV_PYU,10019,,
2026-09-11,pj41DZonKFU,6146,,
2026-09-11,ppIXkOvS4WI,4820,,
2026-09-11,r6_PIKzQJ8Q,3301,,
2026-09-11,roO2HBjdtQw,5895,,
2026-09-11,sl11WONqgaQ,3837,,
2026-09-11,uNX13pgpGBU,5712,,
2026-09-11,xGMFiacVSrk,5271,,
2026-09-11,yJTEsQi0G98,1745,,
2026-09-11,zXbAf49C9vE,7150,,
2026-09-12,0PBCtb7Va-c,7262,,
2026-09-12,0Zsljntls0k,3766,,
2026-09-12,0c5PF6WpL7o,1093,,
2026-09-12,132bn7FWRws,3164,,
2026-09-12,1GeNGNh50Fw,10628,,
2026-09-12,4n4yKMederk,9269,,
2026-09-12,5zi4AXEg4HE,1060,,
2026-09-12,9rJgQmuc2SM,6941,,
2026-09-12,ATXZbbUsHVw,9190,,
2026-09-12,GME--_-r_lU,3622,,
2026-09-12,GkiVQ_WvpZA,12365,,
2026-09-12,I6nU9HD6GVk,1013,,
2026-09-12,IM0HdpgIDq8,12519,,
2026-09-12,JJ0wEMAa0Qg,8230,,
2026-09-12,JpctKDg71Pg,1388,,
2026-09-12,MdkVvgET0Wg,11888,,
2026-09-12,NEahGL5R0HI,13208,,
2026-09-12,NJXuNpJ26us,3701,,
2026-09-12,Pg0oIg89uDQ,5076,,
2026-09-12,aEQu0cO-iG8,2671,,
2026-09-12,aVKjY_uB3tA,3080,,
2026-09-12,eARwhWcSGKo,5160,,
2026-09-12,fnKAo4k4j0I,26959,,
2026-09-12,fwJag8kazvc,1259,,
2026-09-12,hVVP3uqEbXg,8422,,
2026-09-12,nqQ_uK7yUBw,3376,,
2026-09-12,ozShLRF_xgU,2425,,
2026-09-12,pCghepSi0M8,16578,,
2026-09-12,r6_PIKzQJ8Q,3309,,
2026-09-12,roO2HBjdtQw,5909,,
2026-09-12,uNX13pgpGBU,5719,,
2026-09-12,xGMFiacVSrk,5276,,
2026-09-12,zXbAf49C9vE,7168,,
2026-09-13,0PBCtb7Va-c,7274,,
2026-09-13,0Zsljntls0k,3790,,
2026-09-13,0c5PF6WpL7o,1105,,
2026-09-13,132bn7FWRws,3204,,
2026-09-13,1GeNGNh50Fw,10705,,
2026-09-13,4n4yKMederk,9291,,
2026-09-13,5zi4AXEg4HE,1923,,
2026-09-13,9rJgQmuc2SM,6950,,
2026-09-13,ATXZbbUsHVw,9216,,
2026-09-13,GME--_-r_lU,3634,,
2026-09-13,GkiVQ_WvpZA,12421,,
2026-09-13,I6nU9HD6GVk,1019,,
2026-09-13,IM0HdpgIDq8,12524,,
2026-09-13,JJ0wEMAa0Qg,8268,,
2026-09-13,JpctKDg71Pg,1392,,
2026-09-13,MdkVvgET0Wg,12265,,
2026-09-13,NEahGL5R0HI,13255,,
2026-09-13,NJXuNpJ26us,3714,,
2026-09-13,Pg0oIg89uDQ,5090,,
2026-09-13,aEQu0cO-iG8,2681,,
2026-09-13,aVKjY_uB3tA,3093,,
2026-09-13,eARwhWcSGKo,5955,,
2026-09-13,fnKAo4k4j0I,27030,,
2026-09-13,fwJag8kazvc,1265,,
2026-09-13,hVVP3uqEbXg,8467,,
2026-09-13,nqQ_uK7yUBw,3384,,
2026-09-13,ozShLRF_xgU,2470,,
2026-09-13,pCghepSi0M8,16652,,
2026-09-13,r6_PIKzQJ8Q,3332,,
2026-09-13,roO2HBjdtQw,5929,,
2026-09-13,uNX13pgpGBU,5731,,
2026-09-13,xGMFiacVSrk,5284,,
2026-09-13,zXbAf49C9vE,7199,,
2026-09-14,0PBCtb7Va-c,7290,,
2026-09-14,0Zsljntls0k,3811,,
2026-09-14,0c5PF6WpL7o,1115,,
2026-09-14,132bn7FWRws,3236,,
2026-09-14,1GeNGNh50Fw,10827,,
2026-09-14,3A0Gwb7nmw8,2908,,
2026-09-14,4n4yKMederk,9325,,
2026-09-14,5b4RSDrkc8I,5020,,
2026-09-14,5zi4AXEg4HE,2515,,
2026-09-14,9rJgQmuc2SM,6957,,
2026-09-14,ATXZbbUsHVw,9259,,
2026-09-14,ClAz_Etby1k,3945,,
2026-09-14,F5WCr1Md6mk,2195,,
2026-09-14,GME--_-r_lU,3652,,
2026-09-14,GkiVQ_WvpZA,12483,,
2026-09-14,I6nU9HD6GVk,1027,,
2026-09-14,IM0HdpgIDq8,12532,,
2026-09-14,JJ0wEMAa0Qg,8313,,
2026-09-14,JpctKDg71Pg,1404,,
2026-09-14,MdkVvgET0Wg,12557,,
2026-09-14,N9CZswDtnCA,3777,,
2026-09-14,NEahGL5R0HI,13321,,
2026-09-14,NJXuNpJ26us,3715,,
2026-09-14,Nhb3_wu7Ddk,14516,,
2026-09-14,Pg0oIg89uDQ,5114,,
2026-09-14,PmY9rmZK_oM,2147,,
2026-09-14,UVkQsLv7n2s,2468,,
2026-09-14,UxyCkiufJyg,3595,,
2026-09-14,WUchEyRFIxw,4205,,
2026-09-14,aEQu0cO-iG8,2693,,
2026-09-14,aVKjY_uB3tA,3098,,
2026-09-14,dA0DwmLmQ9s,7748,,
2026-09-14,eARwhWcSGKo,6277,,
2026-09-14,fnKAo4k4j0I,27092,,
2026-09-14,fwJag8kazvc,1273,,
2026-09-14,gAlQprevPh0,3260,,
2026-09-14,hJ3DwYLFjcY,4036,,
2026-09-14,hVVP3uqEbXg,8543,,
2026-09-14,iY0az_GdCiI,6212,,
2026-09-14,nqQ_uK7yUBw,3399,,
2026-09-14,ozShLRF_xgU,2505,,
2026-09-14,pCghepSi0M8,16755,,
2026-09-14,r6_PIKzQJ8Q,3362,,
2026-09-14,roO2HBjdtQw,5946,,
2026-09-14,svTgRSTyypU,31096,,
2026-09-14,uNX13pgpGBU,5756,,
2026-09-14,xGMFiacVSrk,5296,,
2026-09-14,xZIOdejjTlg,3198,,
2026-09-14,yeBCQurwTAM,4091,,
2026-09-14,zXbAf49C9vE,7225,,
2026-09-14,zx1Xu1eI_UM,2221,,
2026-09-15,0PBCtb7Va-c,7304,,
2026-09-15,0Zsljntls0k,3844,,
2026-09-15,0c5PF6WpL7o,1120,,
2026-09-15,132bn7FWRws,3245,,
2026-09-15,1GeNGNh50Fw,10935,,
2026-09-15,1eL6P_PR6FA,40127,,
2026-09-15,4n4yKMederk,9364,,
2026-09-15,5zi4AXEg4HE,2805,,
2026-09-15,9rJgQmuc2SM,6975,,
2026-09-15,ATXZbbUsHVw,9302,,
2026-09-15,GME--_-r_lU,3664,,
2026-09-15,GkiVQ_WvpZA,12552,,
2026-09-15,I6nU9HD6GVk,1031,,
2026-09-15,JJ0wEMAa0Qg,8348,,
2026-09-15,JpctKDg71Pg,1411,,
2026-09-15,MdkVvgET0Wg,12760,,
2026-09-15,NEahGL5R0HI,13406,,
2026-09-15,NJXuNpJ26us,3723,,
2026-09-15,Pg0oIg89uDQ,5134,,
2026-09-15,SoVnrdQ7b_s,5334,,
2026-09-15,aEQu0cO-iG8,2705,,
2026-09-15,aVKjY_uB3tA,3118,,
2026-09-15,eARwhWcSGKo,6439,,
2026-09-15,fnKAo4k4j0I,27134,,
2026-09-15,fwJag8kazvc,1282,,
2026-09-15,hVVP3uqEbXg,8632,,
2026-09-15,nqQ_uK7yUBw,3421,,
2026-09-15,ozShLRF_xgU,2530,,
2026-09-15,pCghepSi0M8,16853,,
2026-09-15,r6_PIKzQJ8Q,3381,,
2026-09-15,roO2HBjdtQw,5966,,
2026-09-15,uNX13pgpGBU,5772,,
2026-09-15,xGMFiacVSrk,5310,,
2026-09-15,zXbAf49C9vE,7262,,
2026-09-16,--eCZ5KJphU,2007,,
2026-09-16,-27X7n7IstM,7063,,
2026-09-16,-3dLSMzi38k,5178,,
2026-09-16,-FJcDEQ2CB0,14793,,
2026-09-16,-GYR8m5pqkI,10844,,
2026-09-16,-SxNX1_ipZ0,4572,,
2026-09-16,-WID9zHoKhE,373,,
2026-09-16,-pXsceBZ-uI,1970,,
2026-09-16,01F_B8RaurQ,364,,
2026-09-16,0A3d0lovA9c,3175,,
2026-09-16,0BvJ_8VSpAQ,20229,,
2026-09-16,0JFuxpSFiLo,21695,,
2026-09-16,0Mur3o4gJn4,6014,,
2026-09-16,0PBCtb7Va-c,7314,,
2026-09-16,0U0-9stDv2w,6884,,
2026-09-16,0YdWcjA5acg,8328,,
2026-09-16,0Zsljntls0k,3860,,
2026-09-16,0_I4PHJ-miw,21829,,
2026-09-16,0c5PF6WpL7o,1124,,
2026-09-16,0dqRFbgCuVg,6724,,
2026-09-16,0irTZK6Z_YI,1000,,
2026-09-16,0jvB7_mRdVk,1569,,
2026-09-16,0luCN1MyFX8,11360,,
2026-09-16,0nv1NY1lx_E,5406,,
2026-09-16,0t_oTJZ6Irs,6935,,
2026-09-16,132bn7FWRws,3251,,
2026-09-16,13jLs1WwfTY,4902,,
2026-09-16,14FLm6zvvlM,3340,,
2026-09-16,1APEiSZz2zM,323,,
2026-09-16,1GeNGNh50Fw,11007,,
2026-09-16,1M5hO5Iz4hQ,11831,,
2026-09-16,1WejSH57PSA,556,,
2026-09-16,1_CE104JHi8,4516,,
2026-09-16,1eL6P_PR6FA,82245,,
2026-09-16,1fn9RPaSFvM,4254,,
2026-09-16,1gAj8idUtrk,13098,,
2026-09-16,1k6Bzkiw48o,11171,,
2026-09-16,1qYWYaGdxt4,1453,,
2026-09-16,1uRRhugMzlE,4481,,
2026-09-16,1vJB1yOPOf0,7512,,
2026-09-16,1yK9VWnQpx4,22433,,
2026-09-16,24Ib0j0xDxE,16082,,
2026-09-16,2CnmP8lvGE4,6418,,
2026-09-16,2JqFe4tSOyk,10827,,
2026-09-16,2OdJHlmdu3A,3441,,
2026-09-16,2WaFFWc3lno,6253,,
2026-09-16,2bY_4Ut49J8,4125,,
2026-09-16,2l0-duQwSfI,5449,,
2026-09-16,2lZK2lUb6ew,10741,,
2026-09-16,2qLT-wnFaP0,8029,,
2026-09-16,2qZb4PtGQUg,3282,,
2026-09-16,2qron8l5-WA,2957,,
2026-09-16,2vAcCPS9-YE,3156,,
2026-09-16,3BNqAqRukts,17975,,
2026-09-16,3Cm_qVj04z0,342,,
2026-09-16,3DNRCakknE0,4693,,
2026-09-16,3HUs08W6-8o,16141,,
2026-09-16,3KJwgGv_hq0,4099,,
2026-09-16,3Nh8y-oesJ0,8070,,
2026-09-16,3gPoLb5rT70,17040,,
2026-09-16,3iUH-OYuGIo,235,,
2026-09-16,3jZh-NYS564,7022,,
2026-09-16,3nGph8PX2-Q,3543,,
2026-09-16,3xtwXWyEfhk,1801,,
2026-09-16,49KORRES2ks,2342,,
2026-09-16,4Q1Xe92xmwI,9866,,
2026-09-16,4VN65sXHXSU,5850,,
2026-09-16,4WHM_GRby90,5918,,
2026-09-16,4aUWIhJE2n4,3686,,
2026-09-16,4b4THjNuDW0,611,,
2026-09-16,4n-UnjzY3B0,254,,
2026-09-16,4n4yKMederk,9382,,
2026-09-16,4qtFClwSzc8,1470,,
2026-09-16,4r4Fv5i5zCI,7307,,
2026-09-16,4tli9Q4KZ3w,3356,,
2026-09-16,4vHxpaifn9w,25467,,
2026-09-16,4zfnW56TcvY,3032,,
2026-09-16,5I2-cQ7oa10,3668,,
2026-09-16,5MHf5WPH1v4,4678,,
2026-09-16,5R6l50LDlV4,3607,,
2026-09-16,5kFO9eUjRPk,13075,,
2026-09-16,5sVEspUzpGY,3832,,
2026-09-16,5t3KYPZKUe4,10896,,
2026-09-16,5zi4AXEg4HE,3074,,
2026-09-16,615ClJ5oqkw,1223,,
2026-09-16,62v6RgdBly0,2448,,
2026-09-16,69_RI4iZxuQ,6599,,
2026-09-16,6BegJIenaBE,9917,,
2026-09-16,6Bmjis1ofzE,6223,,
2026-09-16,6SV0Lm47pvY,2486,,
2026-09-16,6TcR8BFdyJM,2943,,
2026-09-16,6VUBa5NSLU8,985,,
2026-09-16,6Xmd08nL2G4,4851,,
2026-09-16,6d8jMrgjDuE,3288,,
2026-09-16,6iCAxQUz4aQ,5973,,
2026-09-16,6l3bIPltt3A,7229,,
2026-09-16,6ob9UwPviJA,5214,,
2026-09-16,6tcSoXsMs9c,6309,,
2026-09-16,6vhfb7LUUYc,3620,,
2026-09-16,6zLWdLXiJC8,14220,,
2026-09-16,73a6CtNTac4,10361,,
2026-09-16,7BXf6nTyiCQ,3919,,
2026-09-16,7BkLmVdcaJw,6646,,
2026-09-16,7EgU3ReHrIc,1268,,
2026-09-16,7FZrM9iMsCM,6376,,
2026-09-16,7IZ5eCJ3Vqc,2505,,
2026-09-16,7NZvpCqH7eA,2784,,
2026-09-16,7NbPwroPQ80,3060,,
2026-09-16,7Odyxk-S9f0,53874,,
2026-09-16,7PSt_Gouh6g,2828,,
2026-09-16,7cpCkvLwQsI,2149,,
2026-09-16,7dlhZLngdvM,8913,,
2026-09-16,7m_UlzkGLlA,37167,,
2026-09-16,7tKbMZqzLks,2881,,
2026-09-16,7ufObjxCBKI,15219,,
2026-09-16,7wuBlcFsfvc,4390,,
2026-09-16,7zHiFWEJfZY,8895,,
2026-09-16,87Vb6sa1KcY,1461,,
2026-09-16,8OPlCKgcSO8,6545,,
2026-09-16,8T1Pe58GJpw,4321,,
2026-09-16,8UOwBfCgZn8,1054,,
2026-09-16,8UWpsEyQwCU,4023,,
2026-09-16,8_fxIwJi8eI,12927,,
2026-09-16,8fwEHUkKTFc,1263,,
2026-09-16,8hbiWsIlhQ0,1291,,
2026-09-16,8pRl03u-hjI,8181,,
2026-09-16,8r9S_xIzqLk,4102,,
2026-09-16,8tmQ6wySUSI,4673,,
2026-09-16,900BOlBTFNg,36733,,
2026-09-16,99bQhxWPWuo,9379,,
2026-09-16,9BmwbWSPXwY,4849,,
2026-09-16,9Fhr7gYQPBM,1482,,
2026-09-16,9O3XYd0F6VI,11609,,
2026-09-16,9Ot1RhssfL0,774,,
2026-09-16,9TvuNO-fnXM,16362,,
2026-09-16,9_6yRxY8iiY,9939,,
2026-09-16,9cZh_IuGMyM,386,,
2026-09-16,9dFDeUNHViY,9434,,
2026-09-16,9gFQ9rFMKEA,39623,,
2026-09-16,9h2v-rVmwEA,8754,,
2026-09-16,9hOkPAYmpPM,6719,,
2026-09-16,9hgzA60ZGZg,5619,,
2026-09-16,9rJgQmuc2SM,6989,,
2026-09-16,9rVcXaVHCXw,2631,,
2026-09-16,9wgzzLCatp8,855,,
2026-09-16,9yg2AIYdu6E,1748,,
2026-09-16,A4wr-iI2hJU,21850,,
2026-09-16,A5ojgoN39Lc,6467,,
2026-09-16,A9RXB8YTc6Y,13256,,
2026-09-16,ADwtKtLtE8Q,2028,,
2026-09-16,AKDQisHl8Ek,3939,,
2026-09-16,AKJRVoJu_Q4,7560,,
2026-09-16,ANYrzwn5h_M,4668,,
2026-09-16,AO1WNfgIgiE,8598,,
2026-09-16,ASSnCNI-KlM,1272,,
2026-09-16,ATXZbbUsHVw,9336,,
2026-09-16,AU7Z9h1x1Ys,702,,
2026-09-16,AUG114ir5eQ,1244,,
2026-09-16,AUxR3aTc3ng,1514,,
2026-09-16,AaCd4amsV0U,2044,,
2026-09-16,Ac6AOC9yxJE,4345,,
2026-09-16,AcR00ZHbVKU,7597,,
2026-09-16,AgcnylfczPE,10774,,
2026-09-16,AmYVHRf2Aq8,8690,,
2026-09-16,Ao4VRNX_h4A,12610,,
2026-09-16,Aq3emUbqTbA,806,,
2026-09-16,B0IPEMdrCRA,3055,,
2026-09-16,B5xTJMahaK4,2529,,
2026-09-16,B9FbWxNdJPY,19647,,
2026-09-16,B9zmRMY6ISI,2757,,
2026-09-16,BNze82M59-E,7081,,
2026-09-16,BSum-2t0a28,4663,,
2026-09-16,B_OF2TYLnQw,6358,,
2026-09-16,B_rcAwySccg,3581,,
2026-09-16,BdCpg8-TlGg,3581,,
2026-09-16,BfLT1TlZInE,20221,,
2026-09-16,BfjZU1zyiOc,1883,,
2026-09-16,BkAhos9qrLQ,2140,,
2026-09-16,BsWIaYs09vc,6222,,
2026-09-16,BskXYIlyNzA,5996,,
2026-09-16,C5ETgNOq1gQ,14593,,
2026-09-16,C5Rh96Gz8yg,6987,,
2026-09-16,C9AMwVwgVPo,3064,,
2026-09-16,C9FJCiew0s8,4072,,
2026-09-16,CD6KcQMdzfc,2837,,
2026-09-16,CEF9v_JMVe8,7325,,
2026-09-16,CJkJWnPzguM,21946,,
2026-09-16,CKAGWlmyXbA,8952,,
2026-09-16,CMh4ttABaiE,1229,,
2026-09-16,CSTFP0gKnd8,5353,,
2026-09-16,CUpAWj1wVbU,25099,,
2026-09-16,CVFIzDp5iio,11317,,
2026-09-16,CYn4JoQTD1I,674,,
2026-09-16,CYvruxt8Ocw,5412,,
2026-09-16,CgzCQr9ilsw,388,,
2026-09-16,ChKL1KyjlZ4,5266,,
2026-09-16,CkghB9G4vOo,215,,
2026-09-16,Cpa04rQyl18,9130,,
2026-09-16,CufCJMTTKHk,1653,,
2026-09-16,Cy2qJ0Win1I,4548,,
2026-09-16,D-dgFUvl7YA,8088,,
2026-09-16,D4p6nv2t2FA,245,,
2026-09-16,D50nmITTLp8,1808,,
2026-09-16,DAuagmdRSOE,10998,,
2026-09-16,DBkInEbzPk0,2782,,
2026-09-16,DDd5prelU6A,9133,,
2026-09-16,DDiDtP-uOqU,2275,,
2026-09-16,DI-Oxm-J0W0,5617,,
2026-09-16,DIv0FHIZiko,3491,,
2026-09-16,DNsUjaDT3AQ,4217,,
2026-09-16,DPEZ-FtI4UI,8515,,
2026-09-16,DPz-ktdaHII,450,,
2026-09-16,DS_neiUmgrA,2718,,
2026-09-16,DY9enl751Hk,9266,,
2026-09-16,Dcu_IubxG8I,4988,,
2026-09-16,Df9q7HerAA4,4984,,
2026-09-16,DiLjnRqx0xo,3863,,
2026-09-16,DnXALAe3BtY,1599,,
2026-09-16,DohrPYUe11o,1544,,
2026-09-16,DouSkzKX7NE,6542,,
2026-09-16,Drqehd-O2ak,3786,,
2026-09-16,DxUH69hEi9k,455,,
2026-09-16,E6ac_QwimUk,3739,,
2026-09-16,EFc5_Nct8wE,4576,,
2026-09-16,EIKIx9Xpl7c,2772,,
2026-09-16,E_DqVHrHIxM,8001,,
2026-09-16,EckbfLRDGjE,1696,,
2026-09-16,EkKqSnrdG7U,2687,,
2026-09-16,Ezrw0VHCy7w,280,,
2026-09-16,F1hpeZ_T-ww,2866,,
2026-09-16,F5y8-ztKpCM,3834,,
2026-09-16,F8PMKa1dz9g,737,,
2026-09-16,FAIITnGT4wo,4923,,
2026-09-16,FAfQTG-v0Cs,3284,,
2026-09-16,FEqKnaBExZU,9498,,
2026-09-16,FG5G2G-XjhE,14788,,
2026-09-16,FIEy7T-kMmQ,1923,,
2026-09-16,FKbiHBctwwA,3915,,
2026-09-16,FNVB3Ndlrw8,433,,
2026-09-16,FSFC8O9LxRU,2513,,
2026-09-16,FYtl1LolxwQ,10400,,
2026-09-16,Fa8jGX5mvj4,3148,,
2026-09-16,FfCJfpHXt8c,4085,,
2026-09-16,FgTt2XD_ryA,13831,,
2026-09-16,FkK2Rp5xEIc,11166,,
2026-09-16,FlGf6zZGtkk,5322,,
2026-09-16,FlbiS6qn6oE,2735,,
2026-09-16,Fs8L9V90RDk,7902,,
2026-09-16,FsemZttxTN8,5937,,
2026-09-16,G2COlj5SS54,8053,,
2026-09-16,G76WtaecxB4,1207,,
2026-09-16,G9YcpN4TAZw,5249,,
2026-09-16,GEZg76Swgc8,428,,
2026-09-16,GJRAN3_x8U4,3589,,
2026-09-16,GME--_-r_lU,3672,,
2026-09-16,GTD7cyckPnA,273,,
2026-09-16,GYD-rQNG-rI,8967,,
2026-09-16,Gdybpz4wjgY,332,,
2026-09-16,GgtIBQCZxkQ,5323,,
2026-09-16,Gjf4AsYGwU8,11350,,
2026-09-16,GkiVQ_WvpZA,12578,,
2026-09-16,GqAXRVF_edY,4119,,
2026-09-16,GqRwtWVepYw,9459,,
2026-09-16,GqWbo7Uo8Ec,5890,,
2026-09-16,Gs03wWJ6vFc,956,,
2026-09-16,Gx6Z5Aj875s,6784,,
2026-09-16,H-jiaEptrx0,4338,,
2026-09-16,H3JH96ZJWzM,787,,
2026-09-16,H5yOaNKxZ-4,21822,,
2026-09-16,H97Ldv1IXtw,18186,,
2026-09-16,HBhaj0_Zm34,4525,,
2026-09-16,HDN25GTdn40,3960,,
2026-09-16,HRQ4Ibbkkco,2269,,
2026-09-16,HUbRq3GR8SI,5014,,
2026-09-16,HbNx1HcTEk4,21962,,
2026-09-16,HlwfZ6atyLw,1907,,
2026-09-16,Hsv6dNsEO40,11186,,
2026-09-16,HvQpYQlLGzg,3882,,
2026-09-16,Hwi-jokx7aI,2691,,
2026-09-16,I-S-0EO3-FA,2896,,
2026-09-16,I1sccj6fjQs,3746,,
2026-09-16,I3T6O4ez75M,4061,,
2026-09-16,I66Prbdjcn0,3493,,
2026-09-16,I6nU9HD6GVk,1030,,
2026-09-16,I70TmekxAXE,2644,,
2026-09-16,IAdR2JdoGr8,10351,,
2026-09-16,IB_3oFDAULc,11986,,
2026-09-16,IE6oyFF67A0,15801,,
2026-09-16,IEIg6U_krbY,9927,,
2026-09-16,IF966yryyqY,265,,
2026-09-16,IH591H86iFQ,7354,,
2026-09-16,IHsdTOEuG4g,8783,,
2026-09-16,IJdPXXMpYPk,807,,
2026-09-16,IKIrneFKwJY,623,,
2026-09-16,IQ3zeRLgnt4,3353,,
2026-09-16,IQQViyty9zM,2056,,
2026-09-16,ISKY2Bgz_c0,1225,,
2026-09-16,IXOacyfD7V4,13696,,
2026-09-16,IrGSyH2wlK0,1606,,
2026-09-16,IuZyLH50TMQ,23614,,
2026-09-16,Ix6NRPPJhd8,1220,,
2026-09-16,J-aiAO8-Czk,13196,,
2026-09-16,J1tRJRX44zc,2060,,
2026-09-16,JH6X6472Gdk,3435,,
2026-09-16,JJ0wEMAa0Qg,8375,,
2026-09-16,JNuRoWbolfs,6456,,
2026-09-16,Jep6zVwriOA,7063,,
2026-09-16,Jl2XOwlw5Z4,5810,,
2026-09-16,JpctKDg71Pg,1412,,
2026-09-16,JpfqYvUYNr8,2206,,
2026-09-16,Ju3_gwctpM8,16565,,
2026-09-16,Jyn59AgDf6o,7200,,
2026-09-16,JzsEVr4W5ng,11527,,
2026-09-16,K1YD12TDxwo,1714,,
2026-09-16,K2T8Cd4-ba8,702,,
2026-09-16,K4YFVRGWGEY,2849,,
2026-09-16,K8o_u0_iFJU,7894,,
2026-09-16,K9Asd1xasRc,798,,
2026-09-16,KEnYv8bMxXM,39392,,
2026-09-16,KLTqQaG2asM,4425,,
2026-09-16,KMTemVbHKS4,3434,,
2026-09-16,KNT1a6LakZI,4459,,
2026-09-16,KOF8EQ_YcOU,12037,,
2026-09-16,KOedI8Dr__Y,4564,,
2026-09-16,KTnAV2qb5CY,8096,,
2026-09-16,KVaKaf9FX5I,8390,,
2026-09-16,KXoxeoaSwOA,4461,,
2026-09-16,KiOKGmcOb_g,10322,,
2026-09-16,KlnSnb7YFEY,2697,,
2026-09-16,Kn5RCzQ9ufc,3775,,
2026-09-16,KqZv27fFQlQ,147342,,
2026-09-16,KrjMNWiU52A,17009,,
2026-09-16,KtjAJuKUbDM,15839,,
2026-09-16,L0KEJ_zq0Ak,10648,,
2026-09-16,L5c4VvuaU7w,18519,,
2026-09-16,LD8rxn2RFNE,4428,,
2026-09-16,LMbdAdrLzXg,4318,,
2026-09-16,LMryIj-gt9A,2056,,
2026-09-16,LNWGlnt3wF4,19895,,
2026-09-16,LRySNa5Y0No,5710,,
2026-09-16,LSGYVCqNEjc,4345,,
2026-09-16,LXW_Z8rp3bU,2232,,
2026-09-16,L_mpuGgHhfE,4805,,
2026-09-16,LadLiCQaAwQ,5236,,
2026-09-16,Lbrq5ramx-A,4566,,
2026-09-16,LdYe9MF1QMs,1968,,
2026-09-16,Li2lFki33xM,9309,,
2026-09-16,Lk6JhpGO69M,10737,,
2026-09-16,LmDOOPuqYG8,7789,,
2026-09-16,LpqnF4FROjg,365,,
2026-09-16,Lswdyl9nZtE,9763,,
2026-09-16,M61DCig7ZJY,6232,,
2026-09-16,MA41DUCQWfw,2533,,
2026-09-16,MM879hqJf1U,18079,,
2026-09-16,MRxgJpEyabo,5021,,
2026-09-16,MVWyRSiH4uQ,2651,,
2026-09-16,MWkhT5GG75k,6937,,
2026-09-16,MdkVvgET0Wg,12964,,
2026-09-16,MhZ5AKwboh0,10054,,
2026-09-16,MsxCeW9nTb0,3356,,
2026-09-16,Mtqdsr2BC_A,5622,,
2026-09-16,MvMstvlNNzQ,404,,
2026-09-16,MxDzq8aLzTo,799,,
2026-09-16,N0_ptJC7W48,3821,,
2026-09-16,N54m3zy-uzk,3441,,
2026-09-16,N6qK7AUqn54,11051,,
2026-09-16,NELsP8DaEa8,10017,,
2026-09-16,NEahGL5R0HI,13443,,
2026-09-16,NHGisiXq7eg,7850,,
2026-09-16,NJXuNpJ26us,3727,,
2026-09-16,NJelRHbyeWw,7766,,
2026-09-16,NRlM9dhgPTg,4348,,
2026-09-16,NWOjsRjPomI,2799,,
2026-09-16,NX-1jJ1PuxY,7990,,
2026-09-16,Nc1nItUxpQQ,8197,,
2026-09-16,Nh7jDVmtg0I,1478,,
2026-09-16,NvFqtHcCCXs,3582,,
2026-09-16,Nz2xOcIryF4,9681,,
2026-09-16,O14qr6DPo4Q,7656,,
2026-09-16,O1awyI-zPJs,15701,,
2026-09-16,OD8Jm9Yk0WY,22512,,
2026-09-16,OH7Rlrq71To,35941,,
2026-09-16,OHt_00p2dmY,5728,,
2026-09-16,OLPoLPMdW_g,2165,,
2026-09-16,OVHP92ag6d4,4175,,
2026-09-16,OYxpHMuv29k,8885,,
2026-09-16,O_7ZySSl0mk,4174,,
2026-09-16,OcgJZnE1a6o,771,,
2026-09-16,Ocp1_PPM4sI,24448,,
2026-09-16,OddgScxecfA,6912,,
2026-09-16,Om4MsEtTrnw,1468,,
2026-09-16,OsN0NNVuu7o,23036,,
2026-09-16,Ou7NGOVJ8Pc,3232,,
2026-09-16,OwK8r2uyqHU,7009,,
2026-09-16,P5dvh5HrHaE,8359,,
2026-09-16,P6a8zyHf7YY,972,,
2026-09-16,P7i-qgVG7c4,1814,,
2026-09-16,PLFNoideC9s,12216,,
2026-09-16,PM4DofLA2g0,746,,
2026-09-16,PUTrIDHNxQs,2455,,
2026-09-16,PdO8UebbbSA,1660,,
2026-09-16,Pg0oIg89uDQ,5142,,
2026-09-16,PgvLUj9yWDQ,702,,
2026-09-16,Pk77G5OfECU,5110,,
2026-09-16,PkjXvpbR1q8,9671,,
2026-09-16,Pt8zI30MFm8,7117,,
2026-09-16,PtL2ZgPSF5o,14650,,
2026-09-16,Pwf2T_cntdg,21202,,
2026-09-16,PxyjUIyE5YI,16261,,
2026-09-16,Q-dHeMod7T0,7514,,
2026-09-16,Q1zf4SC-AvQ,2876,,
2026-09-16,QLdp2ZNFM_s,5337,,
2026-09-16,QUNzVqhLUBw,2645,,
2026-09-16,QVi7Ze1DEz4,5633,,
2026-09-16,QY2ox96a1zA,6049,,
2026-09-16,QeCKLvz2tIM,5902,,
2026-09-16,QhRPaWYjWYc,4144,,
2026-09-16,Qrag4Jg-veo,3903,,
2026-09-16,R1S8PFUsVWg,5632,,
2026-09-16,R4hO35nd_OI,6762,,
2026-09-16,R6Ukz91VIAY,1189,,
2026-09-16,R7utAmGPE_M,637,,
2026-09-16,RO6gVW9tdbY,1597,,
2026-09-16,ROV6ce9dkfI,4258,,
2026-09-16,RUy1hElRuUQ,5386,,
2026-09-16,RVWlgBZt6h8,5030,,
2026-09-16,RXEipSzDgtc,22186,,
2026-09-16,Rb2-RE864YY,10815,,
2026-09-16,RdvRwihvUUM,3931,,
2026-09-16,RgeVF0tu6ng,899,,
2026-09-16,RhUoPPchFBU,510,,
2026-09-16,RrVaJ5z_3mU,3017,,
2026-09-16,Rs5p0EuuTDw,9884,,
2026-09-16,Ry8PCL00Sjc,2026,,
2026-09-16,RyckAyrt7xQ,30101,,
2026-09-16,S0W7nQ2q3Kg,7879,,
2026-09-16,SB5QPpcWDXk,8754,,
2026-09-16,SCwP-bR498o,2624,,
2026-09-16,SGOEY0I_FQA,33763,,
2026-09-16,SHzg-IgnKuI,27430,,
2026-09-16,SKEcZIJKPzc,3588,,
2026-09-16,SOXoRwvxcv0,10941,,
2026-09-16,SQdrkq_hBzE,1914,,
2026-09-16,SW7PfbETFx8,2804,,
2026-09-16,SWoYNH7OMZI,1109,,
2026-09-16,SeWXiEIm9oI,1663,,
2026-09-16,Sf25ENrbQGM,1003,,
2026-09-16,ShJ_j2paClA,9417,,
2026-09-16,ShkacKGq5Vk,5470,,
2026-09-16,SkukxahhmRo,6954,,
2026-09-16,Sl5Fl_vOthI,3227,,
2026-09-16,Sl5sYEh_UoU,6237,,
2026-09-16,Sq3rkK6GhuE,245,,
2026-09-16,St5jhqEeasY,4564,,
2026-09-16,T2tuMBwhuKc,7041,,
2026-09-16,TDOWMduvE1o,3082,,
2026-09-16,TEqu2JH5dYc,923,,
2026-09-16,TMvgKj-2Z9k,1015,,
2026-09-16,TP7VDtErEvY,5448,,
2026-09-16,TS9rxa7-CXg,7183,,
2026-09-16,TV3fWx4rQh0,2377,,
2026-09-16,TWUoFcCtDhA,6608,,
2026-09-16,TXAe5nqafRY,1536,,
2026-09-16,T_jQIJSkjGo,7412,,
2026-09-16,TaY5NrLNABM,1337,,
2026-09-16,Tb4JB3eFPXw,5899,,
2026-09-16,Te57wukDp8g,4591,,
2026-09-16,TgJqTy_mCR4,8205,,
2026-09-16,Tj9CJM4ti2w,1742,,
2026-09-16,TqAy1jbJ9w8,8513,,
2026-09-16,TtCijTAgvPc,5147,,
2026-09-16,TvvDTvo-L74,8133,,
2026-09-16,TwfHRcdWHRg,4201,,
2026-09-16,U4zBHwf2MTw,1708,,
2026-09-16,UCaZFYzYm9k,6634,,
2026-09-16,UHGfFw-ZT98,3880,,
2026-09-16,UJOAvX_FD7o,251,,
2026-09-16,UKzsE2t00Jw,417,,
2026-09-16,UOOBf83nIco,38311,,
2026-09-16,UQIBN4D_qIs,2694,,
2026-09-16,UUUH5xnM-Mc,6263,,
2026-09-16,UVdc7kYPJEs,1095,,
2026-09-16,UZ3583GSSOo,4028,,
2026-09-16,UhuJQBAZv84,10619,,
2026-09-16,UiD0-skn904,814,,
2026-09-16,Ulotto-Re6w,4407,,
2026-09-16,UqLF2eIaDxg,7952,,
2026-09-16,V1jmHGrVs_k,9223,,
2026-09-16,V2d8qoEGyEU,232,,
2026-09-16,V3IHs2DwX0U,706,,
2026-09-16,V3nsGV2yOV8,2335,,
2026-09-16,V50CUypS7UM,2978,,
2026-09-16,V6AOpDTpCO4,5132,,
2026-09-16,V6Lm17-mfxA,4560,,
2026-09-16,V6d2Dc1l7BA,7158,,
2026-09-16,VKJLsmW95wc,3813,,
2026-09-16,VKMMVQtaDrM,11706,,
2026-09-16,VLJJ9zvdj2Y,5029,,
2026-09-16,VTOl1gAKo44,3240,,
2026-09-16,VTszds8Y7rU,8104,,
2026-09-16,Vb5gSRAHXCA,3879,,
2026-09-16,VlgtaUj_dho,4048,,
2026-09-16,VoU-7YGmoo0,1853,,
2026-09-16,VvVtNiE0bjA,4174,,
2026-09-16,VwTMGmXxghU,19257,,
2026-09-16,W3I8gwLv0Ro,3014,,
2026-09-16,W6U3fBgQoVg,1979,,
2026-09-16,WD7EzA2sbnI,2114,,
2026-09-16,WIP6ZDjQmww,9929,,
2026-09-16,WKMTSCW51fI,5229,,
2026-09-16,WNFEf_ZwNFw,436,,
2026-09-16,WNhZUBZ8tUc,45203,,
2026-09-16,WWIB8ZW1i6w,2955,,
2026-09-16,WYGsRorORyI,16868,,
2026-09-16,WjgW6u9Tde8,2009,,
2026-09-16,Wu4lafiHjh0,7645,,
2026-09-16,WvVMuiXrqcI,7525,,
2026-09-16,X22UHszz5Dg,4448,,
2026-09-16,X5L0LaarTLg,11079,,
2026-09-16,XAQ_GYsV52A,10215,,
2026-09-16,XEqxbZoaqUw,5184,,
2026-09-16,XIhM9oLObuU,2637,,
2026-09-16,XVwO4OvjwI4,2482,,
2026-09-16,XWSWCP3TBrc,2903,,
2026-09-16,Xm4ScqSNV10,4442,,
2026-09-16,XsCgtUDrxck,2204,,
2026-09-16,Y66yYblAsq8,1904,,
2026-09-16,Y7Rm_Bmu-K0,39596,,
2026-09-16,Y8YjZOGrhJI,3973,,
2026-09-16,YA85ddRTnus,5062,,
2026-09-16,YA_LFvsyLoU,2279,,
2026-09-16,YBMZINlORaw,6016,,
2026-09-16,YDlHWsYd23o,4461,,
2026-09-16,YDmxUb_oNLI,2747,,
2026-09-16,YFjQz7FijWM,15401,,
2026-09-16,YOe2PL-1gT0,671,,
2026-09-16,YXqYOapYqYc,7785,,
2026-09-16,Y_mkJt3oY_k,3596,,
2026-09-16,YiKIKU-5KpY,0,,
2026-09-16,YpCAi9ofhjs,4356,,
2026-09-16,YpMxtemC5y8,4907,,
2026-09-16,YqZzdPYfnso,3641,,
2026-09-16,Ytbx-7bzEGc,4351,,
2026-09-16,Z-s3rXFeosc,6661,,
2026-09-16,Z12fVM_cnaI,10900,,
2026-09-16,Z2njQkTQDKY,5173,,
2026-09-16,Z9Jjrb6xQeo,3612,,
2026-09-16,ZA_G9BP9HLY,495,,
2026-09-16,ZE2dghmFE8Y,22706,,
2026-09-16,ZE3jHXXiSBY,9757,,
2026-09-16,ZE9ENcHPRr8,24699,,
2026-09-16,ZG72S1_wBC0,5082,,
2026-09-16,ZY_oCjE95Ss,393,,
2026-09-16,ZZBZkqJqvu8,11174,,
2026-09-16,Z_REKs508KY,6750,,
2026-09-16,ZaksbmqvxNM,8556,,
2026-09-16,ZcdQLCEyjjU,8732,,
2026-09-16,ZfQ7oKzL-Pw,12624,,
2026-09-16,ZgN1aMmXELI,4844,,
2026-09-16,Zq-NFi8kxlo,49961,,
2026-09-16,ZrqtNoiNSdw,4903,,
2026-09-16,ZsIml_y5qU4,146,,
2026-09-16,ZtUTR0E7VPY,46162,,
2026-09-16,ZvUISEnjqbQ,5502,,
2026-09-16,ZzYTRvOWH1I,4398,,
2026-09-16,_3MWGJ7MUTA,2878,,
2026-09-16,_8p1UyvwmhI,3961,,
2026-09-16,_9BI3P-OH84,1720,,
2026-09-16,_BvUrcl5tls,3158,,
2026-09-16,_EZK5vA1EX0,5353,,
2026-09-16,_FzLqe9KziY,2534,,
2026-09-16,_Jlf2Q0xGZ8,5883,,
2026-09-16,_LzDM8xt_dA,8048,,
2026-09-16,_NHlgOF-WU0,406,,
2026-09-16,_OsQEaApgwY,2535,,
2026-09-16,_UWA2fCxRHI,3777,,
2026-09-16,_auL36M33Aw,2689,,
2026-09-16,_eLkGBx1XiE,1078,,
2026-09-16,_fcTS5NosDs,1566,,
2026-09-16,_r9bm8JLsKc,3434,,
2026-09-16,_wWswU9t8HU,212,,
2026-09-16,_xEjpsA_iVg,2083,,
2026-09-16,_zVLb3rpe5I,6108,,
2026-09-16,_zuQYhMwTgs,5798,,
2026-09-16,a2L6AbyANjw,13760,,
2026-09-16,a2n31BGGWFI,4242,,
2026-09-16,a65XoIF7K7Y,8044,,
2026-09-16,a6qWlOZtG3E,2136,,
2026-09-16,a8g5MvFPwxo,6545,,
2026-09-16,aD-WkrzMJrk,2362,,
2026-09-16,aDDnbn7KVls,13476,,
2026-09-16,aEQu0cO-iG8,2715,,
2026-09-16,aIcW25HaFsI,5151,,
2026-09-16,aMG8tqZ6bW0,2910,,
2026-09-16,aOOR5vp4Kl0,3664,,
2026-09-16,aQF7qqm1iHE,2388,,
2026-09-16,aVKjY_uB3tA,3129,,
2026-09-16,aYgFb-fiwxA,11965,,
2026-09-16,acvpoQwncqI,3093,,
2026-09-16,ad5pxORFPfk,2443,,
2026-09-16,adsB3sGIcVQ,5728,,
2026-09-16,afLeJEbZs2k,6464,,
2026-09-16,ahyTF-4Agkg,988,,
2026-09-16,akC-r5hlDkc,2198,,
2026-09-16,aoh738yJBRA,6459,,
2026-09-16,aqbo0yu_l6g,16419,,
2026-09-16,ar-bXQYvUhs,2505,,
2026-09-16,ath0o3oOJCs,6403,,
2026-09-16,b4fNiXZPqRQ,10118,,
2026-09-16,bHJfRtPpY6E,1663,,
2026-09-16,bHuv7kKqe-A,8221,,
2026-09-16,bJHikj8skz4,3006,,
2026-09-16,bQaZqs74i2Y,5316,,
2026-09-16,bT7qGpnOpo4,4789,,
2026-09-16,b_Obp5cBRZk,5643,,
2026-09-16,bi3ZAQbw8EI,1872,,
2026-09-16,bqTNuZQOziA,10040,,
2026-09-16,bqf0zywB-Wo,11999,,
2026-09-16,c2ket6Qczzw,1497,,
2026-09-16,c3rRnSi93Lw,8774,,
2026-09-16,c6WqvHRlRkc,4491,,
2026-09-16,c9CotszUwYQ,2374,,
2026-09-16,cFn-fD2GmYU,2555,,
2026-09-16,cJwXjAKA0-k,5573,,
2026-09-16,cR199eKHJ4k,356,,
2026-09-16,cWyP2mrcwdM,792,,
2026-09-16,cevjHgZRbrg,295,,
2026-09-16,cfGpIvLPcPw,5078,,
2026-09-16,cga1y52KSCk,3016,,
2026-09-16,cjpnhsKzs1Q,2924,,
2026-09-16,coqZMUFd2C0,36710,,
2026-09-16,cpd3lbm5tL8,3597,,
2026-09-16,cqPVe0nQ1A0,5227,,
2026-09-16,cuZsMnQlDQU,14018,,
2026-09-16,d-msiY5zz5A,3093,,
2026-09-16,d-zJskCnHpI,3153,,
2026-09-16,d09nbbfOIA8,5092,,
2026-09-16,dFH36q7iWiU,244,,
2026-09-16,dHJbG72Itp8,16787,,
2026-09-16,dIqUY3R2_3A,8045,,
2026-09-16,dSmFHbtrZ7g,18147,,
2026-09-16,dURDUSYCm68,15135,,
2026-09-16,dWatNWKO9uk,3529,,
2026-09-16,de7gpeHMS1Q,382,,
2026-09-16,dgkZoy66esM,5336,,
2026-09-16,dijHVnTV0aM,6507,,
2026-09-16,dl3KzRCU-aQ,6610,,
2026-09-16,dlABqtYhbMk,6146,,
2026-09-16,dmbvfKzFSLo,3085,,
2026-09-16,dn-xSg_FT0A,18165,,
2026-09-16,dnI29M9CE44,4049,,
2026-09-16,dnUUMRDbasE,1887,,
2026-09-16,dp7vq7hweXs,1950,,
2026-09-16,dtdf5AeXwB8,420,,
2026-09-16,dtoZraGBx54,17415,,
2026-09-16,dv-40oFi5ak,6947,,
2026-09-16,dx9Qe_629yE,8899,,
2026-09-16,e061vqWD0lQ,1014,,
2026-09-16,e6iHP-UMZnk,5238,,
2026-09-16,e83i1spluHo,6410,,
2026-09-16,eARwhWcSGKo,6512,,
2026-09-16,eGnLjzejgI4,3050,,
2026-09-16,eK7uM-EeLIk,7814,,
2026-09-16,eLcRSVAncfc,1346,,
2026-09-16,eLhCLA0Jndo,2268,,
2026-09-16,eM2S4pWeczs,157809,,
2026-09-16,eOxOgo6VNzQ,3746,,
2026-09-16,eUkmg5xOC7c,2464,,
2026-09-16,eYY-goMG0N0,4666,,
2026-09-16,ebpANnTL0zw,14110,,
2026-09-16,ecutxRcKQ6I,6490,,
2026-09-16,enR1CfAS5zo,2072,,
2026-09-16,ensnUIxTUHE,14189,,
2026-09-16,er-8YWX70rk,12683,,
2026-09-16,etbk0Z69oDs,831,,
2026-09-16,eu92DDq5snw,5529,,
2026-09-16,eymQ0rXs7d8,6186,,
2026-09-16,f-aH0vpaoyo,10211,,
2026-09-16,f7yvLMqdMJo,4176,,
2026-09-16,f8fN8Uqbb8s,6142,,
2026-09-16,fFdiFTfeCwE,6224,,
2026-09-16,fFgFYRumrDU,11433,,
2026-09-16,fG1-74pj6A4,16818,,
2026-09-16,fHYBRGdrXo0,1948,,
2026-09-16,fIo8SE2ky98,2978,,
2026-09-16,fKvvShsdaWU,19200,,
2026-09-16,fMmn4SMuSdE,4856,,
2026-09-16,fQwyeIriRx8,8562,,
2026-09-16,fZ7RRiEw54E,6440,,
2026-09-16,fbZea8wkoe8,9774,,
2026-09-16,ff5ZGdHsgIA,1102,,
2026-09-16,fg72xV_ZX8g,789,,
2026-09-16,fj2SC2FA324,2078,,
2026-09-16,flJTAxtk67w,11346,,
2026-09-16,flbyvShpL18,4912,,
2026-09-16,fnKAo4k4j0I,27203,,
2026-09-16,fsI10W24Ya8,8151,,
2026-09-16,fwJag8kazvc,1282,,
2026-09-16,gAPX20Ja0zk,2691,,
2026-09-16,gENAeokhMHI,4051,,
2026-09-16,gK1VHYEXt_0,223,,
2026-09-16,gNEGNjVWO0Q,2959,,
2026-09-16,gVj7YvOUjfc,1037,,
2026-09-16,gWdtuyZNxeQ,11386,,
2026-09-16,gXT5p-IBNMg,6078,,
2026-09-16,goQs8La8e94,30074,,
2026-09-16,gpKioDijRD4,1535,,
2026-09-16,gtGmlmLZ3Ps,1234,,
2026-09-16,gy_rDsWx8_4,5058,,
2026-09-16,h1qNF-YaHX8,4958,,
2026-09-16,hBhD4lpfrvw,4227,,
2026-09-16,hBqhV23fZnE,4036,,
2026-09-16,hD4BjVn9YXw,4689,,
2026-09-16,hRgIER_2tZg,1192,,
2026-09-16,hSuSN9-UZUY,15585,,
2026-09-16,hUQqvZGsp6A,3644,,
2026-09-16,hVMJN3o6-5g,10998,,
2026-09-16,hVVP3uqEbXg,8701,,
2026-09-16,hX5lVJXMurI,6508,,
2026-09-16,h_v3GcIgbvM,18853,,
2026-09-16,hhwrtf3g0yY,4756,,
2026-09-16,hnnt5l96vVE,3638,,
2026-09-16,hrA_TspDTyM,2766,,
2026-09-16,hsiq1QlJqCs,37441,,
2026-09-16,htuK8cgwC-E,2605,,
2026-09-16,hwX4Jil8AFY,2232,,
2026-09-16,hy7L_a8J9z4,6137,,
2026-09-16,hyisCTgnS0g,807,,
2026-09-16,i4tThjQW98w,1477,,
2026-09-16,i5Ufb0FYkDM,2834,,
2026-09-16,i6kooD4epJ0,10415,,
2026-09-16,iCV7kvzQ_bA,20612,,
2026-09-16,iCrYuW2ixu8,2177,,
2026-09-16,iEHsfr9bvpg,13653,,
2026-09-16,iFu9J3h8RBY,8367,,
2026-09-16,iHt3VLuizj4,3776,,
2026-09-16,iKMz8ICRe8I,21270,,
2026-09-16,iNIxuEi7V54,2264,,
2026-09-16,iRyAJEXB_hE,3276,,
2026-09-16,iYHt1pdScK0,212200,,
2026-09-16,i_bfUG57Je8,10632,,
2026-09-16,ipf-y1PaGBg,3848,,
2026-09-16,iuZ57o6ph1A,2449,,
2026-09-16,ixG3RWG-Xdw,10740,,
2026-09-16,j3BrzaBGJqY,3173,,
2026-09-16,j50kYrWuR6U,1344,,
2026-09-16,j9lMyW5Emo0,7549,,
2026-09-16,jBZnliX8R7M,5297,,
2026-09-16,jCGuQ1T3kUE,11562,,
2026-09-16,jQiLi6ev9zM,5035,,
2026-09-16,jTEvYjhQKTM,3552,,
2026-09-16,jV8i3ErC3MA,10430,,
2026-09-16,jdAA_65-h0E,17454,,
2026-09-16,jfEMLlPzKEU,8107,,
2026-09-16,jgfWTFUl_58,1466,,
2026-09-16,jh22fly0d-k,5261,,
2026-09-16,jlV4MmBxgPI,13774,,
2026-09-16,jrnfWiLWFJw,384,,
2026-09-16,k1SjNJaOJcA,7168,,
2026-09-16,k3yhL30Kpnw,1621,,
2026-09-16,k4GBTLOy9aE,11428,,
2026-09-16,k73d1z4sXCE,2753,,
2026-09-16,kCTe19NTny4,2088,,
2026-09-16,kCcXFPN8bK0,2753,,
2026-09-16,kETEBzJrtSA,7458,,
2026-09-16,kFWumpkL5yI,3420,,
2026-09-16,kO5VQOB3sxI,6422,,
2026-09-16,kSbp6GNfK7Y,4565,,
2026-09-16,kUDZK_9QPtA,14668,,
2026-09-16,kYmLSudfROM,5711,,
2026-09-16,kb2G7jcB3Ls,4286,,
2026-09-16,keYeekasjI8,20544,,
2026-09-16,kjl_jo_1HTg,2488,,
2026-09-16,ko82nHa36U4,9185,,
2026-09-16,kpcxQ1XCrq8,254,,
2026-09-16,kr9WECLcJWU,3773,,
2026-09-16,ktZgSqvfl8o,458,,
2026-09-16,kuoLAhyeaJQ,4835,,
2026-09-16,kzApFdb-KEs,780,,
2026-09-16,kzQhIJnlTsI,99429,,
2026-09-16,l4OOeF2yo9Y,3828,,
2026-09-16,lADjNtrJtIo,3189,,
2026-09-16,lCTSpZlGMb4,3856,,
2026-09-16,lN4Nv7R4sBI,10539,,
2026-09-16,lOciy5N92Lg,1560,,
2026-09-16,lOomWUxwNlQ,4549,,
2026-09-16,lSkunEYX5Go,1748,,
2026-09-16,lTCDfNnY4u8,5901,,
2026-09-16,lZj5qfUurLw,4110,,
2026-09-16,lZm2ZwjEy38,3017,,
2026-09-16,lgNWcFP2Ltg,12238,,
2026-09-16,lr1GJQXbj4c,1985,,
2026-09-16,lvOd4uyJkFE,31123,,
2026-09-16,lvtS_HSjXUA,10484,,
2026-09-16,m1gcxwLGPos,5711,,
2026-09-16,m6233lu5J9Q,12172,,
2026-09-16,m9q3qhKxbk4,2488,,
2026-09-16,mDDcQa5yCfI,21285,,
2026-09-16,mHE2XXExu7Q,1254,,
2026-09-16,mHSNcvaQ8YU,1024,,
2026-09-16,mM4k2pf-l9E,6097,,
2026-09-16,mNKdQ1YwHPc,2930,,
2026-09-16,m_vvvpnOHfw,409,,
2026-09-16,mhXS2cpJlRo,1988,,
2026-09-16,mkJ-QgvLtyk,12639,,
2026-09-16,mnu4iJG72y8,5505,,
2026-09-16,n5WXv528CII,18207,,
2026-09-16,n93OGgP941o,2387,,
2026-09-16,n9XvIj6hOjc,2139,,
2026-09-16,nDLFzy9hIow,9822,,
2026-09-16,nF0VXXPcAh4,3074,,
2026-09-16,nMQCA_C9zoQ,104812,,
2026-09-16,nPV7ftm2WSg,2187,,
2026-09-16,nRTuARH-N9A,640,,
2026-09-16,nZ-Yf21ufww,9853,,
2026-09-16,n_8ek8wvHc8,5593,,
2026-09-16,nbqcaybmEe8,11738,,
2026-09-16,neQ91eM5hw4,21963,,
2026-09-16,nqQ_uK7yUBw,3437,,
2026-09-16,nuEwWBGiQ4c,3979,,
2026-09-16,nwbp-b7PO4g,7470,,
2026-09-16,nxJqaJgDQIE,4386,,
2026-09-16,nyHN_s3QpkY,7111,,
2026-09-16,o0dULDtKQ-8,10021,,
2026-09-16,o4tmiD22BLI,18979,,
2026-09-16,oCAyG5S7cIw,10716,,
2026-09-16,oDeAAnpEEXU,1982,,
2026-09-16,oKTvQ7d9gYw,29753,,
2026-09-16,oPCHIAxcTHw,39037,,
2026-09-16,oRXt4EmUmKk,4314,,
2026-09-16,oUdstwXRu2c,2825,,
2026-09-16,oZh7YlRGlqA,5319,,
2026-09-16,oZjiL501lAY,1416,,
2026-09-16,o_FRQ02nigQ,5553,,
2026-09-16,ofwkfFci1iI,3369,,
2026-09-16,ol2a1T0BgrM,4490,,
2026-09-16,ol_M2L_mjBI,2705,,
2026-09-16,onlJoxwtQec,1426,,
2026-09-16,oo0K4ydn4rw,6059,,
2026-09-16,ozShLRF_xgU,2548,,
2026-09-16,p23Rm9i_EIg,6779,,
2026-09-16,p6uuiKju1Gc,4278,,
2026-09-16,p8GqOFBpR5w,4846,,
2026-09-16,p8ZK2nre57U,4025,,
2026-09-16,pC_lpEworvo,1036,,
2026-09-16,pCghepSi0M8,16933,,
2026-09-16,pGUjxBQqY5E,4222,,
2026-09-16,pKvwesJ8-t0,8756,,
2026-09-16,pRB23hC8dZY,3127,,
2026-09-16,pUPzkqLt5WM,4574,,
2026-09-16,pWY2T3MqfCw,3445,,
2026-09-16,pdIXWsxp0_g,3874,,
2026-09-16,pms2oKZcuqo,3437,,
2026-09-16,ptv9GRoEKs0,3882,,
2026-09-16,pyuB406DLuo,11550,,
2026-09-16,pzLWWa96_lE,6006,,
2026-09-16,q4mgxHWrmLM,6374,,
2026-09-16,q52xE5uCNT0,11810,,
2026-09-16,qIxGLqP2ZBA,3450,,
2026-09-16,qJ6pJMN4eiA,2639,,
2026-09-16,qMz0UbGJq4Y,7058,,
2026-09-16,qZi9yeRBf94,3862,,
2026-09-16,q_TknmNwvqA,6151,,
2026-09-16,qabDQ1ebZbQ,6176,,
2026-09-16,qbXC7hLKuGM,261,,
2026-09-16,qd6gmV0qrrk,14733,,
2026-09-16,qiI-rwVGiYQ,2008,,
2026-09-16,qkMCHJ28vsI,2395,,
2026-09-16,qmcbY6Sr_mw,3316,,
2026-09-16,qqQxwunPfLo,5200,,
2026-09-16,qzy12XbaJQ4,1519,,
2026-09-16,r0ZddKvFa9w,7742,,
2026-09-16,r3P6BU0gEVU,7602,,
2026-09-16,r4YE2Zghgbc,2909,,
2026-09-16,r6_PIKzQJ8Q,3393,,
2026-09-16,rAxPIoC8bB4,12840,,
2026-09-16,rJ6YCE4gWS0,1654,,
2026-09-16,rJeHPb9VWP4,2385,,
2026-09-16,rLZUcW0DBTM,9944,,
2026-09-16,rLfvnvBj8Ls,5043,,
2026-09-16,rR2A9ezT_gg,16749,,
2026-09-16,rULrrI9GfWU,1360,,
2026-09-16,rV23IXWdDOY,17458,,
2026-09-16,rVEh3PGiggk,372,,
2026-09-16,r_lWb2SpHO4,10514,,
2026-09-16,rckZ2uBOGYs,4339,,
2026-09-16,rixzhpBKdfg,2706,,
2026-09-16,rlnx986Qxkc,13415,,
2026-09-16,roO2HBjdtQw,5984,,
2026-09-16,rojYn7h_-U4,2280,,
2026-09-16,rqcOPT_Dg7A,7503,,
2026-09-16,ruxKM1qX0Dc,12218,,
2026-09-16,rzIPT2DPtvA,5803,,
2026-09-16,s2GjWfPbh9I,2015,,
2026-09-16,sHQg97i_Hp0,156,,
2026-09-16,sO1rprIWDas,4311,,
2026-09-16,sQH3xPVic6Y,3923,,
2026-09-16,sVwAWTxKDJ0,7957,,
2026-09-16,sXRGp_ttFI4,7235,,
2026-09-16,sZhgf8PQ5gc,8605,,
2026-09-16,scIFhQSvvlE,2754,,
2026-09-16,scM9aI9kTus,4990,,
2026-09-16,skABNIsQ3fA,12616,,
2026-09-16,smATVd6dk-k,14212,,
2026-09-16,sqx6twZgR-k,3947,,
2026-09-16,ssIA_N2u50Y,7292,,
2026-09-16,syPu5HdMT4k,1022,,
2026-09-16,t01TItG_UAQ,605,,
2026-09-16,t1UIIjuMirY,8794,,
2026-09-16,t1kj63890o8,3670,,
2026-09-16,t3G_N5DO6us,6321,,
2026-09-16,t4gVVdxtNWE,8743,,
2026-09-16,tGsk0H21JgE,2160,,
2026-09-16,t_RBOUZAqGw,4587,,
2026-09-16,tcomjtcMjLE,1107,,
2026-09-16,tdc-zfxIlEY,33008,,
2026-09-16,tiDCtcHjdQU,7292,,
2026-09-16,trS0kTq6Tk8,1653,,
2026-09-16,txSX7-1XQOE,2660,,
2026-09-16,tyRJESdSDm4,14923,,
2026-09-16,tz7n--I4rDU,1507,,
2026-09-16,u00LAYagwGo,4535,,
2026-09-16,u4e1ijV4iRQ,5403,,
2026-09-16,u7xKzLuKt5I,17662,,
2026-09-16,uNX13pgpGBU,5782,,
2026-09-16,uXbngiOXOD0,10486,,
2026-09-16,ub9JNL8EhJ4,1488,,
2026-09-16,uk5ADKNqHoc,1498,,
2026-09-16,ul9Sw7brukY,1603,,
2026-09-16,umNEJg2sj50,983,,
2026-09-16,un8Mt5f-mUE,10713,,
2026-09-16,usRrwR8CUb8,9398,,
2026-09-16,uxxwN68AJHE,5578,,
2026-09-16,v-ylvHTi_Mc,3410,,
2026-09-16,v0kp6W42yf4,2928,,
2026-09-16,v1J7bERLirA,3300,,
2026-09-16,v9INdKeBJEI,43282,,
2026-09-16,vDzWHTMsp_Y,1757,,
2026-09-16,vHvpM9nSO3Q,4099,,
2026-09-16,vIAhcX4SppA,3229,,
2026-09-16,vKYW7MTBAFg,10188,,
2026-09-16,vM5V9hoDKnQ,9038,,
2026-09-16,vQI78T3g4Gg,6289,,
2026-09-16,vUEmbLAxZ0Y,1103,,
2026-09-16,vWTTG9XlMoY,14313,,
2026-09-16,v_JJzLJ0eRw,4777,,
2026-09-16,vmSPrsKC8i8,52597,,
2026-09-16,vqsoh8y6xa8,5621,,
2026-09-16,vuvK_DUcqCk,8129,,
2026-09-16,vy88MX2ss_g,7567,,
2026-09-16,vyg196YvsgE,1051,,
2026-09-16,w3HciqK70s4,1677,,
2026-09-16,w68xGF_YIgU,25909,,
2026-09-16,w6b2AkddE8Y,2662,,
2026-09-16,w9kpcvkWngA,6704,,
2026-09-16,wBWXzI7uJYo,3753,,
2026-09-16,wGDSdaXZj00,45623,,
2026-09-16,wHcblaGXua8,10420,,
2026-09-16,wLB8pR4uME0,2834,,
2026-09-16,wSEMUoR4FS4,1502,,
2026-09-16,wSnq-Unha34,193551,,
2026-09-16,wX47G7oi_Z4,1969,,
2026-09-16,wg1R2_G_LEc,6549,,
2026-09-16,wnahjxPk5rk,2297,,
2026-09-16,wpHm4ARAChc,22732,,
2026-09-16,wpWCpGTZE2A,1944,,
2026-09-16,wuZgRtutoHQ,8234,,
2026-09-16,wutJAXwvMqo,9552,,
2026-09-16,wwtaQ_PNx1M,2979,,
2026-09-16,wxWz6zDC2wo,1521,,
2026-09-16,wzSn1b5XXtk,1926,,
2026-09-16,x3gjYoDR5tA,2645,,
2026-09-16,x5fPiJUOMk0,3934,,
2026-09-16,xGMFiacVSrk,5314,,
2026-09-16,xMbY5fkmK0A,3624,,
2026-09-16,xQKEy65zAso,65318,,
2026-09-16,xTpYdSgeWPc,1188,,
2026-09-16,x_KffjhARa0,2824,,
2026-09-16,xe6w3VmUf5I,6145,,
2026-09-16,xs2J2KW1q8Q,8537,,
2026-09-16,xvdkNKQAbJ8,1846,,
2026-09-16,xwLoo8ThKHI,862,,
2026-09-16,xxC2s5JBYZM,332,,
2026-09-16,xya7ZlFJ-x8,2290,,
2026-09-16,y3rXMXG_UF8,3815,,
2026-09-16,y4Yqheg9DuY,15880,,
2026-09-16,y6T5kX1L0aw,1630,,
2026-09-16,y76fsYJCAO0,1657,,
2026-09-16,y8mTWAs2PPw,3202,,
2026-09-16,yF9W5KZ4lfs,6555,,
2026-09-16,yGc4NnBE6nY,4986,,
2026-09-16,yKCrM_XkKaY,15753,,
2026-09-16,yKIM1UxtbpU,2104,,
2026-09-16,yPh9jEw5_Lw,2952,,
2026-09-16,ySg8CEjxwwo,5861,,
2026-09-16,yUQ4NYv_io0,3567,,
2026-09-16,yXWhKEoL3QU,4004,,
2026-09-16,yo-Wdxc6ng0,3534,,
2026-09-16,yrJ1mvA6eIM,10366,,
2026-09-16,yrcwoFLtS5Y,7532,,
2026-09-16,ytt9pEb78FA,5096,,
2026-09-16,z-n_vz4gFRw,14728,,
2026-09-16,z0A-aCcVXSA,3111,,
2026-09-16,z2SU31i7Uo4,9621,,
2026-09-16,z8MJYHsQh5c,17371,,
2026-09-16,zCk1p-hPBCs,158,,
2026-09-16,zDtacZ_qT0Y,12368,,
2026-09-16,zI6L_SkYqkU,1269,,
2026-09-16,zLgpLCYCbyA,2589,,
2026-09-16,zSvZdF7CBjU,6345,,
2026-09-16,zVMIZRDSvCc,1783,,
2026-09-16,zXbAf49C9vE,7286,,
2026-09-16,zceKtRTdgSo,16114,,
2026-09-16,zjYgzIlRmOk,7196,,
2026-09-16,zksWnpcM05I,4359,,
2026-09-16,zpX-Xs1a9MY,3154,,
2026-09-16,zrRTPvOBEnU,2839,,
2026-09-16,zsRQcswYx8w,2844,,
2026-09-16,zsYZHcSRvB8,25680,,
2026-09-16,zsaXdCEuYsY,2269,,
2026-09-16,zufjmNpcSlg,1616,,
2026-09-16,zvjhIylspTc,10190,,
2026-09-16,zxwGfKCo6as,4771,,
2026-09-16,zyY2aRVZMp4,1277,,
2026-09-16,zzWIE6Sg_E0,22672,,
2026-09-17,0PBCtb7Va-c,7342,,
2026-09-17,0Zsljntls0k,3886,,
2026-09-17,0c5PF6WpL7o,1129,,
2026-09-17,132bn7FWRws,3264,,
2026-09-17,1GeNGNh50Fw,11173,,
2026-09-17,1eL6P_PR6FA,114039,,
2026-09-17,4n4yKMederk,9423,,
2026-09-17,5zi4AXEg4HE,3276,,
2026-09-17,9rJgQmuc2SM,6996,,
2026-09-17,ATXZbbUsHVw,9381,,
2026-09-17,GME--_-r_lU,3685,,
2026-09-17,GkiVQ_WvpZA,12640,,
2026-09-17,I6nU9HD6GVk,1036,,
2026-09-17,JJ0wEMAa0Qg,8408,,
2026-09-17,JpctKDg71Pg,1420,,
2026-09-17,MdkVvgET0Wg,13200,,
2026-09-17,NEahGL5R0HI,13520,,
2026-09-17,NJXuNpJ26us,3740,,
2026-09-17,Pg0oIg89uDQ,5165,,
2026-09-17,W1UJAOQQDWk,5920,,
2026-09-17,aEQu0cO-iG8,2730,,
2026-09-17,aVKjY_uB3tA,3135,,
2026-09-17,eARwhWcSGKo,6632,,
2026-09-17,fnKAo4k4j0I,27245,,
2026-09-17,fwJag8kazvc,1285,,
2026-09-17,hVVP3uqEbXg,8822,,
2026-09-17,nqQ_uK7yUBw,3446,,
2026-09-17,ozShLRF_xgU,2585,,
2026-09-17,pCghepSi0M8,17077,,
2026-09-17,r6_PIKzQJ8Q,3410,,
2026-09-17,roO2HBjdtQw,6015,,
2026-09-17,uNX13pgpGBU,5789,,
2026-09-17,xGMFiacVSrk,5324,,
2026-09-17,zXbAf49C9vE,7334,,
2026-09-18,-Fkj0aK2dO8,6098,,
2026-09-18,0PBCtb7Va-c,7353,,
2026-09-18,0Zsljntls0k,3896,,
2026-09-18,0c5PF6WpL7o,1135,,
2026-09-18,132bn7FWRws,3274,,
2026-09-18,1GeNGNh50Fw,11196,,
2026-09-18,1eL6P_PR6FA,128566,,
2026-09-18,4n4yKMederk,9483,,
2026-09-18,5zi4AXEg4HE,3316,,
2026-09-18,7sRKccOoPbY,9334,,
2026-09-18,9rJgQmuc2SM,7005,,
2026-09-18,ATXZbbUsHVw,9412,,
2026-09-18,Ati51CQqpKY,6362,,
2026-09-18,GME--_-r_lU,3694,,
2026-09-18,GkiVQ_WvpZA,12670,,
2026-09-18,I6nU9HD6GVk,1039,,
2026-09-18,JJ0wEMAa0Qg,8434,,
2026-09-18,JpctKDg71Pg,1422,,
2026-09-18,KNwEQXDv5XM,8747,,
2026-09-18,Kh_0ICA5cfg,6542,,
2026-09-18,MOmBOx1LEJU,51494,,
2026-09-18,MdkVvgET0Wg,13343,,
2026-09-18,NEahGL5R0HI,13572,,
2026-09-18,NJXuNpJ26us,3748,,
2026-09-18,Pg0oIg89uDQ,5173,,
2026-09-18,QQh0twun7tg,50192,,
2026-09-18,U9sNqbVd1L8,4716,,
2026-09-18,W1UJAOQQDWk,7635,,
2026-09-18,_ALc4VJkpjA,13832,,
2026-09-18,aEQu0cO-iG8,2735,,
2026-09-18,aVKjY_uB3tA,3149,,
2026-09-18,cMFi9XkhDDQ,2633,,
2026-09-18,ccZaP6LEaLI,10421,,
2026-09-18,eARwhWcSGKo,6683,,
2026-09-18,eokbRB_Y2CU,4778,,
2026-09-18,f1eFQJocAow,8003,,
2026-09-18,fnKAo4k4j0I,27273,,
2026-09-18,fwJag8kazvc,1288,,
2026-09-18,hVVP3uqEbXg,8906,,
2026-09-18,mOqGGh-ot08,13592,,
2026-09-18,nqQ_uK7yUBw,3463,,
2026-09-18,ozShLRF_xgU,2605,,
2026-09-18,p-Ig77st4KY,9544,,
2026-09-18,pCghepSi0M8,17167,,
2026-09-18,pTqxjQV_PYU,10089,,
2026-09-18,pj41DZonKFU,6209,,
2026-09-18,ppIXkOvS4WI,4893,,
2026-09-18,r6_PIKzQJ8Q,3420,,
2026-09-18,roO2HBjdtQw,6036,,
2026-09-18,sl11WONqgaQ,3868,,
2026-09-18,uNX13pgpGBU,5796,,
2026-09-18,xGMFiacVSrk,5338,,
2026-09-18,yJTEsQi0G98,1750,,
2026-09-18,zXbAf49C9vE,7374,,
2026-09-19,0PBCtb7Va-c,7368,,
2026-09-19,0Zsljntls0k,3907,,
2026-09-19,0c5PF6WpL7o,1137,,
2026-09-19,132bn7FWRws,3282,,
2026-09-19,1GeNGNh50Fw,11220,,
2026-09-19,1eL6P_PR6FA,139316,,
2026-09-19,4n4yKMederk,9516,,
2026-09-19,5zi4AXEg4HE,3359,,
2026-09-19,9rJgQmuc2SM,7010,,
2026-09-19,ATXZbbUsHVw,9431,,
2026-09-19,GkiVQ_WvpZA,12719,,
2026-09-19,I6nU9HD6GVk,1041,,
2026-09-19,JJ0wEMAa0Qg,8461,,
2026-09-19,JpctKDg71Pg,1426,,
2026-09-19,MdkVvgET0Wg,13533,,
2026-09-19,NEahGL5R0HI,13622,,
2026-09-19,NJXuNpJ26us,3756,,
2026-09-19,Pg0oIg89uDQ,5191,,
2026-09-19,W1UJAOQQDWk,8464,,
2026-09-19,aEQu0cO-iG8,2746,,
2026-09-19,aVKjY_uB3tA,3170,,
2026-09-19,eARwhWcSGKo,6717,,
2026-09-19,fnKAo4k4j0I,27343,,
2026-09-19,fwJag8kazvc,1290,,
2026-09-19,hVVP3uqEbXg,8967,,
2026-09-19,nqQ_uK7yUBw,3477,,
2026-09-19,ozShLRF_xgU,2631,,
2026-09-19,pCghepSi0M8,17270,,
2026-09-19,r6_PIKzQJ8Q,3430,,
2026-09-19,roO2HBjdtQw,6052,,
2026-09-19,uNX13pgpGBU,5810,,
2026-09-19,xGMFiacVSrk,5345,,
2026-09-19,zXbAf49C9vE,7406,,
2026-09-20,0PBCtb7Va-c,7376,,
2026-09-20,0Zsljntls0k,3914,,
2026-09-20,0c5PF6WpL7o,1136,,
2026-09-20,132bn7FWRws,3288,,
2026-09-20,1GeNGNh50Fw,11220,,
2026-09-20,1eL6P_PR6FA,140577,,
2026-09-20,4n4yKMederk,9531,,
2026-09-20,5zi4AXEg4HE,3393,,
2026-09-20,9rJgQmuc2SM,7012,,
2026-09-20,ATXZbbUsHVw,9453,,
2026-09-20,GkiVQ_WvpZA,12753,,
2026-09-20,I6nU9HD6GVk,1044,,
2026-09-20,JJ0wEMAa0Qg,8481,,
2026-09-20,JpctKDg71Pg,1425,,
2026-09-20,MdkVvgET0Wg,13655,,
2026-09-20,NEahGL5R0HI,13652,,
2026-09-20,NJXuNpJ26us,3760,,
2026-09-20,Pg0oIg89uDQ,5198,,
2026-09-20,W1UJAOQQDWk,8143,,
2026-09-20,aEQu0cO-iG8,2754,,
2026-09-20,aVKjY_uB3tA,3183,,
2026-09-20,eARwhWcSGKo,6735,,
2026-09-20,fnKAo4k4j0I,27401,,
2026-09-20,fwJag8kazvc,1291,,
2026-09-20,hVVP3uqEbXg,9042,,
2026-09-20,nqQ_uK7yUBw,3487,,
2026-09-20,ozShLRF_xgU,2644,,
2026-09-20,pCghepSi0M8,17350,,
2026-09-20,r6_PIKzQJ8Q,3435,,
2026-09-20,roO2HBjdtQw,6071,,
2026-09-20,uNX13pgpGBU,5818,,
2026-09-20,xGMFiacVSrk,5352,,
2026-09-20,zXbAf49C9vE,7424,,
2026-09-21,0PBCtb7Va-c,7390,,
2026-09-21,0Zsljntls0k,3929,,
2026-09-21,0c5PF6WpL7o,1136,,
2026-09-21,132bn7FWRws,3290,,
2026-09-21,1GeNGNh50Fw,11241,,
2026-09-21,1eL6P_PR6FA,150155,,
2026-09-21,3A0Gwb7nmw8,2915,,
2026-09-21,4n4yKMederk,9561,,
2026-09-21,5b4RSDrkc8I,5110,,
2026-09-21,5zi4AXEg4HE,3413,,
2026-09-21,9rJgQmuc2SM,7013,,
2026-09-21,ATXZbbUsHVw,9474,,
2026-09-21,ClAz_Etby1k,4029,,
2026-09-21,F5WCr1Md6mk,2213,,
2026-09-21,GkiVQ_WvpZA,12778,,
2026-09-21,I6nU9HD6GVk,1042,,
2026-09-21,IM0HdpgIDq8,12609,,
2026-09-21,JJ0wEMAa0Qg,8486,,
2026-09-21,JpctKDg71Pg,1425,,
2026-09-21,MdkVvgET0Wg,13724,,
2026-09-21,N9CZswDtnCA,3819,,
2026-09-21,NEahGL5R0HI,13693,,
2026-09-21,NJXuNpJ26us,3765,,
2026-09-21,Nhb3_wu7Ddk,14653,,
2026-09-21,Pg0oIg89uDQ,5202,,
2026-09-21,PmY9rmZK_oM,2172,,
2026-09-21,UVkQsLv7n2s,2487,,
2026-09-21,UxyCkiufJyg,3615,,
2026-09-21,W1UJAOQQDWk,8423,,
2026-09-21,WUchEyRFIxw,4245,,
2026-09-21,aEQu0cO-iG8,2761,,
2026-09-21,aVKjY_uB3tA,3192,,
2026-09-21,dA0DwmLmQ9s,7905,,
2026-09-21,eARwhWcSGKo,6762,,
2026-09-21,fnKAo4k4j0I,27433,,
2026-09-21,fwJag8kazvc,1292,,
2026-09-21,gAlQprevPh0,3283,,
2026-09-21,hJ3DwYLFjcY,4067,,
2026-09-21,hVVP3uqEbXg,9092,,
2026-09-21,iY0az_GdCiI,6236,,
2026-09-21,nqQ_uK7yUBw,3496,,
2026-09-21,ozShLRF_xgU,2650,,
2026-09-21,pCghepSi0M8,17427,,
2026-09-21,r6_PIKzQJ8Q,3440,,
2026-09-21,roO2HBjdtQw,6089,,
2026-09-21,svTgRSTyypU,31256,,
2026-09-21,uNX13pgpGBU,5828,,
2026-09-21,xGMFiacVSrk,5361,,
2026-09-21,xZIOdejjTlg,3246,,
2026-09-21,yeBCQurwTAM,4101,,
2026-09-21,zXbAf49C9vE,7467,,
2026-09-21,zx1Xu1eI_UM,2233,,
2026-09-22,0PBCtb7Va-c,7400,,
2026-09-22,0Zsljntls0k,3942,,
2026-09-22,0c5PF6WpL7o,1144,,
2026-09-22,132bn7FWRws,3295,,
2026-09-22,1GeNGNh50Fw,11250,,
2026-09-22,1eL6P_PR6FA,154651,,
2026-09-22,4n4yKMederk,9573,,
2026-09-22,5zi4AXEg4HE,3455,,
2026-09-22,9rJgQmuc2SM,7023,,
2026-09-22,ATXZbbUsHVw,9504,,
2026-09-22,GkiVQ_WvpZA,12808,,
2026-09-22,I6nU9HD6GVk,1048,,
2026-09-22,JJ0wEMAa0Qg,8501,,
2026-09-22,JpctKDg71Pg,1429,,
2026-09-22,MdkVvgET0Wg,13779,,
2026-09-22,NEahGL5R0HI,13741,,
2026-09-22,NJXuNpJ26us,3772,,
2026-09-22,Pg0oIg89uDQ,5211,,
2026-09-22,SoVnrdQ7b_s,5365,,
2026-09-22,W1UJAOQQDWk,8428,,
2026-09-22,aEQu0cO-iG8,2769,,
2026-09-22,aVKjY_uB3tA,3199,,
2026-09-22,eARwhWcSGKo,6805,,
2026-09-22,fnKAo4k4j0I,27471,,
2026-09-22,fwJag8kazvc,1296,,
2026-09-22,hVVP3uqEbXg,9125,,
2026-09-22,nqQ_uK7yUBw,3515,,
2026-09-22,ozShLRF_xgU,2653,,
2026-09-22,pCghepSi0M8,17521,,
2026-09-22,r6_PIKzQJ8Q,3454,,
2026-09-22,roO2HBjdtQw,6115,,
2026-09-22,uNX13pgpGBU,5843,,
2026-09-22,zXbAf49C9vE,7505,,
2026-09-23,--eCZ5KJphU,2013,,
2026-09-23,-27X7n7IstM,7102,,
2026-09-23,-3dLSMzi38k,5199,,
2026-09-23,-FJcDEQ2CB0,14931,,
2026-09-23,-GYR8m5pqkI,10868,,
2026-09-23,-SxNX1_ipZ0,4595,,
2026-09-23,-WID9zHoKhE,374,,
2026-09-23,-pXsceBZ-uI,1972,,
2026-09-23,01F_B8RaurQ,364,,
2026-09-23,0A3d0lovA9c,3222,,
2026-09-23,0BvJ_8VSpAQ,20282,,
2026-09-23,0JFuxpSFiLo,21828,,
2026-09-23,0Mur3o4gJn4,6032,,
2026-09-23,0PBCtb7Va-c,7414,,
2026-09-23,0U0-9stDv2w,6894,,
2026-09-23,0YdWcjA5acg,8330,,
2026-09-23,0Zsljntls0k,3956,,
2026-09-23,0_I4PHJ-miw,21863,,
2026-09-23,0c5PF6WpL7o,1144,,
2026-09-23,0dqRFbgCuVg,6741,,
2026-09-23,0irTZK6Z_YI,1000,,
2026-09-23,0jvB7_mRdVk,1572,,
2026-09-23,0luCN1MyFX8,11389,,
2026-09-23,0nv1NY1lx_E,5415,,
2026-09-23,0t_oTJZ6Irs,6974,,
2026-09-23,132bn7FWRws,3300,,
2026-09-23,13jLs1WwfTY,4923,,
2026-09-23,14FLm6zvvlM,3341,,
2026-09-23,1APEiSZz2zM,323,,
2026-09-23,1GeNGNh50Fw,11275,,
2026-09-23,1M5hO5Iz4hQ,11867,,
2026-09-23,1WejSH57PSA,556,,
2026-09-23,1_CE104JHi8,4517,,
2026-09-23,1eL6P_PR6FA,160392,,
2026-09-23,1fn9RPaSFvM,4261,,
2026-09-23,1gAj8idUtrk,13129,,
2026-09-23,1k6Bzkiw48o,11236,,
2026-09-23,1qYWYaGdxt4,1455,,
2026-09-23,1uRRhugMzlE,4501,,
2026-09-23,1vJB1yOPOf0,7521,,
2026-09-23,1yK9VWnQpx4,22521,,
2026-09-23,24Ib0j0xDxE,16116,,
2026-09-23,2CnmP8lvGE4,6443,,
2026-09-23,2JqFe4tSOyk,11024,,
2026-09-23,2OdJHlmdu3A,3444,,
2026-09-23,2WaFFWc3lno,6308,,
2026-09-23,2bY_4Ut49J8,4129,,
2026-09-23,2l0-duQwSfI,5462,,
2026-09-23,2lZK2lUb6ew,10761,,
2026-09-23,2qLT-wnFaP0,8052,,
2026-09-23,2qZb4PtGQUg,3284,,
2026-09-23,2qron8l5-WA,2964,,
2026-09-23,2vAcCPS9-YE,3157,,
2026-09-23,3BNqAqRukts,18054,,
2026-09-23,3Cm_qVj04z0,342,,
2026-09-23,3DNRCakknE0,4694,,
2026-09-23,3HUs08W6-8o,16188,,
2026-09-23,3KJwgGv_hq0,4106,,
2026-09-23,3Nh8y-oesJ0,8110,,
2026-09-23,3gPoLb5rT70,17056,,
2026-09-23,3iUH-OYuGIo,235,,
2026-09-23,3jZh-NYS564,7045,,
2026-09-23,3nGph8PX2-Q,3546,,
2026-09-23,3xtwXWyEfhk,1801,,
2026-09-23,49KORRES2ks,2346,,
2026-09-23,4Q1Xe92xmwI,9928,,
2026-09-23,4VN65sXHXSU,5868,,
2026-09-23,4WHM_GRby90,5933,,
2026-09-23,4aUWIhJE2n4,3700,,
2026-09-23,4b4THjNuDW0,612,,
2026-09-23,4n-UnjzY3B0,254,,
2026-09-23,4n4yKMederk,9600,,
2026-09-23,4qtFClwSzc8,1470,,
2026-09-23,4r4Fv5i5zCI,7320,,
2026-09-23,4tli9Q4KZ3w,3383,,
2026-09-23,4vHxpaifn9w,25488,,
2026-09-23,4zfnW56TcvY,3034,,
2026-09-23,5I2-cQ7oa10,3681,,
2026-09-23,5MHf5WPH1v4,4738,,
2026-09-23,5R6l50LDlV4,3609,,
2026-09-23,5kFO9eUjRPk,13079,,
2026-09-23,5sVEspUzpGY,3832,,
2026-09-23,5t3KYPZKUe4,10926,,
2026-09-23,5zi4AXEg4HE,3510,,
2026-09-23,615ClJ5oqkw,1223,,
2026-09-23,62v6RgdBly0,2452,,
2026-09-23,69_RI4iZxuQ,6605,,
2026-09-23,6BegJIenaBE,9930,,
2026-09-23,6Bmjis1ofzE,6234,,
2026-09-23,6SV0Lm47pvY,2486,,
2026-09-23,6TcR8BFdyJM,2946,,
2026-09-23,6VUBa5NSLU8,988,,
2026-09-23,6Xmd08nL2G4,4869,,
2026-09-23,6d8jMrgjDuE,3295,,
2026-09-23,6iCAxQUz4aQ,6003,,
2026-09-23,6l3bIPltt3A,7274,,
2026-09-23,6ob9UwPviJA,5232,,
2026-09-23,6tcSoXsMs9c,6340,,
2026-09-23,6vhfb7LUUYc,3623,,
2026-09-23,6zLWdLXiJC8,14292,,
2026-09-23,73a6CtNTac4,10399,,
2026-09-23,7BXf6nTyiCQ,3922,,
2026-09-23,7BkLmVdcaJw,6724,,
2026-09-23,7EgU3ReHrIc,1268,,
2026-09-23,7FZrM9iMsCM,6376,,
2026-09-23,7IZ5eCJ3Vqc,2519,,
2026-09-23,7NZvpCqH7eA,2784,,
2026-09-23,7NbPwroPQ80,3062,,
2026-09-23,7Odyxk-S9f0,53980,,
2026-09-23,7PSt_Gouh6g,2829,,
2026-09-23,7cpCkvLwQsI,2155,,
2026-09-23,7dlhZLngdvM,8935,,
2026-09-23,7m_UlzkGLlA,37769,,
2026-09-23,7tKbMZqzLks,2883,,
2026-09-23,7ufObjxCBKI,15535,,
2026-09-23,7wuBlcFsfvc,4390,,
2026-09-23,7zHiFWEJfZY,8910,,
2026-09-23,87Vb6sa1KcY,1461,,
2026-09-23,8OPlCKgcSO8,6556,,
2026-09-23,8T1Pe58GJpw,4326,,
2026-09-23,8UOwBfCgZn8,1054,,
2026-09-23,8UWpsEyQwCU,4027,,
2026-09-23,8_fxIwJi8eI,12960,,
2026-09-23,8fwEHUkKTFc,1269,,
2026-09-23,8hbiWsIlhQ0,1293,,
2026-09-23,8pRl03u-hjI,8240,,
2026-09-23,8r9S_xIzqLk,4108,,
2026-09-23,8tmQ6wySUSI,4679,,
2026-09-23,8tutVKxm8Fk,7534,,
2026-09-23,900BOlBTFNg,36851,,
2026-09-23,99bQhxWPWuo,9427,,
2026-09-23,9BmwbWSPXwY,4860,,
2026-09-23,9Fhr7gYQPBM,1492,,
2026-09-23,9O3XYd0F6VI,11657,,
2026-09-23,9Ot1RhssfL0,774,,
2026-09-23,9TvuNO-fnXM,16401,,
2026-09-23,9_6yRxY8iiY,9950,,
2026-09-23,9cZh_IuGMyM,393,,
2026-09-23,9dFDeUNHViY,9465,,
2026-09-23,9gFQ9rFMKEA,39702,,
2026-09-23,9h2v-rVmwEA,8771,,
2026-09-23,9hOkPAYmpPM,6724,,
2026-09-23,9hgzA60ZGZg,5655,,
2026-09-23,9rJgQmuc2SM,7028,,
2026-09-23,9rVcXaVHCXw,2635,,
2026-09-23,9wgzzLCatp8,855,,
2026-09-23,9yg2AIYdu6E,1752,,
2026-09-23,A4wr-iI2hJU,21943,,
2026-09-23,A5ojgoN39Lc,6491,,
2026-09-23,A9RXB8YTc6Y,13421,,
2026-09-23,ADwtKtLtE8Q,2035,,
2026-09-23,AKDQisHl8Ek,3946,,
2026-09-23,AKJRVoJu_Q4,7575,,
2026-09-23,ANYrzwn5h_M,4669,,
2026-09-23,AO1WNfgIgiE,8602,,
2026-09-23,ASSnCNI-KlM,1277,,
2026-09-23,ATXZbbUsHVw,9529,,
2026-09-23,AU7Z9h1x1Ys,702,,
2026-09-23,AUG114ir5eQ,1249,,
2026-09-23,AUxR3aTc3ng,1515,,
2026-09-23,AaCd4amsV0U,2045,,
2026-09-23,Ac6AOC9yxJE,4352,,
2026-09-23,AcR00ZHbVKU,7607,,
2026-09-23,AgcnylfczPE,10818,,
2026-09-23,AmYVHRf2Aq8,8695,,
2026-09-23,Ao4VRNX_h4A,12757,,
2026-09-23,Aq3emUbqTbA,806,,
2026-09-23,B0IPEMdrCRA,3058,,
2026-09-23,B5xTJMahaK4,2529,,
2026-09-23,B9FbWxNdJPY,19751,,
2026-09-23,B9zmRMY6ISI,2764,,
2026-09-23,BNze82M59-E,7097,,
2026-09-23,BSum-2t0a28,4664,,
2026-09-23,B_OF2TYLnQw,6361,,
2026-09-23,B_rcAwySccg,3592,,
2026-09-23,BdCpg8-TlGg,3586,,
2026-09-23,BfLT1TlZInE,20278,,
2026-09-23,BfjZU1zyiOc,1883,,
2026-09-23,BkAhos9qrLQ,2140,,
2026-09-23,BsWIaYs09vc,6268,,
2026-09-23,BskXYIlyNzA,6002,,
2026-09-23,C5ETgNOq1gQ,14649,,
2026-09-23,C5Rh96Gz8yg,6989,,
2026-09-23,C9AMwVwgVPo,3073,,
2026-09-23,C9FJCiew0s8,4075,,
2026-09-23,CD6KcQMdzfc,2838,,
2026-09-23,CEF9v_JMVe8,7345,,
2026-09-23,CJkJWnPzguM,22068,,
2026-09-23,CKAGWlmyXbA,8959,,
2026-09-23,CMh4ttABaiE,1231,,
2026-09-23,CSTFP0gKnd8,5356,,
2026-09-23,CUpAWj1wVbU,25192,,
2026-09-23,CVFIzDp5iio,11325,,
2026-09-23,CYn4JoQTD1I,674,,
2026-09-23,CYvruxt8Ocw,5426,,
2026-09-23,CgzCQr9ilsw,388,,
2026-09-23,ChKL1KyjlZ4,5289,,
2026-09-23,CkghB9G4vOo,215,,
2026-09-23,Cpa04rQyl18,9370,,
2026-09-23,CufCJMTTKHk,1658,,
2026-09-23,Cy2qJ0Win1I,4573,,
2026-09-23,D-dgFUvl7YA,8127,,
2026-09-23,D4p6nv2t2FA,245,,
2026-09-23,D50nmITTLp8,1808,,
2026-09-23,DAuagmdRSOE,11050,,
2026-09-23,DBkInEbzPk0,2796,,
2026-09-23,DDd5prelU6A,9183,,
2026-09-23,DDiDtP-uOqU,2275,,
2026-09-23,DI-Oxm-J0W0,5622,,
2026-09-23,DIv0FHIZiko,3492,,
2026-09-23,DNsUjaDT3AQ,4231,,
2026-09-23,DPEZ-FtI4UI,8530,,
2026-09-23,DPz-ktdaHII,450,,
2026-09-23,DS_neiUmgrA,2718,,
2026-09-23,DY9enl751Hk,9294,,
2026-09-23,Dcu_IubxG8I,4993,,
2026-09-23,Df9q7HerAA4,4994,,
2026-09-23,DiLjnRqx0xo,3865,,
2026-09-23,DnXALAe3BtY,1599,,
2026-09-23,DohrPYUe11o,1546,,
2026-09-23,DouSkzKX7NE,6550,,
2026-09-23,Drqehd-O2ak,3798,,
2026-09-23,DxUH69hEi9k,457,,
2026-09-23,E6ac_QwimUk,3744,,
2026-09-23,EFc5_Nct8wE,4580,,
2026-09-23,EIKIx9Xpl7c,2774,,
2026-09-23,E_DqVHrHIxM,8025,,
2026-09-23,EckbfLRDGjE,1698,,
2026-09-23,EkKqSnrdG7U,2688,,
2026-09-23,Ezrw0VHCy7w,280,,
2026-09-23,F1hpeZ_T-ww,2873,,
2026-09-23,F5y8-ztKpCM,3842,,
2026-09-23,F8PMKa1dz9g,737,,
2026-09-23,FAIITnGT4wo,4948,,
2026-09-23,FAfQTG-v0Cs,3294,,
2026-09-23,FEqKnaBExZU,9510,,
2026-09-23,FG5G2G-XjhE,14825,,
2026-09-23,FIEy7T-kMmQ,1924,,
2026-09-23,FKbiHBctwwA,3920,,
2026-09-23,FNVB3Ndlrw8,433,,
2026-09-23,FSFC8O9LxRU,2515,,
2026-09-23,FYtl1LolxwQ,10481,,
2026-09-23,Fa8jGX5mvj4,3153,,
2026-09-23,FfCJfpHXt8c,4095,,
2026-09-23,FgTt2XD_ryA,13880,,
2026-09-23,FkK2Rp5xEIc,11194,,
2026-09-23,FlGf6zZGtkk,5345,,
2026-09-23,FlbiS6qn6oE,2735,,
2026-09-23,Fs8L9V90RDk,7930,,
2026-09-23,FsemZttxTN8,6034,,
2026-09-23,G2COlj5SS54,8083,,
2026-09-23,G76WtaecxB4,1207,,
2026-09-23,G9YcpN4TAZw,5261,,
2026-09-23,GEZg76Swgc8,430,,
2026-09-23,GJRAN3_x8U4,3590,,
2026-09-23,GTD7cyckPnA,273,,
2026-09-23,GYD-rQNG-rI,8981,,
2026-09-23,Gdybpz4wjgY,332,,
2026-09-23,GgtIBQCZxkQ,5334,,
2026-09-23,Gjf4AsYGwU8,11402,,
2026-09-23,GkiVQ_WvpZA,12847,,
2026-09-23,GqAXRVF_edY,4127,,
2026-09-23,GqRwtWVepYw,9569,,
2026-09-23,GqWbo7Uo8Ec,5920,,
2026-09-23,Gs03wWJ6vFc,960,,
2026-09-23,Gx6Z5Aj875s,6814,,
2026-09-23,H-jiaEptrx0,4338,,
2026-09-23,H3JH96ZJWzM,787,,
2026-09-23,H5yOaNKxZ-4,21997,,
2026-09-23,H97Ldv1IXtw,18248,,
2026-09-23,HBhaj0_Zm34,4537,,
2026-09-23,HDN25GTdn40,3970,,
2026-09-23,HRQ4Ibbkkco,2269,,
2026-09-23,HUbRq3GR8SI,5014,,
2026-09-23,HbNx1HcTEk4,21970,,
2026-09-23,HlwfZ6atyLw,1908,,
2026-09-23,Hsv6dNsEO40,11233,,
2026-09-23,HvQpYQlLGzg,3886,,
2026-09-23,Hwi-jokx7aI,2691,,
2026-09-23,I-S-0EO3-FA,2899,,
2026-09-23,I1sccj6fjQs,3750,,
2026-09-23,I3T6O4ez75M,4061,,
2026-09-23,I66Prbdjcn0,3498,,
2026-09-23,I6nU9HD6GVk,1052,,
2026-09-23,I70TmekxAXE,2644,,
2026-09-23,IAdR2JdoGr8,10400,,
2026-09-23,IB_3oFDAULc,12047,,
2026-09-23,IE6oyFF67A0,15853,,
2026-09-23,IEIg6U_krbY,9977,,
2026-09-23,IF966yryyqY,265,,
2026-09-23,IH591H86iFQ,7376,,
2026-09-23,IHsdTOEuG4g,8807,,
2026-09-23,IJdPXXMpYPk,807,,
2026-09-23,IKIrneFKwJY,623,,
2026-09-23,IQ3zeRLgnt4,3355,,
2026-09-23,IQQViyty9zM,2056,,
2026-09-23,ISKY2Bgz_c0,1225,,
2026-09-23,IXOacyfD7V4,13751,,
2026-09-23,IrGSyH2wlK0,1607,,
2026-09-23,IuZyLH50TMQ,23748,,
2026-09-23,Ix6NRPPJhd8,1224,,
2026-09-23,J-aiAO8-Czk,13223,,
2026-09-23,J1tRJRX44zc,2063,,
2026-09-23,JH6X6472Gdk,3438,,
2026-09-23,JJ0wEMAa0Qg,8517,,
2026-09-23,JNuRoWbolfs,6465,,
2026-09-23,Jep6zVwriOA,7069,,
2026-09-23,Jl2XOwlw5Z4,5872,,
2026-09-23,JpctKDg71Pg,1434,,
2026-09-23,JpfqYvUYNr8,2206,,
2026-09-23,Ju3_gwctpM8,16587,,
2026-09-23,Jyn59AgDf6o,7219,,
2026-09-23,JzsEVr4W5ng,11581,,
2026-09-23,K1YD12TDxwo,1714,,
2026-09-23,K2T8Cd4-ba8,706,,
2026-09-23,K4YFVRGWGEY,2851,,
2026-09-23,K8o_u0_iFJU,7950,,
2026-09-23,K9Asd1xasRc,799,,
2026-09-23,KEnYv8bMxXM,39477,,
2026-09-23,KLTqQaG2asM,4432,,
2026-09-23,KMTemVbHKS4,3435,,
2026-09-23,KNT1a6LakZI,4463,,
2026-09-23,KOF8EQ_YcOU,12047,,
2026-09-23,KOedI8Dr__Y,4574,,
2026-09-23,KTnAV2qb5CY,8127,,
2026-09-23,KVaKaf9FX5I,8393,,
2026-09-23,KXoxeoaSwOA,4491,,
2026-09-23,KiOKGmcOb_g,10351,,
2026-09-23,KlnSnb7YFEY,2698,,
2026-09-23,Kn5RCzQ9ufc,3775,,
2026-09-23,KqZv27fFQlQ,150404,,
2026-09-23,KrjMNWiU52A,17039,,
2026-09-23,KtjAJuKUbDM,15891,,
2026-09-23,L0KEJ_zq0Ak,10708,,
2026-09-23,L5c4VvuaU7w,18593,,
2026-09-23,LD8rxn2RFNE,4434,,
2026-09-23,LMbdAdrLzXg,4323,,
2026-09-23,LMryIj-gt9A,2056,,
2026-09-23,LNWGlnt3wF4,19968,,
2026-09-23,LRySNa5Y0No,5722,,
2026-09-23,LSGYVCqNEjc,4349,,
2026-09-23,LXW_Z8rp3bU,2232,,
2026-09-23,L_mpuGgHhfE,4813,,
2026-09-23,LadLiCQaAwQ,5241,,
2026-09-23,Lbrq5ramx-A,4570,,
2026-09-23,LdYe9MF1QMs,1972,,
2026-09-23,Li2lFki33xM,9321,,
2026-09-23,Lk6JhpGO69M,10821,,
2026-09-23,LmDOOPuqYG8,7807,,
2026-09-23,LpqnF4FROjg,365,,
2026-09-23,Lswdyl9nZtE,9772,,
2026-09-23,M61DCig7ZJY,6246,,
2026-09-23,MA41DUCQWfw,2533,,
2026-09-23,MM879hqJf1U,18135,,
2026-09-23,MRxgJpEyabo,5032,,
2026-09-23,MVWyRSiH4uQ,2654,,
2026-09-23,MWkhT5GG75k,6953,,
2026-09-23,MdkVvgET0Wg,13852,,
2026-09-23,MhZ5AKwboh0,10081,,
2026-09-23,MsxCeW9nTb0,3356,,
2026-09-23,Mtqdsr2BC_A,5626,,
2026-09-23,MvMstvlNNzQ,404,,
2026-09-23,MxDzq8aLzTo,800,,
2026-09-23,N0_ptJC7W48,3830,,
2026-09-23,N54m3zy-uzk,3444,,
2026-09-23,N6qK7AUqn54,11123,,
2026-09-23,NELsP8DaEa8,10066,,
2026-09-23,NEahGL5R0HI,13800,,
2026-09-23,NHGisiXq7eg,7859,,
2026-09-23,NJXuNpJ26us,3784,,
2026-09-23,NJelRHbyeWw,7790,,
2026-09-23,NRlM9dhgPTg,4352,,
2026-09-23,NWOjsRjPomI,2807,,
2026-09-23,NX-1jJ1PuxY,8012,,
2026-09-23,Nc1nItUxpQQ,8206,,
2026-09-23,Nh7jDVmtg0I,1481,,
2026-09-23,NvFqtHcCCXs,3586,,
2026-09-23,Nz2xOcIryF4,9798,,
2026-09-23,O14qr6DPo4Q,7735,,
2026-09-23,O1awyI-zPJs,15789,,
2026-09-23,OD8Jm9Yk0WY,22680,,
2026-09-23,OH7Rlrq71To,36101,,
2026-09-23,OHt_00p2dmY,5730,,
2026-09-23,OLPoLPMdW_g,2168,,
2026-09-23,OVHP92ag6d4,4176,,
2026-09-23,OYxpHMuv29k,8894,,
2026-09-23,O_7ZySSl0mk,4174,,
2026-09-23,OcgJZnE1a6o,771,,
2026-09-23,Ocp1_PPM4sI,24622,,
2026-09-23,OddgScxecfA,6916,,
2026-09-23,Om4MsEtTrnw,1470,,
2026-09-23,OsN0NNVuu7o,23454,,
2026-09-23,Ou7NGOVJ8Pc,3236,,
2026-09-23,OwK8r2uyqHU,7037,,
2026-09-23,P5dvh5HrHaE,8425,,
2026-09-23,P6a8zyHf7YY,974,,
2026-09-23,P7i-qgVG7c4,1817,,
2026-09-23,PLFNoideC9s,12282,,
2026-09-23,PM4DofLA2g0,747,,
2026-09-23,PUTrIDHNxQs,2470,,
2026-09-23,PdO8UebbbSA,1660,,
2026-09-23,Pg0oIg89uDQ,5220,,
2026-09-23,PgvLUj9yWDQ,705,,
2026-09-23,Pk77G5OfECU,5112,,
2026-09-23,PkjXvpbR1q8,9733,,
2026-09-23,Pt8zI30MFm8,7135,,
2026-09-23,PtL2ZgPSF5o,14672,,
2026-09-23,Pwf2T_cntdg,21260,,
2026-09-23,PxyjUIyE5YI,16356,,
2026-09-23,Q-dHeMod7T0,7535,,
2026-09-23,Q1zf4SC-AvQ,2878,,
2026-09-23,QLdp2ZNFM_s,5347,,
2026-09-23,QUNzVqhLUBw,2647,,
2026-09-23,QVi7Ze1DEz4,5642,,
2026-09-23,QY2ox96a1zA,6070,,
2026-09-23,QeCKLvz2tIM,5930,,
2026-09-23,QhRPaWYjWYc,4154,,
2026-09-23,Qrag4Jg-veo,3917,,
2026-09-23,R1S8PFUsVWg,5658,,
2026-09-23,R4hO35nd_OI,6818,,
2026-09-23,R6Ukz91VIAY,1189,,
2026-09-23,R7utAmGPE_M,638,,
2026-09-23,RO6gVW9tdbY,1599,,
2026-09-23,ROV6ce9dkfI,4273,,
2026-09-23,RUy1hElRuUQ,5421,,
2026-09-23,RVWlgBZt6h8,5030,,
2026-09-23,RXEipSzDgtc,22222,,
2026-09-23,Rb2-RE864YY,10830,,
2026-09-23,RdvRwihvUUM,3932,,
2026-09-23,RgeVF0tu6ng,899,,
2026-09-23,RhUoPPchFBU,522,,
2026-09-23,RrVaJ5z_3mU,3031,,
2026-09-23,Rs5p0EuuTDw,9894,,
2026-09-23,Ry8PCL00Sjc,2026,,
2026-09-23,RyckAyrt7xQ,30168,,
2026-09-23,S0W7nQ2q3Kg,7909,,
2026-09-23,SB5QPpcWDXk,8760,,
2026-09-23,SCwP-bR498o,2635,,
2026-09-23,SGOEY0I_FQA,33812,,
2026-09-23,SHzg-IgnKuI,27660,,
2026-09-23,SKEcZIJKPzc,3601,,
2026-09-23,SOXoRwvxcv0,10958,,
2026-09-23,SQdrkq_hBzE,1917,,
2026-09-23,SW7PfbETFx8,2804,,
2026-09-23,SWoYNH7OMZI,1113,,
2026-09-23,SeWXiEIm9oI,1664,,
2026-09-23,Sf25ENrbQGM,1003,,
2026-09-23,ShJ_j2paClA,9463,,
2026-09-23,ShkacKGq5Vk,5484,,
2026-09-23,SkukxahhmRo,6966,,
2026-09-23,Sl5Fl_vOthI,3231,,
2026-09-23,Sl5sYEh_UoU,6240,,
2026-09-23,Sq3rkK6GhuE,245,,
2026-09-23,St5jhqEeasY,4568,,
2026-09-23,T2tuMBwhuKc,7058,,
2026-09-23,TDOWMduvE1o,3082,,
2026-09-23,TEqu2JH5dYc,923,,
2026-09-23,TMvgKj-2Z9k,1015,,
2026-09-23,TP7VDtErEvY,5451,,
2026-09-23,TS9rxa7-CXg,7193,,
2026-09-23,TV3fWx4rQh0,2381,,
2026-09-23,TWUoFcCtDhA,6614,,
2026-09-23,TXAe5nqafRY,1537,,
2026-09-23,T_jQIJSkjGo,7432,,
2026-09-23,TaY5NrLNABM,1338,,
2026-09-23,Tb4JB3eFPXw,5949,,
2026-09-23,Te57wukDp8g,4592,,
2026-09-23,TgJqTy_mCR4,8308,,
2026-09-23,Tj9CJM4ti2w,1745,,
2026-09-23,TqAy1jbJ9w8,8517,,
2026-09-23,TtCijTAgvPc,5165,,
2026-09-23,TvvDTvo-L74,8188,,
2026-09-23,TwfHRcdWHRg,4209,,
2026-09-23,U4zBHwf2MTw,1708,,
2026-09-23,UCaZFYzYm9k,6651,,
2026-09-23,UHGfFw-ZT98,3901,,
2026-09-23,UJOAvX_FD7o,251,,
2026-09-23,UKzsE2t00Jw,417,,
2026-09-23,UOOBf83nIco,38464,,
2026-09-23,UQIBN4D_qIs,2697,,
2026-09-23,UUUH5xnM-Mc,6303,,
2026-09-23,UVdc7kYPJEs,1095,,
2026-09-23,UZ3583GSSOo,4037,,
2026-09-23,UhuJQBAZv84,10667,,
2026-09-23,UiD0-skn904,815,,
2026-09-23,Ulotto-Re6w,4412,,
2026-09-23,UqLF2eIaDxg,7979,,
2026-09-23,V1jmHGrVs_k,9236,,
2026-09-23,V2d8qoEGyEU,232,,
2026-09-23,V3IHs2DwX0U,707,,
2026-09-23,V3nsGV2yOV8,2339,,
2026-09-23,V50CUypS7UM,2981,,
2026-09-23,V6AOpDTpCO4,5143,,
2026-09-23,V6Lm17-mfxA,4600,,
2026-09-23,V6d2Dc1l7BA,7158,,
2026-09-23,VKJLsmW95wc,3831,,
2026-09-23,VKMMVQtaDrM,11729,,
2026-09-23,VLJJ9zvdj2Y,5038,,
2026-09-23,VTOl1gAKo44,3242,,
2026-09-23,VTszds8Y7rU,8138,,
2026-09-23,Vb5gSRAHXCA,3886,,
2026-09-23,VlgtaUj_dho,4054,,
2026-09-23,VoU-7YGmoo0,1853,,
2026-09-23,VvVtNiE0bjA,4194,,
2026-09-23,VwTMGmXxghU,19353,,
2026-09-23,W1UJAOQQDWk,8523,,
2026-09-23,W3I8gwLv0Ro,3024,,
2026-09-23,W6U3fBgQoVg,1978,,
2026-09-23,WD7EzA2sbnI,2114,,
2026-09-23,WIP6ZDjQmww,9976,,
2026-09-23,WKMTSCW51fI,5229,,
2026-09-23,WNFEf_ZwNFw,436,,
2026-09-23,WNhZUBZ8tUc,45363,,
2026-09-23,WWIB8ZW1i6w,2957,,
2026-09-23,WYGsRorORyI,16901,,
2026-09-23,WjgW6u9Tde8,2009,,
2026-09-23,Wu4lafiHjh0,7688,,
2026-09-23,WvVMuiXrqcI,7535,,
2026-09-23,X22UHszz5Dg,4451,,
2026-09-23,X5L0LaarTLg,11177,,
2026-09-23,XAQ_GYsV52A,10276,,
2026-09-23,XEqxbZoaqUw,5186,,
2026-09-23,XIhM9oLObuU,2650,,
2026-09-23,XVwO4OvjwI4,2489,,
2026-09-23,XWSWCP3TBrc,2905,,
2026-09-23,Xm4ScqSNV10,4444,,
2026-09-23,XsCgtUDrxck,2206,,
2026-09-23,Y66yYblAsq8,1911,,
2026-09-23,Y7Rm_Bmu-K0,39814,,
2026-09-23,Y8YjZOGrhJI,3985,,
2026-09-23,YA85ddRTnus,5071,,
2026-09-23,YA_LFvsyLoU,2280,,
2026-09-23,YBMZINlORaw,6028,,
2026-09-23,YDlHWsYd23o,4485,,
2026-09-23,YDmxUb_oNLI,2747,,
2026-09-23,YFjQz7FijWM,15441,,
2026-09-23,YOe2PL-1gT0,671,,
2026-09-23,YXqYOapYqYc,7801,,
2026-09-23,Y_mkJt3oY_k,3601,,
2026-09-23,YiKIKU-5KpY,0,,
2026-09-23,YpCAi9ofhjs,4362,,
2026-09-23,YpMxtemC5y8,4916,,
2026-09-23,YqZzdPYfnso,3641,,
2026-09-23,Ytbx-7bzEGc,4356,,
2026-09-23,Z-s3rXFeosc,6667,,
2026-09-23,Z12fVM_cnaI,10940,,
2026-09-23,Z2njQkTQDKY,5175,,
2026-09-23,Z9Jjrb6xQeo,3613,,
2026-09-23,ZA_G9BP9HLY,495,,
2026-09-23,ZE2dghmFE8Y,22746,,
2026-09-23,ZE3jHXXiSBY,9818,,
2026-09-23,ZE9ENcHPRr8,24767,,
2026-09-23,ZG72S1_wBC0,5090,,
2026-09-23,ZY_oCjE95Ss,393,,
2026-09-23,ZZBZkqJqvu8,11193,,
2026-09-23,Z_REKs508KY,6776,,
2026-09-23,ZaksbmqvxNM,8598,,
2026-09-23,ZcdQLCEyjjU,8748,,
2026-09-23,ZfQ7oKzL-Pw,12647,,
2026-09-23,ZgN1aMmXELI,4850,,
2026-09-23,Zq-NFi8kxlo,50124,,
2026-09-23,ZrqtNoiNSdw,4914,,
2026-09-23,ZsIml_y5qU4,146,,
2026-09-23,ZtUTR0E7VPY,46288,,
2026-09-23,ZvUISEnjqbQ,5521,,
2026-09-23,ZzYTRvOWH1I,4401,,
2026-09-23,_3MWGJ7MUTA,2884,,
2026-09-23,_8p1UyvwmhI,3972,,
2026-09-23,_9BI3P-OH84,1720,,
2026-09-23,_BvUrcl5tls,3159,,
2026-09-23,_EZK5vA1EX0,5377,,
2026-09-23,_FzLqe9KziY,2541,,
2026-09-23,_Jlf2Q0xGZ8,5888,,
2026-09-23,_LzDM8xt_dA,8084,,
2026-09-23,_NHlgOF-WU0,406,,
2026-09-23,_OsQEaApgwY,2538,,
2026-09-23,_UWA2fCxRHI,3780,,
2026-09-23,_auL36M33Aw,2699,,
2026-09-23,_eLkGBx1XiE,1079,,
2026-09-23,_fcTS5NosDs,1567,,
2026-09-23,_r9bm8JLsKc,3442,,
2026-09-23,_wWswU9t8HU,212,,
2026-09-23,_xEjpsA_iVg,2090,,
2026-09-23,_zVLb3rpe5I,6118,,
2026-09-23,_zuQYhMwTgs,5833,,
2026-09-23,a2L6AbyANjw,13861,,
2026-09-23,a2n31BGGWFI,4253,,
2026-09-23,a65XoIF7K7Y,8066,,
2026-09-23,a6qWlOZtG3E,2136,,
2026-09-23,a8g5MvFPwxo,6604,,
2026-09-23,aD-WkrzMJrk,2373,,
2026-09-23,aDDnbn7KVls,13586,,
2026-09-23,aEQu0cO-iG8,2779,,
2026-09-23,aIcW25HaFsI,5166,,
2026-09-23,aMG8tqZ6bW0,2912,,
2026-09-23,aOOR5vp4Kl0,3669,,
2026-09-23,aQF7qqm1iHE,2388,,
2026-09-23,aVKjY_uB3tA,3211,,
2026-09-23,aYgFb-fiwxA,11987,,
2026-09-23,acvpoQwncqI,3099,,
2026-09-23,ad5pxORFPfk,2443,,
2026-09-23,adsB3sGIcVQ,5738,,
2026-09-23,afLeJEbZs2k,6472,,
2026-09-23,ahyTF-4Agkg,988,,
2026-09-23,akC-r5hlDkc,2205,,
2026-09-23,aoh738yJBRA,6462,,
2026-09-23,aqbo0yu_l6g,16509,,
2026-09-23,ar-bXQYvUhs,2510,,
2026-09-23,ath0o3oOJCs,6411,,
2026-09-23,b4fNiXZPqRQ,10121,,
2026-09-23,bHJfRtPpY6E,1665,,
2026-09-23,bHuv7kKqe-A,8225,,
2026-09-23,bJHikj8skz4,3013,,
2026-09-23,bQaZqs74i2Y,5322,,
2026-09-23,bT7qGpnOpo4,4796,,
2026-09-23,b_Obp5cBRZk,5658,,
2026-09-23,bi3ZAQbw8EI,1872,,
2026-09-23,bqTNuZQOziA,10048,,
2026-09-23,bqf0zywB-Wo,12017,,
2026-09-23,c2ket6Qczzw,1501,,
2026-09-23,c3rRnSi93Lw,8781,,
2026-09-23,c6WqvHRlRkc,4532,,
2026-09-23,c9CotszUwYQ,2376,,
2026-09-23,cFn-fD2GmYU,2563,,
2026-09-23,cJwXjAKA0-k,5578,,
2026-09-23,cR199eKHJ4k,356,,
2026-09-23,cWyP2mrcwdM,796,,
2026-09-23,cevjHgZRbrg,295,,
2026-09-23,cfGpIvLPcPw,5088,,
2026-09-23,cga1y52KSCk,3028,,
2026-09-23,cjpnhsKzs1Q,2933,,
2026-09-23,coqZMUFd2C0,36872,,
2026-09-23,cpd3lbm5tL8,3605,,
2026-09-23,cqPVe0nQ1A0,5232,,
2026-09-23,cuZsMnQlDQU,14081,,
2026-09-23,d-msiY5zz5A,3093,,
2026-09-23,d-zJskCnHpI,3164,,
2026-09-23,d09nbbfOIA8,5093,,
2026-09-23,dFH36q7iWiU,244,,
2026-09-23,dHJbG72Itp8,16959,,
2026-09-23,dIqUY3R2_3A,8056,,
2026-09-23,dSmFHbtrZ7g,18227,,
2026-09-23,dURDUSYCm68,15139,,
2026-09-23,dWatNWKO9uk,3531,,
2026-09-23,de7gpeHMS1Q,382,,
2026-09-23,dgkZoy66esM,5352,,
2026-09-23,dijHVnTV0aM,6558,,
2026-09-23,dl3KzRCU-aQ,6618,,
2026-09-23,dlABqtYhbMk,6156,,
2026-09-23,dmbvfKzFSLo,3091,,
2026-09-23,dn-xSg_FT0A,18249,,
2026-09-23,dnI29M9CE44,4069,,
2026-09-23,dnUUMRDbasE,1888,,
2026-09-23,dp7vq7hweXs,1955,,
2026-09-23,dtdf5AeXwB8,421,,
2026-09-23,dtoZraGBx54,17766,,
2026-09-23,dv-40oFi5ak,6988,,
2026-09-23,dx9Qe_629yE,8916,,
2026-09-23,e061vqWD0lQ,1016,,
2026-09-23,e6iHP-UMZnk,5239,,
2026-09-23,e83i1spluHo,6416,,
2026-09-23,eARwhWcSGKo,6838,,
2026-09-23,eGnLjzejgI4,3058,,
2026-09-23,eK7uM-EeLIk,7856,,
2026-09-23,eLcRSVAncfc,1348,,
2026-09-23,eLhCLA0Jndo,2270,,
2026-09-23,eM2S4pWeczs,158986,,
2026-09-23,eOxOgo6VNzQ,3766,,
2026-09-23,eUkmg5xOC7c,2474,,
2026-09-23,eYY-goMG0N0,4700,,
2026-09-23,ebpANnTL0zw,14277,,
2026-09-23,ecutxRcKQ6I,6493,,
2026-09-23,enR1CfAS5zo,2073,,
2026-09-23,ensnUIxTUHE,14207,,
2026-09-23,er-8YWX70rk,12757,,
2026-09-23,etbk0Z69oDs,831,,
2026-09-23,eu92DDq5snw,5529,,
2026-09-23,eymQ0rXs7d8,6189,,
2026-09-23,f-aH0vpaoyo,10227,,
2026-09-23,f7yvLMqdMJo,4192,,
2026-09-23,f8fN8Uqbb8s,6168,,
2026-09-23,fFdiFTfeCwE,6235,,
2026-09-23,fFgFYRumrDU,11476,,
2026-09-23,fG1-74pj6A4,16924,,
2026-09-23,fHYBRGdrXo0,1948,,
2026-09-23,fIo8SE2ky98,2978,,
2026-09-23,fKvvShsdaWU,19279,,
2026-09-23,fMmn4SMuSdE,4860,,
2026-09-23,fQwyeIriRx8,8605,,
2026-09-23,fZ7RRiEw54E,6445,,
2026-09-23,fbZea8wkoe8,9786,,
2026-09-23,ff5ZGdHsgIA,1106,,
2026-09-23,fg72xV_ZX8g,789,,
2026-09-23,fj2SC2FA324,2079,,
2026-09-23,flJTAxtk67w,11386,,
2026-09-23,flbyvShpL18,4913,,
2026-09-23,fnKAo4k4j0I,27488,,
2026-09-23,fsI10W24Ya8,8159,,
2026-09-23,fwJag8kazvc,1302,,
2026-09-23,gAPX20Ja0zk,2693,,
2026-09-23,gENAeokhMHI,4057,,
2026-09-23,gK1VHYEXt_0,223,,
2026-09-23,gNEGNjVWO0Q,2964,,
2026-09-23,gVj7YvOUjfc,1040,,
2026-09-23,gWdtuyZNxeQ,11414,,
2026-09-23,gXT5p-IBNMg,6084,,
2026-09-23,goQs8La8e94,30256,,
2026-09-23,gpKioDijRD4,1536,,
2026-09-23,gtGmlmLZ3Ps,1236,,
2026-09-23,gy_rDsWx8_4,5078,,
2026-09-23,h1qNF-YaHX8,4964,,
2026-09-23,hBhD4lpfrvw,4234,,
2026-09-23,hBqhV23fZnE,4043,,
2026-09-23,hD4BjVn9YXw,4702,,
2026-09-23,hRgIER_2tZg,1196,,
2026-09-23,hSuSN9-UZUY,15684,,
2026-09-23,hUQqvZGsp6A,3659,,
2026-09-23,hVMJN3o6-5g,11024,,
2026-09-23,hVVP3uqEbXg,9162,,
2026-09-23,hX5lVJXMurI,6548,,
2026-09-23,h_v3GcIgbvM,18855,,
2026-09-23,hhwrtf3g0yY,4768,,
2026-09-23,hnnt5l96vVE,3643,,
2026-09-23,hrA_TspDTyM,2770,,
2026-09-23,hsiq1QlJqCs,37500,,
2026-09-23,htuK8cgwC-E,2610,,
2026-09-23,hwX4Jil8AFY,2233,,
2026-09-23,hy7L_a8J9z4,6139,,
2026-09-23,hyisCTgnS0g,807,,
2026-09-23,i4tThjQW98w,1477,,
2026-09-23,i5Ufb0FYkDM,2834,,
2026-09-23,i6kooD4epJ0,10525,,
2026-09-23,iCV7kvzQ_bA,20959,,
2026-09-23,iCrYuW2ixu8,2196,,
2026-09-23,iEHsfr9bvpg,13794,,
2026-09-23,iFu9J3h8RBY,8396,,
2026-09-23,iHt3VLuizj4,3798,,
2026-09-23,iKMz8ICRe8I,21394,,
2026-09-23,iNIxuEi7V54,2268,,
2026-09-23,iRyAJEXB_hE,3286,,
2026-09-23,iYHt1pdScK0,213340,,
2026-09-23,i_bfUG57Je8,10634,,
2026-09-23,ipf-y1PaGBg,3852,,
2026-09-23,iuZ57o6ph1A,2451,,
2026-09-23,ixG3RWG-Xdw,10769,,
2026-09-23,j3BrzaBGJqY,3183,,
2026-09-23,j50kYrWuR6U,1347,,
2026-09-23,j9lMyW5Emo0,7581,,
2026-09-23,jBZnliX8R7M,5301,,
2026-09-23,jCGuQ1T3kUE,11616,,
2026-09-23,jQiLi6ev9zM,5054,,
2026-09-23,jTEvYjhQKTM,3559,,
2026-09-23,jV8i3ErC3MA,10470,,
2026-09-23,jdAA_65-h0E,17535,,
2026-09-23,jfEMLlPzKEU,8116,,
2026-09-23,jgfWTFUl_58,1469,,
2026-09-23,jh22fly0d-k,5267,,
2026-09-23,jlV4MmBxgPI,13848,,
2026-09-23,jrnfWiLWFJw,385,,
2026-09-23,k1SjNJaOJcA,7184,,
2026-09-23,k3yhL30Kpnw,1623,,
2026-09-23,k4GBTLOy9aE,11470,,
2026-09-23,k73d1z4sXCE,2764,,
2026-09-23,kCTe19NTny4,2088,,
2026-09-23,kCcXFPN8bK0,2756,,
2026-09-23,kETEBzJrtSA,7474,,
2026-09-23,kFWumpkL5yI,3454,,
2026-09-23,kO5VQOB3sxI,6446,,
2026-09-23,kSbp6GNfK7Y,4580,,
2026-09-23,kUDZK_9QPtA,14737,,
2026-09-23,kYmLSudfROM,5722,,
2026-09-23,kb2G7jcB3Ls,4290,,
2026-09-23,keYeekasjI8,20601,,
2026-09-23,kjl_jo_1HTg,2491,,
2026-09-23,ko82nHa36U4,9285,,
2026-09-23,kpcxQ1XCrq8,254,,
2026-09-23,kr9WECLcJWU,3788,,
2026-09-23,ktZgSqvfl8o,462,,
2026-09-23,kuoLAhyeaJQ,4963,,
2026-09-23,kzApFdb-KEs,780,,
2026-09-23,kzQhIJnlTsI,99896,,
2026-09-23,l4OOeF2yo9Y,3831,,
2026-09-23,lADjNtrJtIo,3197,,
2026-09-23,lCTSpZlGMb4,3872,,
2026-09-23,lN4Nv7R4sBI,10561,,
2026-09-23,lOciy5N92Lg,1560,,
2026-09-23,lOomWUxwNlQ,4559,,
2026-09-23,lSkunEYX5Go,1749,,
2026-09-23,lTCDfNnY4u8,5922,,
2026-09-23,lZj5qfUurLw,4124,,
2026-09-23,lZm2ZwjEy38,3023,,
2026-09-23,lgNWcFP2Ltg,12245,,
2026-09-23,lr1GJQXbj4c,1990,,
2026-09-23,lvOd4uyJkFE,31200,,
2026-09-23,lvtS_HSjXUA,10505,,
2026-09-23,m1gcxwLGPos,5713,,
2026-09-23,m6233lu5J9Q,12231,,
2026-09-23,m9q3qhKxbk4,2490,,
2026-09-23,mDDcQa5yCfI,21356,,
2026-09-23,mHE2XXExu7Q,1255,,
2026-09-23,mHSNcvaQ8YU,1024,,
2026-09-23,mM4k2pf-l9E,6115,,
2026-09-23,mNKdQ1YwHPc,2932,,
2026-09-23,m_vvvpnOHfw,409,,
2026-09-23,mhXS2cpJlRo,1993,,
2026-09-23,mkJ-QgvLtyk,12673,,
2026-09-23,mnu4iJG72y8,5507,,
2026-09-23,n5WXv528CII,18308,,
2026-09-23,n93OGgP941o,2390,,
2026-09-23,n9XvIj6hOjc,2141,,
2026-09-23,nDLFzy9hIow,9844,,
2026-09-23,nF0VXXPcAh4,3076,,
2026-09-23,nMQCA_C9zoQ,105169,,
2026-09-23,nPV7ftm2WSg,2190,,
2026-09-23,nRTuARH-N9A,641,,
2026-09-23,nZ-Yf21ufww,9875,,
2026-09-23,n_8ek8wvHc8,5599,,
2026-09-23,nbqcaybmEe8,11750,,
2026-09-23,neQ91eM5hw4,22032,,
2026-09-23,nqQ_uK7yUBw,3531,,
2026-09-23,nuEwWBGiQ4c,3992,,
2026-09-23,nwbp-b7PO4g,7501,,
2026-09-23,nxJqaJgDQIE,4395,,
2026-09-23,nyHN_s3QpkY,7138,,
2026-09-23,o0dULDtKQ-8,10029,,
2026-09-23,o4tmiD22BLI,19022,,
2026-09-23,oCAyG5S7cIw,10786,,
2026-09-23,oDeAAnpEEXU,1989,,
2026-09-23,oKTvQ7d9gYw,30128,,
2026-09-23,oPCHIAxcTHw,39199,,
2026-09-23,oRXt4EmUmKk,4320,,
2026-09-23,oUdstwXRu2c,2834,,
2026-09-23,oZh7YlRGlqA,5350,,
2026-09-23,oZjiL501lAY,1416,,
2026-09-23,o_FRQ02nigQ,5563,,
2026-09-23,ofwkfFci1iI,3388,,
2026-09-23,ol2a1T0BgrM,4497,,
2026-09-23,ol_M2L_mjBI,2712,,
2026-09-23,onlJoxwtQec,1434,,
2026-09-23,oo0K4ydn4rw,6060,,
2026-09-23,ozShLRF_xgU,2667,,
2026-09-23,p23Rm9i_EIg,6795,,
2026-09-23,p6uuiKju1Gc,4278,,
2026-09-23,p8GqOFBpR5w,4855,,
2026-09-23,p8ZK2nre57U,4069,,
2026-09-23,pC_lpEworvo,1037,,
2026-09-23,pCghepSi0M8,17629,,
2026-09-23,pGUjxBQqY5E,4260,,
2026-09-23,pKvwesJ8-t0,8758,,
2026-09-23,pRB23hC8dZY,3129,,
2026-09-23,pUPzkqLt5WM,4576,,
2026-09-23,pWY2T3MqfCw,3445,,
2026-09-23,pdIXWsxp0_g,3890,,
2026-09-23,pms2oKZcuqo,3438,,
2026-09-23,ptv9GRoEKs0,3903,,
2026-09-23,pyuB406DLuo,11556,,
2026-09-23,pzLWWa96_lE,6023,,
2026-09-23,q4mgxHWrmLM,6376,,
2026-09-23,q52xE5uCNT0,11841,,
2026-09-23,qIxGLqP2ZBA,3462,,
2026-09-23,qJ6pJMN4eiA,2640,,
2026-09-23,qMz0UbGJq4Y,7108,,
2026-09-23,qZi9yeRBf94,3869,,
2026-09-23,q_TknmNwvqA,6172,,
2026-09-23,qabDQ1ebZbQ,6209,,
2026-09-23,qbXC7hLKuGM,261,,
2026-09-23,qd6gmV0qrrk,14780,,
2026-09-23,qiI-rwVGiYQ,2011,,
2026-09-23,qkMCHJ28vsI,2422,,
2026-09-23,qmcbY6Sr_mw,3350,,
2026-09-23,qqQxwunPfLo,5208,,
2026-09-23,qzy12XbaJQ4,1522,,
2026-09-23,r0ZddKvFa9w,7762,,
2026-09-23,r3P6BU0gEVU,7611,,
2026-09-23,r4YE2Zghgbc,2926,,
2026-09-23,r6_PIKzQJ8Q,3479,,
2026-09-23,rAxPIoC8bB4,12891,,
2026-09-23,rJ6YCE4gWS0,1661,,
2026-09-23,rJeHPb9VWP4,2393,,
2026-09-23,rLZUcW0DBTM,9967,,
2026-09-23,rLfvnvBj8Ls,5075,,
2026-09-23,rOfzCD6AT9A,1931,,
2026-09-23,rR2A9ezT_gg,16772,,
2026-09-23,rULrrI9GfWU,1360,,
2026-09-23,rV23IXWdDOY,17493,,
2026-09-23,rVEh3PGiggk,372,,
2026-09-23,r_lWb2SpHO4,10537,,
2026-09-23,rckZ2uBOGYs,4347,,
2026-09-23,rixzhpBKdfg,2714,,
2026-09-23,rlnx986Qxkc,13490,,
2026-09-23,roO2HBjdtQw,6139,,
2026-09-23,rojYn7h_-U4,2286,,
2026-09-23,rqcOPT_Dg7A,7546,,
2026-09-23,ruxKM1qX0Dc,12409,,
2026-09-23,rzIPT2DPtvA,5811,,
2026-09-23,s2GjWfPbh9I,2020,,
2026-09-23,sHQg97i_Hp0,156,,
2026-09-23,sO1rprIWDas,4316,,
2026-09-23,sQH3xPVic6Y,3923,,
2026-09-23,sVwAWTxKDJ0,7974,,
2026-09-23,sXRGp_ttFI4,7253,,
2026-09-23,sZhgf8PQ5gc,8610,,
2026-09-23,scIFhQSvvlE,2756,,
2026-09-23,scM9aI9kTus,5000,,
2026-09-23,skABNIsQ3fA,12632,,
2026-09-23,smATVd6dk-k,14237,,
2026-09-23,sqx6twZgR-k,3952,,
2026-09-23,ssIA_N2u50Y,7303,,
2026-09-23,syPu5HdMT4k,1022,,
2026-09-23,t01TItG_UAQ,607,,
2026-09-23,t1UIIjuMirY,8796,,
2026-09-23,t1kj63890o8,3687,,
2026-09-23,t3G_N5DO6us,6356,,
2026-09-23,t4gVVdxtNWE,8765,,
2026-09-23,tGsk0H21JgE,2161,,
2026-09-23,t_RBOUZAqGw,4595,,
2026-09-23,tcomjtcMjLE,1107,,
2026-09-23,tdc-zfxIlEY,33145,,
2026-09-23,tiDCtcHjdQU,7326,,
2026-09-23,trS0kTq6Tk8,1654,,
2026-09-23,txSX7-1XQOE,2671,,
2026-09-23,tyRJESdSDm4,14992,,
2026-09-23,tz7n--I4rDU,1507,,
2026-09-23,u00LAYagwGo,4536,,
2026-09-23,u4e1ijV4iRQ,5422,,
2026-09-23,u7xKzLuKt5I,17666,,
2026-09-23,uNX13pgpGBU,5862,,
2026-09-23,uXbngiOXOD0,10502,,
2026-09-23,ub9JNL8EhJ4,1494,,
2026-09-23,uk5ADKNqHoc,1505,,
2026-09-23,ul9Sw7brukY,1605,,
2026-09-23,umNEJg2sj50,985,,
2026-09-23,un8Mt5f-mUE,10716,,
2026-09-23,usRrwR8CUb8,9436,,
2026-09-23,uxxwN68AJHE,5594,,
2026-09-23,v-ylvHTi_Mc,3420,,
2026-09-23,v0kp6W42yf4,2930,,
2026-09-23,v1J7bERLirA,3309,,
2026-09-23,v9INdKeBJEI,43432,,
2026-09-23,vDzWHTMsp_Y,1761,,
2026-09-23,vHvpM9nSO3Q,4103,,
2026-09-23,vIAhcX4SppA,3229,,
2026-09-23,vKYW7MTBAFg,10199,,
2026-09-23,vM5V9hoDKnQ,9059,,
2026-09-23,vQI78T3g4Gg,6311,,
2026-09-23,vUEmbLAxZ0Y,1103,,
2026-09-23,vWTTG9XlMoY,14437,,
2026-09-23,v_JJzLJ0eRw,4778,,
2026-09-23,vmSPrsKC8i8,52780,,
2026-09-23,vqsoh8y6xa8,5640,,
2026-09-23,vuvK_DUcqCk,8195,,
2026-09-23,vy88MX2ss_g,7586,,
2026-09-23,vyg196YvsgE,1054,,
2026-09-23,w3HciqK70s4,1681,,
2026-09-23,w68xGF_YIgU,26059,,
2026-09-23,w6b2AkddE8Y,2662,,
2026-09-23,w9kpcvkWngA,6714,,
2026-09-23,wBWXzI7uJYo,3772,,
2026-09-23,wGDSdaXZj00,45707,,
2026-09-23,wHcblaGXua8,10496,,
2026-09-23,wLB8pR4uME0,2848,,
2026-09-23,wSEMUoR4FS4,1502,,
2026-09-23,wSnq-Unha34,201735,,
2026-09-23,wX47G7oi_Z4,1970,,
2026-09-23,wg1R2_G_LEc,6588,,
2026-09-23,wnahjxPk5rk,2297,,
2026-09-23,wpHm4ARAChc,22945,,
2026-09-23,wpWCpGTZE2A,1951,,
2026-09-23,wuZgRtutoHQ,8237,,
2026-09-23,wutJAXwvMqo,9604,,
2026-09-23,wwtaQ_PNx1M,2980,,
2026-09-23,wxWz6zDC2wo,1524,,
2026-09-23,wzSn1b5XXtk,1934,,
2026-09-23,x3gjYoDR5tA,2653,,
2026-09-23,x5fPiJUOMk0,3945,,
2026-09-23,xMbY5fkmK0A,3639,,
2026-09-23,xQKEy65zAso,65465,,
2026-09-23,xTpYdSgeWPc,1188,,
2026-09-23,x_KffjhARa0,2829,,
2026-09-23,xe6w3VmUf5I,6155,,
2026-09-23,xs2J2KW1q8Q,8543,,
2026-09-23,xvdkNKQAbJ8,1846,,
2026-09-23,xwLoo8ThKHI,862,,
2026-09-23,xxC2s5JBYZM,332,,
2026-09-23,xya7ZlFJ-x8,2292,,
2026-09-23,y3rXMXG_UF8,3821,,
2026-09-23,y4Yqheg9DuY,15919,,
2026-09-23,y6T5kX1L0aw,1630,,
2026-09-23,y76fsYJCAO0,1662,,
2026-09-23,y8mTWAs2PPw,3211,,
2026-09-23,yF9W5KZ4lfs,6567,,
2026-09-23,yGc4NnBE6nY,4996,,
2026-09-23,yKCrM_XkKaY,15785,,
2026-09-23,yKIM1UxtbpU,2116,,
2026-09-23,yPh9jEw5_Lw,2969,,
2026-09-23,ySg8CEjxwwo,5863,,
2026-09-23,yUQ4NYv_io0,3590,,
2026-09-23,yXWhKEoL3QU,4007,,
2026-09-23,yo-Wdxc6ng0,3537,,
2026-09-23,yrJ1mvA6eIM,10417,,
2026-09-23,yrcwoFLtS5Y,7551,,
2026-09-23,ytt9pEb78FA,5109,,
2026-09-23,z-n_vz4gFRw,14802,,
2026-09-23,z0A-aCcVXSA,3115,,
2026-09-23,z2SU31i7Uo4,9685,,
2026-09-23,z8MJYHsQh5c,17497,,
2026-09-23,zCk1p-hPBCs,158,,
2026-09-23,zDtacZ_qT0Y,12402,,
2026-09-23,zI6L_SkYqkU,1270,,
2026-09-23,zLgpLCYCbyA,2593,,
2026-09-23,zSvZdF7CBjU,6354,,
2026-09-23,zVMIZRDSvCc,1783,,
2026-09-23,zXbAf49C9vE,7539,,
2026-09-23,zceKtRTdgSo,16687,,
2026-09-23,zjYgzIlRmOk,7207,,
2026-09-23,zksWnpcM05I,4373,,
2026-09-23,zpX-Xs1a9MY,3159,,
2026-09-23,zrRTPvOBEnU,2840,,
2026-09-23,zsRQcswYx8w,2844,,
2026-09-23,zsYZHcSRvB8,25730,,
2026-09-23,zsaXdCEuYsY,2271,,
2026-09-23,zufjmNpcSlg,1616,,
2026-09-23,zvjhIylspTc,10197,,
2026-09-23,zxwGfKCo6as,4776,,
2026-09-23,zyY2aRVZMp4,1285,,
2026-09-23,zzWIE6Sg_E0,22744,,
2026-09-24,0PBCtb7Va-c,7422,,
2026-09-24,0Zsljntls0k,3969,,
2026-09-24,0c5PF6WpL7o,1145,,
2026-09-24,132bn7FWRws,3308,,
2026-09-24,1GeNGNh50Fw,11288,,
2026-09-24,1eL6P_PR6FA,168015,,
2026-09-24,4n4yKMederk,9635,,
2026-09-24,5zi4AXEg4HE,3570,,
2026-09-24,8tutVKxm8Fk,8280,,
2026-09-24,9rJgQmuc2SM,7038,,
2026-09-24,ATXZbbUsHVw,9552,,
2026-09-24,GkiVQ_WvpZA,12887,,
2026-09-24,I6nU9HD6GVk,1053,,
2026-09-24,JJ0wEMAa0Qg,8528,,
2026-09-24,JpctKDg71Pg,1436,,
2026-09-24,MdkVvgET0Wg,13929,,
2026-09-24,NEahGL5R0HI,13849,,
2026-09-24,NJXuNpJ26us,3788,,
2026-09-24,Pg0oIg89uDQ,5231,,
2026-09-24,W1UJAOQQDWk,8616,,
2026-09-24,aEQu0cO-iG8,2788,,
2026-09-24,aVKjY_uB3tA,3226,,
2026-09-24,eARwhWcSGKo,6853,,
2026-09-24,fnKAo4k4j0I,27507,,
2026-09-24,fwJag8kazvc,1304,,
2026-09-24,hVVP3uqEbXg,9207,,
2026-09-24,nqQ_uK7yUBw,3545,,
2026-09-24,ozShLRF_xgU,2673,,
2026-09-24,pCghepSi0M8,17768,,
2026-09-24,r6_PIKzQJ8Q,3496,,
2026-09-24,rOfzCD6AT9A,2224,,
2026-09-24,roO2HBjdtQw,6149,,
2026-09-24,uNX13pgpGBU,5876,,
2026-09-24,zXbAf49C9vE,7570,,
2026-09-25,-Fkj0aK2dO8,6129,,
2026-09-25,0PBCtb7Va-c,7431,,
2026-09-25,0Zsljntls0k,3978,,
2026-09-25,0c5PF6WpL7o,1150,,
2026-09-25,132bn7FWRws,3311,,
2026-09-25,1GeNGNh50Fw,11310,,
2026-09-25,1eL6P_PR6FA,175850,,
2026-09-25,4n4yKMederk,9663,,
2026-09-25,5zi4AXEg4HE,3601,,
2026-09-25,7sRKccOoPbY,9394,,
2026-09-25,8tutVKxm8Fk,8555,,
2026-09-25,9rJgQmuc2SM,7047,,
2026-09-25,ATXZbbUsHVw,9575,,
2026-09-25,Ati51CQqpKY,6448,,
2026-09-25,GME--_-r_lU,3721,,
2026-09-25,GkiVQ_WvpZA,12931,,
2026-09-25,I6nU9HD6GVk,1060,,
2026-09-25,JJ0wEMAa0Qg,8544,,
2026-09-25,JpctKDg71Pg,1436,,
2026-09-25,KNwEQXDv5XM,8825,,
2026-09-25,Kh_0ICA5cfg,6599,,
2026-09-25,MOmBOx1LEJU,52351,,
2026-09-25,MdkVvgET0Wg,13994,,
2026-09-25,NEahGL5R0HI,13905,,
2026-09-25,NJXuNpJ26us,3798,,
2026-09-25,Pg0oIg89uDQ,5245,,
2026-09-25,QQh0twun7tg,50777,,
2026-09-25,U9sNqbVd1L8,4775,,
2026-09-25,W1UJAOQQDWk,8722,,
2026-09-25,_ALc4VJkpjA,13937,,
2026-09-25,aEQu0cO-iG8,2799,,
2026-09-25,aVKjY_uB3tA,3238,,
2026-09-25,cMFi9XkhDDQ,2635,,
2026-09-25,ccZaP6LEaLI,10538,,
2026-09-25,eARwhWcSGKo,6864,,
2026-09-25,eokbRB_Y2CU,4818,,
2026-09-25,f1eFQJocAow,8064,,
2026-09-25,fnKAo4k4j0I,27521,,
2026-09-25,fwJag8kazvc,1306,,
2026-09-25,hVVP3uqEbXg,9263,,
2026-09-25,mOqGGh-ot08,13738,,
2026-09-25,nqQ_uK7yUBw,3555,,
2026-09-25,ozShLRF_xgU,2680,,
2026-09-25,p-Ig77st4KY,9652,,
2026-09-25,pCghepSi0M8,17886,,
2026-09-25,pTqxjQV_PYU,10181,,
2026-09-25,pj41DZonKFU,6309,,
2026-09-25,ppIXkOvS4WI,4971,,
2026-09-25,r6_PIKzQJ8Q,3511,,
2026-09-25,rOfzCD6AT9A,2431,,
2026-09-25,roO2HBjdtQw,6162,,
2026-09-25,sl11WONqgaQ,3877,,
2026-09-25,uNX13pgpGBU,5883,,
2026-09-25,yJTEsQi0G98,1757,,
2026-09-25,zXbAf49C9vE,7599,,
2026-09-26,0PBCtb7Va-c,7435,,
2026-09-26,0Zsljntls0k,3990,,
2026-09-26,0c5PF6WpL7o,1155,,
2026-09-26,132bn7FWRws,3314,,
2026-09-26,1GeNGNh50Fw,11321,,
2026-09-26,1eL6P_PR6FA,181965,,
2026-09-26,4n4yKMederk,9687,,
2026-09-26,5zi4AXEg4HE,3616,,
2026-09-26,8tutVKxm8Fk,8731,,
2026-09-26,9rJgQmuc2SM,7051,,
2026-09-26,ATXZbbUsHVw,9598,,
2026-09-26,GkiVQ_WvpZA,12981,,
2026-09-26,I6nU9HD6GVk,1061,,
2026-09-26,JJ0wEMAa0Qg,8564,,
2026-09-26,JpctKDg71Pg,1437,,
2026-09-26,MdkVvgET0Wg,14050,,
2026-09-26,NEahGL5R0HI,13961,,
2026-09-26,NJXuNpJ26us,3802,,
2026-09-26,Pg0oIg89uDQ,5254,,
2026-09-26,W1UJAOQQDWk,8795,,
2026-09-26,aEQu0cO-iG8,2809,,
2026-09-26,aVKjY_uB3tA,3246,,
2026-09-26,eARwhWcSGKo,6869,,
2026-09-26,fnKAo4k4j0I,27529,,
2026-09-26,fwJag8kazvc,1307,,
2026-09-26,hVVP3uqEbXg,9295,,
2026-09-26,nqQ_uK7yUBw,3570,,
2026-09-26,ozShLRF_xgU,2685,,
2026-09-26,pCghepSi0M8,18002,,
2026-09-26,r6_PIKzQJ8Q,3520,,
2026-09-26,rOfzCD6AT9A,2716,,
2026-09-26,roO2HBjdtQw,6185,,
2026-09-26,uNX13pgpGBU,5891,,
2026-09-27,0PBCtb7Va-c,7459,,
2026-09-27,0Zsljntls0k,3997,,
2026-09-27,0c5PF6WpL7o,1157,,
2026-09-27,132bn7FWRws,3316,,
2026-09-27,1GeNGNh50Fw,11335,,
2026-09-27,1eL6P_PR6FA,188077,,
2026-09-27,4n4yKMederk,9704,,
2026-09-27,5zi4AXEg4HE,3641,,
2026-09-27,8tutVKxm8Fk,8899,,
2026-09-27,9rJgQmuc2SM,7056,,
2026-09-27,ATXZbbUsHVw,9623,,
2026-09-27,GkiVQ_WvpZA,13017,,
2026-09-27,I6nU9HD6GVk,1065,,
2026-09-27,JJ0wEMAa0Qg,8584,,
2026-09-27,JpctKDg71Pg,1445,,
2026-09-27,MdkVvgET0Wg,14114,,
2026-09-27,NEahGL5R0HI,14015,,
2026-09-27,NJXuNpJ26us,3808,,
2026-09-27,Pg0oIg89uDQ,5257,,
2026-09-27,W1UJAOQQDWk,8845,,
2026-09-27,aEQu0cO-iG8,2819,,
2026-09-27,aVKjY_uB3tA,3265,,
2026-09-27,eARwhWcSGKo,6874,,
2026-09-27,fnKAo4k4j0I,27546,,
2026-09-27,fwJag8kazvc,1306,,
2026-09-27,hVVP3uqEbXg,9315,,
2026-09-27,nqQ_uK7yUBw,3575,,
2026-09-27,ozShLRF_xgU,2688,,
2026-09-27,pCghepSi0M8,18110,,
2026-09-27,r6_PIKzQJ8Q,3525,,
2026-09-27,rOfzCD6AT9A,2842,,
2026-09-27,roO2HBjdtQw,6217,,
2026-09-27,uNX13pgpGBU,5910,,
2026-09-28,0PBCtb7Va-c,7479,,
2026-09-28,0Zsljntls0k,4013,,
2026-09-28,0c5PF6WpL7o,1158,,
2026-09-28,132bn7FWRws,3319,,
2026-09-28,1GeNGNh50Fw,11346,,
2026-09-28,1eL6P_PR6FA,192584,,
2026-09-28,3A0Gwb7nmw8,2928,,
2026-09-28,4n4yKMederk,9735,,
2026-09-28,5b4RSDrkc8I,5136,,
2026-09-28,5zi4AXEg4HE,3646,,
2026-09-28,8tutVKxm8Fk,9065,,
2026-09-28,9rJgQmuc2SM,7063,,
2026-09-28,ATXZbbUsHVw,9639,,
2026-09-28,ClAz_Etby1k,4097,,
2026-09-28,F5WCr1Md6mk,2224,,
2026-09-28,GkiVQ_WvpZA,13071,,
2026-09-28,I6nU9HD6GVk,1071,,
2026-09-28,IM0HdpgIDq8,12661,,
2026-09-28,JJ0wEMAa0Qg,8613,,
2026-09-28,JpctKDg71Pg,1445,,
2026-09-28,MdkVvgET0Wg,14228,,
2026-09-28,N9CZswDtnCA,3869,,
2026-09-28,NEahGL5R0HI,14062,,
2026-09-28,NJXuNpJ26us,3817,,
2026-09-28,Nhb3_wu7Ddk,15023,,
2026-09-28,Pg0oIg89uDQ,5278,,
2026-09-28,PmY9rmZK_oM,2197,,
2026-09-28,UVkQsLv7n2s,2505,,
2026-09-28,UxyCkiufJyg,3646,,
2026-09-28,W1UJAOQQDWk,8900,,
2026-09-28,WUchEyRFIxw,4298,,
2026-09-28,aEQu0cO-iG8,2823,,
2026-09-28,aVKjY_uB3tA,3281,,
2026-09-28,dA0DwmLmQ9s,8081,,
2026-09-28,eARwhWcSGKo,6887,,
2026-09-28,fnKAo4k4j0I,27565,,
2026-09-28,fwJag8kazvc,1307,,
2026-09-28,gAlQprevPh0,3299,,
2026-09-28,hJ3DwYLFjcY,4095,,
2026-09-28,hVVP3uqEbXg,9346,,
2026-09-28,iY0az_GdCiI,6263,,
2026-09-28,nqQ_uK7yUBw,3586,,
2026-09-28,ozShLRF_xgU,2693,,
2026-09-28,pCghepSi0M8,18211,,
2026-09-28,r6_PIKzQJ8Q,3540,,
2026-09-28,rOfzCD6AT9A,2894,,
2026-09-28,roO2HBjdtQw,6234,,
2026-09-28,svTgRSTyypU,31371,,
2026-09-28,uNX13pgpGBU,5942,,
2026-09-28,xGMFiacVSrk,5394,,
2026-09-28,xZIOdejjTlg,3283,,
2026-09-28,yeBCQurwTAM,4109,,
2026-09-28,zx1Xu1eI_UM,2243,,
2026-09-29,0Zsljntls0k,4028,,
2026-09-29,0c5PF6WpL7o,1164,,
2026-09-29,132bn7FWRws,3324,,
2026-09-29,1GeNGNh50Fw,11362,,
2026-09-29,1eL6P_PR6FA,196986,,
2026-09-29,4n4yKMederk,9763,,
2026-09-29,5POKUC3oXqw,1145,,
2026-09-29,5zi4AXEg4HE,3652,,
2026-09-29,8tutVKxm8Fk,9189,,
2026-09-29,9rJgQmuc2SM,7076,,
2026-09-29,ATXZbbUsHVw,9657,,
2026-09-29,Ak6bqOmu8ZI,9818,,
2026-09-29,GkiVQ_WvpZA,13115,,
2026-09-29,I6nU9HD6GVk,1073,,
2026-09-29,JJ0wEMAa0Qg,8639,,
2026-09-29,JpctKDg71Pg,1450,,
2026-09-29,MdkVvgET0Wg,14314,,
2026-09-29,NEahGL5R0HI,14133,,
2026-09-29,NJXuNpJ26us,3828,,
2026-09-29,Pg0oIg89uDQ,5291,,
2026-09-29,SoVnrdQ7b_s,5406,,
2026-09-29,W1UJAOQQDWk,8970,,
2026-09-29,aEQu0cO-iG8,2840,,
2026-09-29,aVKjY_uB3tA,3302,,
2026-09-29,eARwhWcSGKo,6894,,
2026-09-29,fnKAo4k4j0I,27596,,
2026-09-29,fwJag8kazvc,1309,,
2026-09-29,hVVP3uqEbXg,9371,,
2026-09-29,nqQ_uK7yUBw,3597,,
2026-09-29,ozShLRF_xgU,2698,,
2026-09-29,pCghepSi0M8,18295,,
2026-09-29,r6_PIKzQJ8Q,3560,,
2026-09-29,rOfzCD6AT9A,2932,,
2026-09-29,roO2HBjdtQw,6244,,
2026-09-29,uNX13pgpGBU,5967,,
2026-09-29,uyU-yMW5jMg,4161,,
2026-09-30,--eCZ5KJphU,2018,86,19
2026-09-30,-27X7n7IstM,7176,389,57
2026-09-30,-3dLSMzi38k,5225,95,40
2026-09-30,-FJcDEQ2CB0,15037,718,89
2026-09-30,-GYR8m5pqkI,10905,345,54
2026-09-30,-SxNX1_ipZ0,4608,166,53
2026-09-30,-WID9zHoKhE,374,10,12
2026-09-30,-pXsceBZ-uI,1972,113,17
2026-09-30,01F_B8RaurQ,364,21,9
2026-09-30,0A3d0lovA9c,3276,164,16
2026-09-30,0BvJ_8VSpAQ,20319,639,83
2026-09-30,0JFuxpSFiLo,21978,827,98
2026-09-30,0Mur3o4gJn4,6040,180,44
2026-09-30,0U0-9stDv2w,6901,276,23
2026-09-30,0YdWcjA5acg,8341,276,21
2026-09-30,0Zsljntls0k,4047,171,28
2026-09-30,0_I4PHJ-miw,21885,501,113
2026-09-30,0c5PF6WpL7o,1168,93,16
2026-09-30,0dqRFbgCuVg,6766,318,18
2026-09-30,0irTZK6Z_YI,1004,33,12
2026-09-30,0jvB7_mRdVk,1572,90,45
2026-09-30,0luCN1MyFX8,11413,395,70
2026-09-30,0nv1NY1lx_E,5420,203,26
2026-09-30,0t_oTJZ6Irs,7027,276,92
2026-09-30,132bn7FWRws,3328,64,24
2026-09-30,13jLs1WwfTY,4936,177,33
2026-09-30,14FLm6zvvlM,3342,108,38
2026-09-30,1APEiSZz2zM,323,33,29
2026-09-30,1GeNGNh50Fw,11377,179,25
2026-09-30,1M5hO5Iz4hQ,11884,298,40
2026-09-30,1WejSH57PSA,556,34,15
2026-09-30,1_CE104JHi8,4524,223,67
2026-09-30,1eL6P_PR6FA,203860,1734,159
2026-09-30,1fn9RPaSFvM,4280,149,37
2026-09-30,1gAj8idUtrk,13148,587,39
2026-09-30,1k6Bzkiw48o,11282,589,60
2026-09-30,1qYWYaGdxt4,1455,37,3
2026-09-30,1uRRhugMzlE,4529,269,43
2026-09-30,1vJB1yOPOf0,7538,402,146
2026-09-30,1yK9VWnQpx4,22648,515,41
2026-09-30,24Ib0j0xDxE,16146,418,78
2026-09-30,2CnmP8lvGE4,6479,333,38
2026-09-30,2JqFe4tSOyk,11191,772,129
2026-09-30,2OdJHlmdu3A,3445,431,97
2026-09-30,2WaFFWc3lno,6341,219,80
2026-09-30,2bY_4Ut49J8,4133,185,28
2026-09-30,2l0-duQwSfI,5485,376,57
2026-09-30,2lZK2lUb6ew,10781,367,23
2026-09-30,2qLT-wnFaP0,8089,312,34
2026-09-30,2qZb4PtGQUg,3300,153,31
2026-09-30,2qron8l5-WA,2970,187,28
2026-09-30,2vAcCPS9-YE,3163,151,41
2026-09-30,3BNqAqRukts,18115,823,83
2026-09-30,3Cm_qVj04z0,343,27,15
2026-09-30,3DNRCakknE0,4694,219,44
2026-09-30,3HUs08W6-8o,16251,332,75
2026-09-30,3KJwgGv_hq0,4109,219,35
2026-09-30,3Nh8y-oesJ0,8157,328,48
2026-09-30,3gPoLb5rT70,17065,408,80
2026-09-30,3iUH-OYuGIo,235,18,7
2026-09-30,3jZh-NYS564,7077,271,41
2026-09-30,3nGph8PX2-Q,3550,258,54
2026-09-30,3xtwXWyEfhk,1802,89,43
2026-09-30,49KORRES2ks,2355,73,9
2026-09-30,4Q1Xe92xmwI,9985,455,51
2026-09-30,4VN65sXHXSU,5894,266,88
2026-09-30,4WHM_GRby90,5947,253,82
2026-09-30,4aUWIhJE2n4,3709,169,17
2026-09-30,4b4THjNuDW0,613,32,17
2026-09-30,4n-UnjzY3B0,254,16,5
2026-09-30,4n4yKMederk,9821,359,42
2026-09-30,4qtFClwSzc8,1470,38,10
2026-09-30,4r4Fv5i5zCI,7341,208,33
2026-09-30,4tli9Q4KZ3w,3417,171,66
2026-09-30,4vHxpaifn9w,25515,1462,158
2026-09-30,4zfnW56TcvY,3040,99,18
2026-09-30,5I2-cQ7oa10,3691,129,29
2026-09-30,5MHf5WPH1v4,4807,228,37
2026-09-30,5POKUC3oXqw,2101,38,14
2026-09-30,5R6l50LDlV4,3619,171,24
2026-09-30,5kFO9eUjRPk,13093,655,135
2026-09-30,5nA2pvB3qjA,1333,104,28
2026-09-30,5sVEspUzpGY,3834,288,94
2026-09-30,5t3KYPZKUe4,10948,324,70
2026-09-30,5zi4AXEg4HE,3661,59,14
2026-09-30,615ClJ5oqkw,1233,26,6
2026-09-30,62v6RgdBly0,2458,113,26
2026-09-30,69_RI4iZxuQ,6619,196,62
2026-09-30,6BegJIenaBE,9943,354,31
2026-09-30,6Bmjis1ofzE,6243,282,16
2026-09-30,6SV0Lm47pvY,2487,86,25
2026-09-30,6TcR8BFdyJM,2950,124,46
2026-09-30,6VUBa5NSLU8,992,38,8
2026-09-30,6Xmd08nL2G4,4889,206,28
2026-09-30,6d8jMrgjDuE,3296,92,6
2026-09-30,6iCAxQUz4aQ,6027,440,65
2026-09-30,6l3bIPltt3A,7338,337,64
2026-09-30,6ob9UwPviJA,5257,211,12
2026-09-30,6tcSoXsMs9c,6389,381,108
2026-09-30,6vhfb7LUUYc,3628,178,32
2026-09-30,6zLWdLXiJC8,14348,399,37
2026-09-30,73a6CtNTac4,10463,496,39
2026-09-30,7BXf6nTyiCQ,3929,202,38
2026-09-30,7BkLmVdcaJw,6787,318,63
2026-09-30,7EgU3ReHrIc,1268,69,23
2026-09-30,7FZrM9iMsCM,6379,472,72
2026-09-30,7IZ5eCJ3Vqc,2533,143,44
2026-09-30,7NZvpCqH7eA,2784,148,47
2026-09-30,7NbPwroPQ80,3064,150,37
2026-09-30,7Odyxk-S9f0,54110,1057,201
2026-09-30,7PSt_Gouh6g,2830,152,21
2026-09-30,7cpCkvLwQsI,2170,83,18
2026-09-30,7dlhZLngdvM,8947,296,52
2026-09-30,7m_UlzkGLlA,38289,1552,139
2026-09-30,7tKbMZqzLks,2884,193,19
2026-09-30,7ufObjxCBKI,17006,780,68
2026-09-30,7wuBlcFsfvc,4390,298,102
2026-09-30,7zHiFWEJfZY,8937,393,43
2026-09-30,87Vb6sa1KcY,1461,116,85
2026-09-30,8OPlCKgcSO8,6651,272,50
2026-09-30,8T1Pe58GJpw,4330,140,38
2026-09-30,8UOwBfCgZn8,1054,77,16
2026-09-30,8UWpsEyQwCU,4037,207,45
2026-09-30,8_fxIwJi8eI,13007,418,56
2026-09-30,8fwEHUkKTFc,1277,50,8
2026-09-30,8hbiWsIlhQ0,1295,74,24
2026-09-30,8pRl03u-hjI,8281,419,66
2026-09-30,8r9S_xIzqLk,4120,168,44
2026-09-30,8tmQ6wySUSI,4691,248,48
2026-09-30,8tutVKxm8Fk,9358,160,20
2026-09-30,900BOlBTFNg,36949,1166,130
2026-09-30,99bQhxWPWuo,9465,395,85
2026-09-30,9BmwbWSPXwY,4869,263,73
2026-09-30,9Fhr7gYQPBM,1521,29,7
2026-09-30,9O3XYd0F6VI,11702,402,133
2026-09-30,9Ot1RhssfL0,776,34,13
2026-09-30,9TvuNO-fnXM,16437,416,62
2026-09-30,9_6yRxY8iiY,9965,403,31
2026-09-30,9cZh_IuGMyM,393,20,7
2026-09-30,9dFDeUNHViY,9473,369,38
2026-09-30,9gFQ9rFMKEA,39810,1951,179
2026-09-30,9h2v-rVmwEA,8783,355,103
2026-09-30,9hOkPAYmpPM,6734,187,42
2026-09-30,9hgzA60ZGZg,5687,334,53
2026-09-30,9rJgQmuc2SM,7086,378,35
2026-09-30,9rVcXaVHCXw,2640,255,78
2026-09-30,9wgzzLCatp8,856,67,26
2026-09-30,9yg2AIYdu6E,1755,128,26
2026-09-30,A4wr-iI2hJU,22072,700,114
2026-09-30,A5ojgoN39Lc,6521,281,65
2026-09-30,A9RXB8YTc6Y,13561,620,47
2026-09-30,ADwtKtLtE8Q,2042,61,8
2026-09-30,AKDQisHl8Ek,3948,157,32
2026-09-30,AKJRVoJu_Q4,7597,300,46
2026-09-30,ANYrzwn5h_M,4671,410,123
2026-09-30,AO1WNfgIgiE,8607,204,49
2026-09-30,ASSnCNI-KlM,1277,36,5
2026-09-30,ATXZbbUsHVw,9691,193,37
2026-09-30,AU7Z9h1x1Ys,702,37,12
2026-09-30,AUG114ir5eQ,1250,80,25
2026-09-30,AUxR3aTc3ng,1516,35,10
2026-09-30,AaCd4amsV0U,2046,56,23
2026-09-30,Ac6AOC9yxJE,4355,209,59
2026-09-30,AcR00ZHbVKU,7616,490,65
2026-09-30,AgcnylfczPE,10871,439,58
2026-09-30,Ak6bqOmu8ZI,12887,230,40
2026-09-30,AmYVHRf2Aq8,8701,389,62
2026-09-30,Ao4VRNX_h4A,12911,435,37
2026-09-30,Aq3emUbqTbA,806,20,1
2026-09-30,B0IPEMdrCRA,3071,150,37
2026-09-30,B5xTJMahaK4,2529,195,93
2026-09-30,B9FbWxNdJPY,19887,592,75
2026-09-30,B9zmRMY6ISI,2770,268,89
2026-09-30,BNze82M59-E,7109,282,44
2026-09-30,BSum-2t0a28,4669,98,32
2026-09-30,B_OF2TYLnQw,6366,198,43
2026-09-30,B_rcAwySccg,3602,188,52
2026-09-30,BdCpg8-TlGg,3603,145,24
2026-09-30,BfLT1TlZInE,20329,576,97
2026-09-30,BfjZU1zyiOc,1883,168,60
2026-09-30,BkAhos9qrLQ,2141,122,14
2026-09-30,BsWIaYs09vc,6327,192,30
2026-09-30,BskXYIlyNzA,6004,182,96
2026-09-30,C5ETgNOq1gQ,14712,492,34
2026-09-30,C5Rh96Gz8yg,6996,122,24
2026-09-30,C9AMwVwgVPo,3088,85,19
2026-09-30,C9FJCiew0s8,4083,111,42
2026-09-30,CD6KcQMdzfc,2839,232,139
2026-09-30,CEF9v_JMVe8,7371,357,58
2026-09-30,CJkJWnPzguM,22211,659,113
2026-09-30,CKAGWlmyXbA,8962,344,32
2026-09-30,CMh4ttABaiE,1233,132,28
2026-09-30,CSTFP0gKnd8,5363,523,172
2026-09-30,CUpAWj1wVbU,25295,895,148
2026-09-30,CVFIzDp5iio,11333,723,123
2026-09-30,CYn4JoQTD1I,674,31,6
2026-09-30,CYvruxt8Ocw,5448,282,102
2026-09-30,CgzCQr9ilsw,392,20,23
2026-09-30,ChKL1KyjlZ4,5299,191,52
2026-09-30,CkghB9G4vOo,215,11,0
2026-09-30,Cpa04rQyl18,9622,431,61
2026-09-30,CufCJMTTKHk,1665,113,11
2026-09-30,Cy2qJ0Win1I,4601,221,35
2026-09-30,D-dgFUvl7YA,8196,353,21
2026-09-30,D4p6nv2t2FA,245,12,3
2026-09-30,D50nmITTLp8,1809,74,53
2026-09-30,DAuagmdRSOE,11105,370,128
2026-09-30,DBkInEbzPk0,2805,102,40
2026-09-30,DDd5prelU6A,9243,384,78
2026-09-30,DDiDtP-uOqU,2275,182,101
2026-09-30,DI-Oxm-J0W0,5633,175,31
2026-09-30,DIv0FHIZiko,3496,223,31
2026-09-30,DNsUjaDT3AQ,4249,133,35
2026-09-30,DPEZ-FtI4UI,8561,449,77
2026-09-30,DPz-ktdaHII,453,23,1
2026-09-30,DS_neiUmgrA,2718,90,26
2026-09-30,DY9enl751Hk,9319,326,75
2026-09-30,Dcu_IubxG8I,4995,264,39
2026-09-30,Df9q7HerAA4,5005,253,56
2026-09-30,DiLjnRqx0xo,3868,168,44
2026-09-30,DnXALAe3BtY,1601,68,31
2026-09-30,DohrPYUe11o,1546,92,7
2026-09-30,DouSkzKX7NE,6560,223,49
2026-09-30,Drqehd-O2ak,3804,168,18
2026-09-30,DxUH69hEi9k,464,22,22
2026-09-30,E6ac_QwimUk,3750,172,28
2026-09-30,EFc5_Nct8wE,4585,193,31
2026-09-30,EIKIx9Xpl7c,2778,209,53
2026-09-30,E_DqVHrHIxM,8068,234,61
2026-09-30,EckbfLRDGjE,1705,81,33
2026-09-30,EkKqSnrdG7U,2689,133,7
2026-09-30,Ezrw0VHCy7w,280,25,7
2026-09-30,F1hpeZ_T-ww,2884,120,20
2026-09-30,F5y8-ztKpCM,3852,217,50
2026-09-30,F8PMKa1dz9g,738,30,11
2026-09-30,FAIITnGT4wo,4960,266,28
2026-09-30,FAfQTG-v0Cs,3301,216,34
2026-09-30,FEqKnaBExZU,9524,321,30
2026-09-30,FG5G2G-XjhE,14870,631,78
2026-09-30,FIEy7T-kMmQ,1927,80,8
2026-09-30,FKbiHBctwwA,3927,193,34
2026-09-30,FNVB3Ndlrw8,435,28,8
2026-09-30,FSFC8O9LxRU,2520,123,5
2026-09-30,FYtl1LolxwQ,10562,449,55
2026-09-30,Fa8jGX5mvj4,3155,96,21
2026-09-30,FfCJfpHXt8c,4100,195,78
2026-09-30,FgTt2XD_ryA,13931,564,126
2026-09-30,FkK2Rp5xEIc,11240,454,59
2026-09-30,FlGf6zZGtkk,5357,382,65
2026-09-30,FlbiS6qn6oE,2735,178,45
2026-09-30,Fs8L9V90RDk,7958,336,96
2026-09-30,FsemZttxTN8,6151,327,80
2026-09-30,G2COlj5SS54,8102,235,44
2026-09-30,G76WtaecxB4,1209,33,3
2026-09-30,G9YcpN4TAZw,5281,196,17
2026-09-30,GEZg76Swgc8,430,23,10
2026-09-30,GJRAN3_x8U4,3593,214,43
2026-09-30,GTD7cyckPnA,273,9,5
2026-09-30,GYD-rQNG-rI,9000,223,46
2026-09-30,Gdybpz4wjgY,333,23,17
2026-09-30,GgtIBQCZxkQ,5349,181,36
2026-09-30,Gjf4AsYGwU8,11443,569,150
2026-09-30,GkiVQ_WvpZA,13174,380,18
2026-09-30,GqAXRVF_edY,4137,151,40
2026-09-30,GqRwtWVepYw,9665,552,87
2026-09-30,GqWbo7Uo8Ec,5941,265,22
2026-09-30,Gs03wWJ6vFc,962,38,14
2026-09-30,Gx6Z5Aj875s,6848,503,78
2026-09-30,H-jiaEptrx0,4342,293,46
2026-09-30,H3JH96ZJWzM,790,66,20
2026-09-30,H5yOaNKxZ-4,22201,1066,111
2026-09-30,H97Ldv1IXtw,18322,753,202
2026-09-30,HBhaj0_Zm34,4571,213,49
2026-09-30,HDN25GTdn40,3982,87,18
2026-09-30,HRQ4Ibbkkco,2270,83,12
2026-09-30,HUbRq3GR8SI,5022,113,36
2026-09-30,HbNx1HcTEk4,22004,295,31
2026-09-30,HlwfZ6atyLw,1913,48,23
2026-09-30,Hsv6dNsEO40,11295,414,69
2026-09-30,HvQpYQlLGzg,3892,152,24
2026-09-30,Hwi-jokx7aI,2691,186,39
2026-09-30,I-S-0EO3-FA,2905,145,20
2026-09-30,I1sccj6fjQs,3753,214,42
2026-09-30,I3T6O4ez75M,4064,229,62
2026-09-30,I66Prbdjcn0,3509,182,24
2026-09-30,I6nU9HD6GVk,1085,92,10
2026-09-30,I70TmekxAXE,2644,125,77
2026-09-30,IAdR2JdoGr8,10453,389,27
2026-09-30,IB_3oFDAULc,12124,476,62
2026-09-30,IE6oyFF67A0,15930,460,81
2026-09-30,IEIg6U_krbY,10044,377,74
2026-09-30,IF966yryyqY,265,14,13
2026-09-30,IH591H86iFQ,7399,337,84
2026-09-30,IHsdTOEuG4g,8859,326,43
2026-09-30,IJdPXXMpYPk,807,45,19
2026-09-30,IKIrneFKwJY,631,24,16
2026-09-30,IQ3zeRLgnt4,3357,178,34
2026-09-30,IQQViyty9zM,2059,141,16
2026-09-30,ISKY2Bgz_c0,1225,78,45
2026-09-30,IXOacyfD7V4,13827,521,63
2026-09-30,IrGSyH2wlK0,1612,93,11
2026-09-30,IuZyLH50TMQ,23850,805,190
2026-09-30,Ix6NRPPJhd8,1229,85,32
2026-09-30,J-aiAO8-Czk,13253,453,84
2026-09-30,J1tRJRX44zc,2065,124,31
2026-09-30,JH6X6472Gdk,3443,169,33
2026-09-30,JJ0wEMAa0Qg,8674,369,22
2026-09-30,JNuRoWbolfs,6483,283,25
2026-09-30,Jep6zVwriOA,7077,289,28
2026-09-30,Jl2XOwlw5Z4,5944,366,135
2026-09-30,JpctKDg71Pg,1453,125,28
2026-09-30,JpfqYvUYNr8,2207,88,59
2026-09-30,Ju3_gwctpM8,16610,400,87
2026-09-30,Jyn59AgDf6o,7232,247,27
2026-09-30,JzsEVr4W5ng,11660,369,28
2026-09-30,K1YD12TDxwo,1714,66,8
2026-09-30,K2T8Cd4-ba8,706,21,2
2026-09-30,K4YFVRGWGEY,2854,221,25
2026-09-30,K8o_u0_iFJU,7993,332,60
2026-09-30,K9Asd1xasRc,802,47,6
2026-09-30,KEnYv8bMxXM,39606,1055,261
2026-09-30,KLTqQaG2asM,4448,134,20
2026-09-30,KMTemVbHKS4,3436,436,101
2026-09-30,KNT1a6LakZI,4466,155,149
2026-09-30,KOF8EQ_YcOU,12066,587,64
2026-09-30,KOedI8Dr__Y,4579,158,56
2026-09-30,KTnAV2qb5CY,8169,314,44
2026-09-30,KVaKaf9FX5I,8400,446,97
2026-09-30,KXoxeoaSwOA,4527,198,27
2026-09-30,KiOKGmcOb_g,10378,380,42
2026-09-30,KlnSnb7YFEY,2703,160,102
2026-09-30,Kn5RCzQ9ufc,3778,87,11
2026-09-30,KqZv27fFQlQ,153916,4681,512
2026-09-30,KrjMNWiU52A,17071,531,51
2026-09-30,KtjAJuKUbDM,15971,625,61
2026-09-30,L0KEJ_zq0Ak,10769,433,81
2026-09-30,L5c4VvuaU7w,18658,614,62
2026-09-30,LD8rxn2RFNE,4446,120,15
2026-09-30,LMbdAdrLzXg,4324,105,29
2026-09-30,LMryIj-gt9A,2056,136,26
2026-09-30,LNWGlnt3wF4,20027,636,54
2026-09-30,LRySNa5Y0No,5733,221,40
2026-09-30,LSGYVCqNEjc,4359,194,56
2026-09-30,LXW_Z8rp3bU,2234,123,34
2026-09-30,L_mpuGgHhfE,4831,313,46
2026-09-30,LadLiCQaAwQ,5252,200,25
2026-09-30,Lbrq5ramx-A,4579,197,49
2026-09-30,LdYe9MF1QMs,1980,84,28
2026-09-30,Li2lFki33xM,9337,363,36
2026-09-30,Lk6JhpGO69M,10903,388,29
2026-09-30,LmDOOPuqYG8,7843,351,69
2026-09-30,LpqnF4FROjg,365,10,12
2026-09-30,Lswdyl9nZtE,9795,272,31
2026-09-30,M61DCig7ZJY,6263,197,37
2026-09-30,MA41DUCQWfw,2534,157,61
2026-09-30,MM879hqJf1U,18190,481,71
2026-09-30,MRxgJpEyabo,5041,337,26
2026-09-30,MVWyRSiH4uQ,2663,178,36
2026-09-30,MWkhT5GG75k,6971,399,90
2026-09-30,MdkVvgET0Wg,14445,296,50
2026-09-30,MhZ5AKwboh0,10124,351,42
2026-09-30,MsxCeW9nTb0,3359,122,99
2026-09-30,Mtqdsr2BC_A,5636,243,51
2026-09-30,MvMstvlNNzQ,404,24,1
2026-09-30,MxDzq8aLzTo,804,28,16
2026-09-30,N0_ptJC7W48,3848,91,61
2026-09-30,N54m3zy-uzk,3449,82,24
2026-09-30,N6qK7AUqn54,11238,402,78
2026-09-30,NELsP8DaEa8,10124,374,55
2026-09-30,NEahGL5R0HI,14206,652,62
2026-09-30,NHGisiXq7eg,7870,268,54
2026-09-30,NJXuNpJ26us,3840,231,21
2026-09-30,NJelRHbyeWw,7846,342,29
2026-09-30,NRlM9dhgPTg,4352,122,37
2026-09-30,NWOjsRjPomI,2815,86,21
2026-09-30,NX-1jJ1PuxY,8028,422,68
2026-09-30,Nc1nItUxpQQ,8212,213,57
2026-09-30,Nh7jDVmtg0I,1482,66,32
2026-09-30,NvFqtHcCCXs,3593,146,14
2026-09-30,Nz2xOcIryF4,9944,415,54
2026-09-30,O14qr6DPo4Q,7849,428,62
2026-09-30,O1awyI-zPJs,15898,676,149
2026-09-30,OD8Jm9Yk0WY,22876,820,68
2026-09-30,OH7Rlrq71To,36350,943,171
2026-09-30,OHt_00p2dmY,5731,280,45
2026-09-30,OLPoLPMdW_g,2168,80,3
2026-09-30,OVHP92ag6d4,4178,178,71
2026-09-30,OYxpHMuv29k,8912,386,50
2026-09-30,O_7ZySSl0mk,4183,237,49
2026-09-30,OcgJZnE1a6o,771,69,40
2026-09-30,Ocp1_PPM4sI,24800,864,62
2026-09-30,OddgScxecfA,6919,414,99
2026-09-30,Om4MsEtTrnw,1477,41,18
2026-09-30,OsN0NNVuu7o,23981,1104,73
2026-09-30,Ou7NGOVJ8Pc,3241,177,41
2026-09-30,OwK8r2uyqHU,7073,598,62
2026-09-30,P5dvh5HrHaE,8522,410,66
2026-09-30,P6a8zyHf7YY,975,48,10
2026-09-30,P7i-qgVG7c4,1818,55,6
2026-09-30,PLFNoideC9s,12353,437,52
2026-09-30,PM4DofLA2g0,747,25,15
2026-09-30,PUTrIDHNxQs,2482,137,25
2026-09-30,PdO8UebbbSA,1661,114,32
2026-09-30,Pg0oIg89uDQ,5311,316,38
2026-09-30,PgvLUj9yWDQ,710,16,7
2026-09-30,Pk77G5OfECU,5120,174,29
2026-09-30,PkjXvpbR1q8,9777,432,78
2026-09-30,Pt8zI30MFm8,7151,380,48
2026-09-30,PtL2ZgPSF5o,14701,501,61
2026-09-30,Pwf2T_cntdg,21330,890,157
2026-09-30,PxyjUIyE5YI,16494,542,173
2026-09-30,Q-dHeMod7T0,7565,228,84
2026-09-30,Q1zf4SC-AvQ,2885,118,18
2026-09-30,QLdp2ZNFM_s,5361,297,45
2026-09-30,QUNzVqhLUBw,2648,134,31
2026-09-30,QVi7Ze1DEz4,5646,387,103
2026-09-30,QY2ox96a1zA,6105,312,43
2026-09-30,QeCKLvz2tIM,5965,280,47
2026-09-30,QhRPaWYjWYc,4168,157,29
2026-09-30,Qrag4Jg-veo,3917,216,27
2026-09-30,R1S8PFUsVWg,5685,217,43
2026-09-30,R4hO35nd_OI,6883,344,45
2026-09-30,R6Ukz91VIAY,1189,131,54
2026-09-30,R7utAmGPE_M,638,97,76
2026-09-30,RO6gVW9tdbY,1603,108,27
2026-09-30,ROV6ce9dkfI,4290,178,35
2026-09-30,RUy1hElRuUQ,5457,342,41
2026-09-30,RVWlgBZt6h8,5035,235,15
2026-09-30,RXEipSzDgtc,22258,605,107
2026-09-30,Rb2-RE864YY,10846,307,48
2026-09-30,RdvRwihvUUM,3933,185,36
2026-09-30,RgeVF0tu6ng,901,50,11
2026-09-30,RhUoPPchFBU,527,19,10
2026-09-30,RrVaJ5z_3mU,3045,98,18
2026-09-30,Rs5p0EuuTDw,9910,284,91
2026-09-30,Ry8PCL00Sjc,2027,82,15
2026-09-30,RyckAyrt7xQ,30258,991,201
2026-09-30,S0W7nQ2q3Kg,7948,281,6
2026-09-30,SB5QPpcWDXk,8771,349,58
2026-09-30,SCwP-bR498o,2644,99,33
2026-09-30,SGOEY0I_FQA,33869,1388,177
2026-09-30,SHzg-IgnKuI,27884,1021,128
2026-09-30,SKEcZIJKPzc,3619,206,56
2026-09-30,SOXoRwvxcv0,10978,415,91
2026-09-30,SQdrkq_hBzE,1921,83,11
2026-09-30,SW7PfbETFx8,2805,88,23
2026-09-30,SWoYNH7OMZI,1118,50,18
2026-09-30,SeWXiEIm9oI,1665,82,24
2026-09-30,Sf25ENrbQGM,1005,46,14
2026-09-30,ShJ_j2paClA,9510,388,42
2026-09-30,ShkacKGq5Vk,5497,334,35
2026-09-30,SkukxahhmRo,6974,235,37
2026-09-30,Sl5Fl_vOthI,3236,209,49
2026-09-30,Sl5sYEh_UoU,6242,282,67
2026-09-30,Sq3rkK6GhuE,245,15,6
2026-09-30,St5jhqEeasY,4572,112,27
2026-09-30,T2tuMBwhuKc,7091,187,42
2026-09-30,TDOWMduvE1o,3082,200,44
2026-09-30,TEqu2JH5dYc,924,30,9
2026-09-30,TMvgKj-2Z9k,1015,29,1
2026-09-30,TP7VDtErEvY,5476,206,53
2026-09-30,TS9rxa7-CXg,7205,186,42
2026-09-30,TV3fWx4rQh0,2389,83,10
2026-09-30,TWUoFcCtDhA,6622,289,105
2026-09-30,TXAe5nqafRY,1538,69,15
2026-09-30,T_jQIJSkjGo,7464,246,42
2026-09-30,TaY5NrLNABM,1339,34,10
2026-09-30,Tb4JB3eFPXw,6033,287,32
2026-09-30,Te57wukDp8g,4595,240,18
2026-09-30,TgJqTy_mCR4,8442,429,25
2026-09-30,Tj9CJM4ti2w,1750,80,36
2026-09-30,TqAy1jbJ9w8,8528,221,60
2026-09-30,TtCijTAgvPc,5180,257,21
2026-09-30,TvvDTvo-L74,8231,380,47
2026-09-30,TwfHRcdWHRg,4219,120,16
2026-09-30,U4zBHwf2MTw,1708,74,43
2026-09-30,UCaZFYzYm9k,6682,339,18
2026-09-30,UHGfFw-ZT98,3908,205,45
2026-09-30,UJOAvX_FD7o,251,26,16
2026-09-30,UKzsE2t00Jw,419,23,15
2026-09-30,UOOBf83nIco,38682,1057,100
2026-09-30,UQIBN4D_qIs,2705,60,19
2026-09-30,UUUH5xnM-Mc,6342,341,89
2026-09-30,UVdc7kYPJEs,1099,101,34
2026-09-30,UZ3583GSSOo,4057,113,19
2026-09-30,UhuJQBAZv84,10720,277,70
2026-09-30,UiD0-skn904,815,69,19
2026-09-30,Ulotto-Re6w,4415,366,56
2026-09-30,UqLF2eIaDxg,8002,251,82
2026-09-30,V1jmHGrVs_k,9282,412,56
2026-09-30,V2d8qoEGyEU,232,10,1
2026-09-30,V3IHs2DwX0U,707,32,9
2026-09-30,V3nsGV2yOV8,2348,121,16
2026-09-30,V50CUypS7UM,2983,142,24
2026-09-30,V6AOpDTpCO4,5155,150,33
2026-09-30,V6Lm17-mfxA,4621,182,42
2026-09-30,V6d2Dc1l7BA,7158,507,63
2026-09-30,VKJLsmW95wc,3851,192,41
2026-09-30,VKMMVQtaDrM,11754,258,14
2026-09-30,VLJJ9zvdj2Y,5040,238,40
2026-09-30,VTOl1gAKo44,3249,133,25
2026-09-30,VTszds8Y7rU,8152,233,36
2026-09-30,Vb5gSRAHXCA,3890,216,128
2026-09-30,VlgtaUj_dho,4057,215,34
2026-09-30,VoU-7YGmoo0,1854,158,28
2026-09-30,VvVtNiE0bjA,4294,172,14
2026-09-30,VwTMGmXxghU,19469,721,95
2026-09-30,W1UJAOQQDWk,9051,172,18
2026-09-30,W3I8gwLv0Ro,3038,380,53
2026-09-30,W6U3fBgQoVg,1980,144,58
2026-09-30,WD7EzA2sbnI,2116,64,14
2026-09-30,WIP6ZDjQmww,10043,479,36
2026-09-30,WKMTSCW51fI,5233,380,72
2026-09-30,WNFEf_ZwNFw,436,18,6
2026-09-30,WNhZUBZ8tUc,45559,1472,143
2026-09-30,WWIB8ZW1i6w,2966,70,22
2026-09-30,WYGsRorORyI,16917,1174,140
2026-09-30,WjgW6u9Tde8,2009,134,58
2026-09-30,Wu4lafiHjh0,7723,287,27
2026-09-30,WvVMuiXrqcI,7562,290,86
2026-09-30,X22UHszz5Dg,4459,210,162
2026-09-30,X5L0LaarTLg,11238,371,63
2026-09-30,XAQ_GYsV52A,10319,350,75
2026-09-30,XEqxbZoaqUw,5197,144,55
2026-09-30,XIhM9oLObuU,2670,242,48
2026-09-30,XVwO4OvjwI4,2494,95,8
2026-09-30,XWSWCP3TBrc,2912,167,20
2026-09-30,Xm4ScqSNV10,4450,259,67
2026-09-30,XsCgtUDrxck,2208,70,19
2026-09-30,Y66yYblAsq8,1917,64,29
2026-09-30,Y7Rm_Bmu-K0,40057,1237,129
2026-09-30,Y8YjZOGrhJI,3987,222,36
2026-09-30,YA85ddRTnus,5092,149,18
2026-09-30,YA_LFvsyLoU,2291,118,58
2026-09-30,YBMZINlORaw,6040,318,22
2026-09-30,YDlHWsYd23o,4510,357,41
2026-09-30,YDmxUb_oNLI,2747,118,65
2026-09-30,YFjQz7FijWM,15502,551,75
2026-09-30,YOe2PL-1gT0,671,65,21
2026-09-30,YXqYOapYqYc,7820,349,48
2026-09-30,Y_mkJt3oY_k,3605,141,50
2026-09-30,YiKIKU-5KpY,0,0,0
2026-09-30,YpCAi9ofhjs,4373,146,51
2026-09-30,YpMxtemC5y8,4935,165,25
2026-09-30,YqZzdPYfnso,3645,180,13
2026-09-30,Ytbx-7bzEGc,4360,183,33
2026-09-30,Z-s3rXFeosc,6669,161,11
2026-09-30,Z12fVM_cnaI,11012,399,45
2026-09-30,Z2njQkTQDKY,5178,320,73
2026-09-30,Z9Jjrb6xQeo,3618,173,23
2026-09-30,ZA_G9BP9HLY,499,25,13
2026-09-30,ZE2dghmFE8Y,22767,806,93
2026-09-30,ZE3jHXXiSBY,9875,374,35
2026-09-30,ZE9ENcHPRr8,24866,1091,127
2026-09-30,ZG72S1_wBC0,5101,239,36
2026-09-30,ZY_oCjE95Ss,393,42,29
2026-09-30,ZZBZkqJqvu8,11215,345,46
2026-09-30,Z_REKs508KY,6795,234,76
2026-09-30,ZaksbmqvxNM,8624,417,58
2026-09-30,ZcdQLCEyjjU,8769,408,85
2026-09-30,ZfQ7oKzL-Pw,12682,421,40
2026-09-30,ZgN1aMmXELI,4861,196,10
2026-09-30,Zq-NFi8kxlo,50288,1092,132
2026-09-30,ZrqtNoiNSdw,4928,241,47
2026-09-30,ZsIml_y5qU4,146,10,0
2026-09-30,ZtUTR0E7VPY,46395,1805,227
2026-09-30,ZvUISEnjqbQ,5539,232,34
2026-09-30,ZzYTRvOWH1I,4404,202,18
2026-09-30,_3MWGJ7MUTA,2892,169,14
2026-09-30,_8p1UyvwmhI,3982,218,9
2026-09-30,_9BI3P-OH84,1721,96,20
2026-09-30,_BvUrcl5tls,3159,245,65
2026-09-30,_EZK5vA1EX0,5398,211,41
2026-09-30,_FzLqe9KziY,2544,110,13
2026-09-30,_Jlf2Q0xGZ8,5903,286,51
2026-09-30,_LzDM8xt_dA,8118,301,46
2026-09-30,_NHlgOF-WU0,406,14,7
2026-09-30,_OsQEaApgwY,2540,106,37
2026-09-30,_UWA2fCxRHI,3794,153,17
2026-09-30,_auL36M33Aw,2701,201,16
2026-09-30,_eLkGBx1XiE,1082,37,16
2026-09-30,_fcTS5NosDs,1568,82,34
2026-09-30,_r9bm8JLsKc,3449,237,40
2026-09-30,_wWswU9t8HU,212,17,10
2026-09-30,_xEjpsA_iVg,2093,95,12
2026-09-30,_zVLb3rpe5I,6145,571,178
2026-09-30,_zuQYhMwTgs,5854,282,38
2026-09-30,a2L6AbyANjw,13926,367,75
2026-09-30,a2n31BGGWFI,4261,207,44
2026-09-30,a65XoIF7K7Y,8091,255,22
2026-09-30,a6qWlOZtG3E,2136,96,41
2026-09-30,a8g5MvFPwxo,6663,371,35
2026-09-30,aD-WkrzMJrk,2384,101,34
2026-09-30,aDDnbn7KVls,13705,557,54
2026-09-30,aEQu0cO-iG8,2865,164,14
2026-09-30,aIcW25HaFsI,5177,248,28
2026-09-30,aMG8tqZ6bW0,2917,205,11
2026-09-30,aOOR5vp4Kl0,3675,187,43
2026-09-30,aQF7qqm1iHE,2390,115,38
2026-09-30,aVKjY_uB3tA,3327,222,39
2026-09-30,aYgFb-fiwxA,12017,338,37
2026-09-30,acvpoQwncqI,3109,110,28
2026-09-30,ad5pxORFPfk,2445,101,28
2026-09-30,adsB3sGIcVQ,5749,189,23
2026-09-30,afLeJEbZs2k,6483,245,29
2026-09-30,ahyTF-4Agkg,988,42,23
2026-09-30,akC-r5hlDkc,2216,110,39
2026-09-30,aoh738yJBRA,6471,228,35
2026-09-30,aqbo0yu_l6g,16608,650,124
2026-09-30,ar-bXQYvUhs,2516,122,20
2026-09-30,ath0o3oOJCs,6420,335,43
2026-09-30,b4fNiXZPqRQ,10125,385,93
2026-09-30,bHJfRtPpY6E,1666,34,19
2026-09-30,bHuv7kKqe-A,8231,279,84
2026-09-30,bJHikj8skz4,3020,153,21
2026-09-30,bQaZqs74i2Y,5334,186,27
2026-09-30,bT7qGpnOpo4,4800,206,17
2026-09-30,b_Obp5cBRZk,5683,151,52
2026-09-30,bi3ZAQbw8EI,1874,80,31
2026-09-30,bqTNuZQOziA,10062,158,47
2026-09-30,bqf0zywB-Wo,12039,368,51
2026-09-30,c2ket6Qczzw,1504,62,12
2026-09-30,c3rRnSi93Lw,8789,410,77
2026-09-30,c6WqvHRlRkc,4561,171,62
2026-09-30,c9CotszUwYQ,2381,104,22
2026-09-30,cFn-fD2GmYU,2566,167,17
2026-09-30,cJwXjAKA0-k,5590,214,39
2026-09-30,cR199eKHJ4k,357,12,19
2026-09-30,cWyP2mrcwdM,799,63,17
2026-09-30,cevjHgZRbrg,295,16,7
2026-09-30,cfGpIvLPcPw,5092,328,103
2026-09-30,cga1y52KSCk,3039,156,33
2026-09-30,cjpnhsKzs1Q,2943,118,31
2026-09-30,coqZMUFd2C0,37104,1210,69
2026-09-30,cpd3lbm5tL8,3615,214,42
2026-09-30,cqPVe0nQ1A0,5238,201,65
2026-09-30,cuZsMnQlDQU,14149,471,94
2026-09-30,d-msiY5zz5A,3102,89,19
2026-09-30,d-zJskCnHpI,3174,150,37
2026-09-30,d09nbbfOIA8,5094,83,20
2026-09-30,dFH36q7iWiU,244,12,3
2026-09-30,dHJbG72Itp8,17144,640,141
2026-09-30,dIqUY3R2_3A,8075,387,104
2026-09-30,dSmFHbtrZ7g,18296,628,46
2026-09-30,dURDUSYCm68,15139,445,136
2026-09-30,dWatNWKO9uk,3531,233,86
2026-09-30,de7gpeHMS1Q,382,23,19
2026-09-30,dgkZoy66esM,5357,148,29
2026-09-30,dijHVnTV0aM,6614,247,36
2026-09-30,dl3KzRCU-aQ,6624,203,45
2026-09-30,dlABqtYhbMk,6170,232,14
2026-09-30,dmbvfKzFSLo,3093,205,19
2026-09-30,dn-xSg_FT0A,18345,587,136
2026-09-30,dnI29M9CE44,4091,244,41
2026-09-30,dnUUMRDbasE,1891,100,34
2026-09-30,dp7vq7hweXs,1962,65,13
2026-09-30,dtdf5AeXwB8,421,39,29
2026-09-30,dtoZraGBx54,18128,641,194
2026-09-30,dv-40oFi5ak,7057,319,57
2026-09-30,dx9Qe_629yE,8948,320,32
2026-09-30,e061vqWD0lQ,1018,81,36
2026-09-30,e6iHP-UMZnk,5241,252,87
2026-09-30,e83i1spluHo,6426,219,68
2026-09-30,eARwhWcSGKo,6909,134,41
2026-09-30,eGnLjzejgI4,3061,171,11
2026-09-30,eK7uM-EeLIk,7886,222,16
2026-09-30,eLcRSVAncfc,1348,54,20
2026-09-30,eLhCLA0Jndo,2271,107,32
2026-09-30,eM2S4pWeczs,160268,5646,333
2026-09-30,eOxOgo6VNzQ,3801,242,59
2026-09-30,eUkmg5xOC7c,2490,129,14
2026-09-30,eYY-goMG0N0,4726,289,35
2026-09-30,ebpANnTL0zw,14459,509,92
2026-09-30,ecutxRcKQ6I,6500,264,31
2026-09-30,enR1CfAS5zo,2077,96,34
2026-09-30,ensnUIxTUHE,14246,495,48
2026-09-30,er-8YWX70rk,12838,525,78
2026-09-30,etbk0Z69oDs,833,28,5
2026-09-30,eu92DDq5snw,5530,596,154
2026-09-30,eymQ0rXs7d8,6196,162,81
2026-09-30,f-aH0vpaoyo,10240,602,77
2026-09-30,f7yvLMqdMJo,4204,139,52
2026-09-30,f8fN8Uqbb8s,6186,186,74
2026-09-30,fFdiFTfeCwE,6242,376,24
2026-09-30,fFgFYRumrDU,11508,401,111
2026-09-30,fG1-74pj6A4,17061,510,88
2026-09-30,fHYBRGdrXo0,1948,157,62
2026-09-30,fIo8SE2ky98,2979,132,43
2026-09-30,fKvvShsdaWU,19375,604,40
2026-09-30,fMmn4SMuSdE,4871,198,26
2026-09-30,fQwyeIriRx8,8638,228,53
2026-09-30,fZ7RRiEw54E,6458,250,32
2026-09-30,fbZea8wkoe8,9795,503,82
2026-09-30,ff5ZGdHsgIA,1109,55,22
2026-09-30,fg72xV_ZX8g,790,52,16
2026-09-30,fj2SC2FA324,2115,112,19
2026-09-30,flJTAxtk67w,11426,315,28
2026-09-30,flbyvShpL18,4914,212,51
2026-09-30,fnKAo4k4j0I,27635,496,153
2026-09-30,fsI10W24Ya8,8168,276,37
2026-09-30,fwJag8kazvc,1313,100,20
2026-09-30,gAPX20Ja0zk,2696,219,35
2026-09-30,gENAeokhMHI,4060,222,38
2026-09-30,gK1VHYEXt_0,223,17,15
2026-09-30,gNEGNjVWO0Q,2975,185,29
2026-09-30,gVj7YvOUjfc,1063,70,14
2026-09-30,gWdtuyZNxeQ,11458,406,43
2026-09-30,gXT5p-IBNMg,6104,313,80
2026-09-30,goQs8La8e94,30485,1026,85
2026-09-30,gpKioDijRD4,1536,115,31
2026-09-30,gtGmlmLZ3Ps,1245,38,13
2026-09-30,gy_rDsWx8_4,5099,218,34
2026-09-30,h1qNF-YaHX8,4984,264,60
2026-09-30,hBhD4lpfrvw,4255,148,31
2026-09-30,hBqhV23fZnE,4056,183,18
2026-09-30,hD4BjVn9YXw,4716,241,15
2026-09-30,hRgIER_2tZg,1197,60,10
2026-09-30,hSuSN9-UZUY,15777,536,49
2026-09-30,hUQqvZGsp6A,3678,196,29
2026-09-30,hVMJN3o6-5g,11054,326,118
2026-09-30,hVVP3uqEbXg,9413,682,78
2026-09-30,hX5lVJXMurI,6580,332,57
2026-09-30,h_v3GcIgbvM,18857,560,142
2026-09-30,hhwrtf3g0yY,4770,299,51
2026-09-30,hnnt5l96vVE,3652,164,32
2026-09-30,hrA_TspDTyM,2774,179,23
2026-09-30,hsiq1QlJqCs,37553,488,17
2026-09-30,htuK8cgwC-E,2617,162,52
2026-09-30,hwX4Jil8AFY,2237,85,11
2026-09-30,hy7L_a8J9z4,6156,177,36
2026-09-30,hyisCTgnS0g,809,66,31
2026-09-30,i4tThjQW98w,1477,82,21
2026-09-30,i5Ufb0FYkDM,2834,157,56
2026-09-30,i6kooD4epJ0,10626,328,62
2026-09-30,iCV7kvzQ_bA,21431,673,63
2026-09-30,iCrYuW2ixu8,2204,97,29
2026-09-30,iEHsfr9bvpg,13990,297,24
2026-09-30,iFu9J3h8RBY,8421,383,34
2026-09-30,iHt3VLuizj4,3818,201,36
2026-09-30,iKMz8ICRe8I,21560,548,98
2026-09-30,iNIxuEi7V54,2268,101,10
2026-09-30,iRyAJEXB_hE,3295,233,31
2026-09-30,iYHt1pdScK0,214506,7516,513
2026-09-30,i_bfUG57Je8,10639,437,99
2026-09-30,ipf-y1PaGBg,3864,307,117
2026-09-30,iuZ57o6ph1A,2463,186,31
2026-09-30,ixG3RWG-Xdw,10809,346,75
2026-09-30,j3BrzaBGJqY,3186,128,21
2026-09-30,j50kYrWuR6U,1349,84,48
2026-09-30,j9lMyW5Emo0,7628,317,63
2026-09-30,jBZnliX8R7M,5310,448,73
2026-09-30,jCGuQ1T3kUE,11675,544,75
2026-09-30,jQiLi6ev9zM,5070,193,42
2026-09-30,jTEvYjhQKTM,3573,188,17
2026-09-30,jV8i3ErC3MA,10500,330,72
2026-09-30,jdAA_65-h0E,17631,654,67
2026-09-30,jfEMLlPzKEU,8132,253,38
2026-09-30,jgfWTFUl_58,1474,61,15
2026-09-30,jh22fly0d-k,5272,157,18
2026-09-30,jlV4MmBxgPI,13921,758,105
2026-09-30,jrnfWiLWFJw,385,17,6
2026-09-30,k1SjNJaOJcA,7219,342,79
2026-09-30,k3yhL30Kpnw,1627,90,23
2026-09-30,k4GBTLOy9aE,11513,642,26
2026-09-30,k73d1z4sXCE,2782,176,23
2026-09-30,kCTe19NTny4,2091,127,13
2026-09-30,kCcXFPN8bK0,2763,123,19
2026-09-30,kETEBzJrtSA,7484,203,32
2026-09-30,kFWumpkL5yI,3489,174,21
2026-09-30,kO5VQOB3sxI,6471,325,45
2026-09-30,kSbp6GNfK7Y,4585,331,53
2026-09-30,kUDZK_9QPtA,14807,531,93
2026-09-30,kYmLSudfROM,5733,301,79
2026-09-30,kb2G7jcB3Ls,4291,268,37
2026-09-30,keYeekasjI8,20687,855,111
2026-09-30,kjl_jo_1HTg,2492,89,23
2026-09-30,ko82nHa36U4,9367,497,47
2026-09-30,kpcxQ1XCrq8,254,34,12
2026-09-30,kr9WECLcJWU,3803,143,14
2026-09-30,ktZgSqvfl8o,467,19,10
2026-09-30,kuoLAhyeaJQ,5057,332,68
2026-09-30,kzApFdb-KEs,782,30,17
2026-09-30,kzQhIJnlTsI,100499,3521,247
2026-09-30,l4OOeF2yo9Y,3833,96,18
2026-09-30,lADjNtrJtIo,3211,153,22
2026-09-30,lCTSpZlGMb4,3893,215,37
2026-09-30,lN4Nv7R4sBI,10606,390,40
2026-09-30,lOciy5N92Lg,1560,100,23
2026-09-30,lOomWUxwNlQ,4572,218,32
2026-09-30,lSkunEYX5Go,1750,145,17
2026-09-30,lTCDfNnY4u8,5947,253,37
2026-09-30,lZj5qfUurLw,4134,156,42
2026-09-30,lZm2ZwjEy38,3029,83,21
2026-09-30,lgNWcFP2Ltg,12264,275,67
2026-09-30,lr1GJQXbj4c,1993,131,20
2026-09-30,lvOd4uyJkFE,31281,839,218
2026-09-30,lvtS_HSjXUA,10533,352,42
2026-09-30,m1gcxwLGPos,5714,286,25
2026-09-30,m6233lu5J9Q,12279,541,80
2026-09-30,m9q3qhKxbk4,2490,207,61
2026-09-30,mDDcQa5yCfI,21424,638,101
2026-09-30,mHE2XXExu7Q,1255,73,5
2026-09-30,mHSNcvaQ8YU,1024,89,26
2026-09-30,mM4k2pf-l9E,6126,166,32
2026-09-30,mNKdQ1YwHPc,2934,188,42
2026-09-30,m_vvvpnOHfw,409,19,2
2026-09-30,mhXS2cpJlRo,2003,43,14
2026-09-30,mkJ-QgvLtyk,12695,317,58
2026-09-30,mnu4iJG72y8,5511,189,18
2026-09-30,n5WXv528CII,18392,576,95
2026-09-30,n93OGgP941o,2390,133,15
2026-09-30,n9XvIj6hOjc,2143,158,27
2026-09-30,nDLFzy9hIow,9864,446,105
2026-09-30,nF0VXXPcAh4,3082,112,13
2026-09-30,nMQCA_C9zoQ,105601,3050,310
2026-09-30,nPV7ftm2WSg,2194,117,20
2026-09-30,nRTuARH-N9A,643,48,11
2026-09-30,nZ-Yf21ufww,9926,271,10
2026-09-30,n_8ek8wvHc8,5603,207,56
2026-09-30,nbqcaybmEe8,11759,496,126
2026-09-30,neQ91eM5hw4,22115,687,71
2026-09-30,nqQ_uK7yUBw,3614,206,22
2026-09-30,nuEwWBGiQ4c,4002,266,34
2026-09-30,nwbp-b7PO4g,7531,344,22
2026-09-30,nxJqaJgDQIE,4411,130,36
2026-09-30,nyHN_s3QpkY,7158,317,36
2026-09-30,o0dULDtKQ-8,10039,516,82
2026-09-30,o4tmiD22BLI,19095,887,87
2026-09-30,oCAyG5S7cIw,10849,391,27
2026-09-30,oDeAAnpEEXU,1991,69,5
2026-09-30,oKTvQ7d9gYw,30285,1074,210
2026-09-30,oPCHIAxcTHw,39362,1995,163
2026-09-30,oRXt4EmUmKk,4329,210,36
2026-09-30,oUdstwXRu2c,2846,124,17
2026-09-30,oZh7YlRGlqA,5369,231,48
2026-09-30,oZjiL501lAY,1416,159,61
2026-09-30,o_FRQ02nigQ,5579,198,52
2026-09-30,ofwkfFci1iI,3406,291,51
2026-09-30,ol2a1T0BgrM,4513,0,0
2026-09-30,ol_M2L_mjBI,2742,124,20
2026-09-30,onlJoxwtQec,1441,66,12
2026-09-30,oo0K4ydn4rw,6064,193,42
2026-09-30,ozShLRF_xgU,2704,52,10
2026-09-30,p23Rm9i_EIg,6814,318,51
2026-09-30,p6uuiKju1Gc,4280,313,56
2026-09-30,p8GqOFBpR5w,4867,339,48
2026-09-30,p8ZK2nre57U,4102,220,38
2026-09-30,pC_lpEworvo,1040,38,5
2026-09-30,pCghepSi0M8,18398,576,146
2026-09-30,pGUjxBQqY5E,4287,196,46
2026-09-30,pKvwesJ8-t0,8761,288,59
2026-09-30,pRB23hC8dZY,3134,279,95
2026-09-30,pUPzkqLt5WM,4577,146,21
2026-09-30,pWY2T3MqfCw,3445,304,46
2026-09-30,pdIXWsxp0_g,3900,233,47
2026-09-30,pms2oKZcuqo,3442,164,33
2026-09-30,ptv9GRoEKs0,3929,176,15
2026-09-30,pyuB406DLuo,11562,445,60
2026-09-30,pzLWWa96_lE,6039,207,35
2026-09-30,q4mgxHWrmLM,6376,399,107
2026-09-30,q52xE5uCNT0,11863,412,78
2026-09-30,qIxGLqP2ZBA,3472,166,16
2026-09-30,qJ6pJMN4eiA,2640,95,44
2026-09-30,qMz0UbGJq4Y,7175,304,51
2026-09-30,qZi9yeRBf94,3875,104,15
2026-09-30,q_TknmNwvqA,6185,324,75
2026-09-30,qabDQ1ebZbQ,6247,235,28
2026-09-30,qbXC7hLKuGM,261,20,12
2026-09-30,qd6gmV0qrrk,14829,619,170
2026-09-30,qiI-rwVGiYQ,2012,114,60
2026-09-30,qkMCHJ28vsI,2439,49,4
2026-09-30,qmcbY6Sr_mw,3392,204,19
2026-09-30,qqQxwunPfLo,5222,321,69
2026-09-30,qzy12XbaJQ4,1532,47,18
2026-09-30,r0ZddKvFa9w,7770,301,54
2026-09-30,r3P6BU0gEVU,7646,230,49
2026-09-30,r4YE2Zghgbc,2935,163,37
2026-09-30,r6_PIKzQJ8Q,3581,258,79
2026-09-30,rAxPIoC8bB4,12947,274,112
2026-09-30,rJ6YCE4gWS0,1668,48,15
2026-09-30,rJeHPb9VWP4,2402,117,15
2026-09-30,rLZUcW0DBTM,9997,283,83
2026-09-30,rLfvnvBj8Ls,5103,208,40
2026-09-30,rOfzCD6AT9A,3000,51,8
2026-09-30,rR2A9ezT_gg,16803,492,56
2026-09-30,rULrrI9GfWU,1361,53,20
2026-09-30,rV23IXWdDOY,17528,287,272
2026-09-30,rVEh3PGiggk,372,26,26
2026-09-30,r_lWb2SpHO4,10552,306,46
2026-09-30,rckZ2uBOGYs,4359,211,22
2026-09-30,rixzhpBKdfg,2728,116,14
2026-09-30,rlnx986Qxkc,13558,495,149
2026-09-30,roO2HBjdtQw,6282,427,98
2026-09-30,rojYn7h_-U4,2295,151,15
2026-09-30,rqcOPT_Dg7A,7602,325,106
2026-09-30,ruxKM1qX0Dc,12499,485,67
2026-09-30,rzIPT2DPtvA,5826,304,25
2026-09-30,s2GjWfPbh9I,2028,137,27
2026-09-30,sHQg97i_Hp0,156,14,12
2026-09-30,sO1rprIWDas,4329,244,33
2026-09-30,sQH3xPVic6Y,3934,208,41
2026-09-30,sVwAWTxKDJ0,7987,355,52
2026-09-30,sXRGp_ttFI4,7282,287,53
2026-09-30,sZhgf8PQ5gc,8613,353,104
2026-09-30,scIFhQSvvlE,2759,114,24
2026-09-30,scM9aI9kTus,5007,189,11
2026-09-30,skABNIsQ3fA,12668,672,33
2026-09-30,smATVd6dk-k,14275,594,94
2026-09-30,sqx6twZgR-k,3962,213,36
2026-09-30,ssIA_N2u50Y,7312,254,45
2026-09-30,syPu5HdMT4k,1022,19,8
2026-09-30,t01TItG_UAQ,607,28,6
2026-09-30,t1UIIjuMirY,8800,322,120
2026-09-30,t1kj63890o8,3699,228,40
2026-09-30,t3G_N5DO6us,6370,191,52
2026-09-30,t4gVVdxtNWE,8774,280,147
2026-09-30,tGsk0H21JgE,2163,159,23
2026-09-30,t_RBOUZAqGw,4606,143,32
2026-09-30,tcomjtcMjLE,1108,96,45
2026-09-30,tdc-zfxIlEY,33313,892,153
2026-09-30,tiDCtcHjdQU,7352,248,60
2026-09-30,trS0kTq6Tk8,1654,57,39
2026-09-30,txSX7-1XQOE,2681,67,12
2026-09-30,tyRJESdSDm4,15071,360,52
2026-09-30,tz7n--I4rDU,1509,65,11
2026-09-30,u00LAYagwGo,4550,215,26
2026-09-30,u4e1ijV4iRQ,5432,175,19
2026-09-30,u7xKzLuKt5I,17676,1612,365
2026-09-30,uNX13pgpGBU,5991,339,32
2026-09-30,uXbngiOXOD0,10516,545,93
2026-09-30,ub9JNL8EhJ4,1496,65,19
2026-09-30,uk5ADKNqHoc,1518,115,9
2026-09-30,ul9Sw7brukY,1605,50,1
2026-09-30,umNEJg2sj50,988,60,22
2026-09-30,un8Mt5f-mUE,10725,288,43
2026-09-30,usRrwR8CUb8,9504,519,20
2026-09-30,uxxwN68AJHE,5623,274,49
2026-09-30,uyU-yMW5jMg,4261,78,21
2026-09-30,v-ylvHTi_Mc,3425,136,24
2026-09-30,v0kp6W42yf4,2934,114,25
2026-09-30,v1J7bERLirA,3333,90,34
2026-09-30,v9INdKeBJEI,43601,1601,168
2026-09-30,vDzWHTMsp_Y,1764,58,12
2026-09-30,vHvpM9nSO3Q,4106,251,37
2026-09-30,vIAhcX4SppA,3231,134,26
2026-09-30,vKYW7MTBAFg,10213,366,20
2026-09-30,vM5V9hoDKnQ,9075,390,35
2026-09-30,vQI78T3g4Gg,6333,313,62
2026-09-30,vUEmbLAxZ0Y,1103,71,30
2026-09-30,vWTTG9XlMoY,14582,693,63
2026-09-30,v_JJzLJ0eRw,4780,215,46
2026-09-30,vmSPrsKC8i8,53014,1551,152
2026-09-30,vqsoh8y6xa8,5656,297,49
2026-09-30,vuvK_DUcqCk,8267,415,47
2026-09-30,vy88MX2ss_g,7611,380,67
2026-09-30,vyg196YvsgE,1055,36,4
2026-09-30,w3HciqK70s4,1694,119,53
2026-09-30,w68xGF_YIgU,26225,843,127
2026-09-30,w6b2AkddE8Y,2667,155,52
2026-09-30,w9kpcvkWngA,6723,281,50
2026-09-30,wBWXzI7uJYo,3782,214,38
2026-09-30,wGDSdaXZj00,45832,1549,204
2026-09-30,wHcblaGXua8,10549,308,28
2026-09-30,wLB8pR4uME0,2860,197,36
2026-09-30,wSEMUoR4FS4,1502,96,34
2026-09-30,wSnq-Unha34,208299,6236,413
2026-09-30,wX47G7oi_Z4,1970,82,13
2026-09-30,wg1R2_G_LEc,6621,242,65
2026-09-30,wnahjxPk5rk,2299,116,11
2026-09-30,wpHm4ARAChc,23153,973,84
2026-09-30,wpWCpGTZE2A,1964,90,10
2026-09-30,wuZgRtutoHQ,8241,355,79
2026-09-30,wutJAXwvMqo,9643,463,90
2026-09-30,wwtaQ_PNx1M,2983,97,23
2026-09-30,wxWz6zDC2wo,1529,56,32
2026-09-30,wzSn1b5XXtk,1941,60,8
2026-09-30,x3gjYoDR5tA,2677,149,8
2026-09-30,x5fPiJUOMk0,3955,222,31
2026-09-30,xMbY5fkmK0A,3649,236,41
2026-09-30,xQKEy65zAso,65610,1822,112
2026-09-30,xTpYdSgeWPc,1189,52,4
2026-09-30,x_KffjhARa0,2839,266,101
2026-09-30,xe6w3VmUf5I,6165,263,38
2026-09-30,xs2J2KW1q8Q,8552,442,68
2026-09-30,xvdkNKQAbJ8,1851,45,13
2026-09-30,xwLoo8ThKHI,863,42,18
2026-09-30,xxC2s5JBYZM,332,24,20
2026-09-30,xya7ZlFJ-x8,2293,152,12
2026-09-30,y3rXMXG_UF8,3834,246,30
2026-09-30,y4Yqheg9DuY,15966,605,72
2026-09-30,y6T5kX1L0aw,1633,102,64
2026-09-30,y76fsYJCAO0,1665,95,19
2026-09-30,y8mTWAs2PPw,3217,145,16
2026-09-30,yF9W5KZ4lfs,6575,130,43
2026-09-30,yGc4NnBE6nY,5010,198,36
2026-09-30,yKCrM_XkKaY,15813,363,82
2026-09-30,yKIM1UxtbpU,2121,70,16
2026-09-30,yPh9jEw5_Lw,2990,229,43
2026-09-30,ySg8CEjxwwo,5875,92,36
2026-09-30,yUQ4NYv_io0,3624,222,30
2026-09-30,yXWhKEoL3QU,4018,204,25
2026-09-30,yo-Wdxc6ng0,3541,177,26
2026-09-30,yrJ1mvA6eIM,10482,249,28
2026-09-30,yrcwoFLtS5Y,7590,320,22
2026-09-30,ytt9pEb78FA,5125,155,41
2026-09-30,z-n_vz4gFRw,14902,498,63
2026-09-30,z0A-aCcVXSA,3120,88,26
2026-09-30,z2SU31i7Uo4,9749,453,67
2026-09-30,z8MJYHsQh5c,17629,674,219
2026-09-30,zCk1p-hPBCs,158,10,0
2026-09-30,zDtacZ_qT0Y,12446,370,78
2026-09-30,zI6L_SkYqkU,1273,52,20
2026-09-30,zLgpLCYCbyA,2596,93,2
2026-09-30,zSvZdF7CBjU,6367,271,50
2026-09-30,zVMIZRDSvCc,1789,77,21
2026-09-30,zceKtRTdgSo,17299,605,37
2026-09-30,zjYgzIlRmOk,7223,315,23
2026-09-30,zksWnpcM05I,4393,231,33
2026-09-30,zpX-Xs1a9MY,3164,168,8
2026-09-30,zrRTPvOBEnU,2842,62,16
2026-09-30,zsRQcswYx8w,2852,190,19
2026-09-30,zsYZHcSRvB8,25803,852,75
2026-09-30,zsaXdCEuYsY,2273,50,11
2026-09-30,zufjmNpcSlg,1617,98,19
2026-09-30,zvjhIylspTc,10204,421,90
2026-09-30,zxwGfKCo6as,4776,180,72
2026-09-30,zyY2aRVZMp4,1298,40,11
2026-09-30,zzWIE6Sg_E0,22818,993,190
