date,video_id,views,likes,comments
2026-06-01,3A0Gwb7nmw8,2607,,
2026-06-01,5b4RSDrkc8I,4507,,
2026-06-01,Ati51CQqpKY,5586,,
2026-06-01,ClAz_Etby1k,3522,,
2026-06-01,KNwEQXDv5XM,8200,,
2026-06-01,Kh_0ICA5cfg,5622,,
2026-06-01,MOmBOx1LEJU,27965,,
2026-06-01,N9CZswDtnCA,3377,,
2026-06-01,Nhb3_wu7Ddk,13456,,
2026-06-01,PmY9rmZK_oM,1896,,
2026-06-01,SoVnrdQ7b_s,4708,,
2026-06-01,U9sNqbVd1L8,4064,,
2026-06-01,UVkQsLv7n2s,2190,,
2026-06-01,UxyCkiufJyg,3287,,
2026-06-01,WUchEyRFIxw,3750,,
2026-06-01,_ALc4VJkpjA,11766,,
2026-06-01,ccZaP6LEaLI,7485,,
2026-06-01,dA0DwmLmQ9s,6008,,
2026-06-01,f1eFQJocAow,7275,,
2026-06-01,gAlQprevPh0,2145,,
2026-06-01,iY0az_GdCiI,5180,,
2026-06-01,mOqGGh-ot08,3627,,
2026-06-01,p-Ig77st4KY,7213,,
2026-06-01,pTqxjQV_PYU,8550,,
2026-06-01,pj41DZonKFU,5175,,
2026-06-01,sl11WONqgaQ,3118,,
2026-06-01,svTgRSTyypU,29206,,
2026-06-01,xZIOdejjTlg,2819,,
2026-06-01,yeBCQurwTAM,3904,,
2026-06-01,zx1Xu1eI_UM,1872,,
2026-06-02,3A0Gwb7nmw8,2612,,
2026-06-02,5b4RSDrkc8I,4519,,
2026-06-02,Ati51CQqpKY,5595,,
2026-06-02,KNwEQXDv5XM,8212,,
2026-06-02,Kh_0ICA5cfg,5640,,
2026-06-02,MOmBOx1LEJU,28408,,
2026-06-02,PmY9rmZK_oM,1901,,
2026-06-02,SoVnrdQ7b_s,4729,,
2026-06-02,U9sNqbVd1L8,4075,,
2026-06-02,UVkQsLv7n2s,2197,,
2026-06-02,UxyCkiufJyg,3290,,
2026-06-02,WUchEyRFIxw,3762,,
2026-06-02,_ALc4VJkpjA,11833,,
2026-06-02,ccZaP6LEaLI,7632,,
2026-06-02,f1eFQJocAow,7285,,
2026-06-02,gAlQprevPh0,2231,,
2026-06-02,iY0az_GdCiI,5203,,
2026-06-02,mOqGGh-ot08,6711,,
2026-06-02,p-Ig77st4KY,7264,,
2026-06-02,pTqxjQV_PYU,8575,,
2026-06-02,pj41DZonKFU,5186,,
2026-06-02,sl11WONqgaQ,3148,,
2026-06-02,xZIOdejjTlg,2827,,
2026-06-02,yeBCQurwTAM,3907,,
2026-06-02,zx1Xu1eI_UM,1895,,
2026-06-03,--eCZ5KJphU,1931,,
2026-06-03,-27X7n7IstM,6383,,
2026-06-03,-3dLSMzi38k,5026,,
2026-06-03,-FJcDEQ2CB0,14104,,
2026-06-03,-GYR8m5pqkI,10593,,
2026-06-03,-SxNX1_ipZ0,4458,,
2026-06-03,-WID9zHoKhE,372,,
2026-06-03,-pXsceBZ-uI,1950,,
2026-06-03,01F_B8RaurQ,364,,
2026-06-03,0A3d0lovA9c,2846,,
2026-06-03,0BvJ_8VSpAQ,19866,,
2026-06-03,0JFuxpSFiLo,20599,,
2026-06-03,0Mur3o4gJn4,5847,,
2026-06-03,0U0-9stDv2w,6778,,
2026-06-03,0YdWcjA5acg,8157,,
2026-06-03,0_I4PHJ-miw,21554,,
2026-06-03,0dqRFbgCuVg,6434,,
2026-06-03,0irTZK6Z_YI,983,,
2026-06-03,0jvB7_mRdVk,1518,,
2026-06-03,0luCN1MyFX8,10872,,
2026-06-03,0nv1NY1lx_E,5266,,
2026-06-03,0t_oTJZ6Irs,6663,,
2026-06-03,13jLs1WwfTY,4712,,
2026-06-03,14FLm6zvvlM,3283,,
2026-06-03,1APEiSZz2zM,319,,
2026-06-03,1M5hO5Iz4hQ,11413,,
2026-06-03,1WejSH57PSA,555,,
2026-06-03,1_CE104JHi8,4464,,
2026-06-03,1fn9RPaSFvM,4138,,
2026-06-03,1gAj8idUtrk,12893,,
2026-06-03,1k6Bzkiw48o,10644,,
2026-06-03,1qYWYaGdxt4,1422,,
2026-06-03,1uRRhugMzlE,4310,,
2026-06-03,1vJB1yOPOf0,7368,,
2026-06-03,1yK9VWnQpx4,21435,,
2026-06-03,24Ib0j0xDxE,15812,,
2026-06-03,2CnmP8lvGE4,6247,,
2026-06-03,2JqFe4tSOyk,9473,,
2026-06-03,2OdJHlmdu3A,3439,,
2026-06-03,2WaFFWc3lno,6160,,
2026-06-03,2bY_4Ut49J8,4087,,
2026-06-03,2l0-duQwSfI,5249,,
2026-06-03,2lZK2lUb6ew,10542,,
2026-06-03,2qLT-wnFaP0,7808,,
2026-06-03,2qZb4PtGQUg,3204,,
2026-06-03,2qron8l5-WA,2885,,
2026-06-03,2vAcCPS9-YE,3127,,
2026-06-03,3A0Gwb7nmw8,2616,,
2026-06-03,3BNqAqRukts,17236,,
2026-06-03,3Cm_qVj04z0,338,,
2026-06-03,3DNRCakknE0,4689,,
2026-06-03,3HUs08W6-8o,15621,,
2026-06-03,3KJwgGv_hq0,4031,,
2026-06-03,3Nh8y-oesJ0,7867,,
2026-06-03,3gPoLb5rT70,16880,,
2026-06-03,3iUH-OYuGIo,235,,
2026-06-03,3jZh-NYS564,6720,,
2026-06-03,3nGph8PX2-Q,3497,,
2026-06-03,3xtwXWyEfhk,1797,,
2026-06-03,49KORRES2ks,2314,,
2026-06-03,4Q1Xe92xmwI,9294,,
2026-06-03,4VN65sXHXSU,5757,,
2026-06-03,4WHM_GRby90,5758,,
2026-06-03,4aUWIhJE2n4,3625,,
2026-06-03,4b4THjNuDW0,602,,
2026-06-03,4n-UnjzY3B0,252,,
2026-06-03,4qtFClwSzc8,1465,,
2026-06-03,4r4Fv5i5zCI,7143,,
2026-06-03,4tli9Q4KZ3w,3074,,
2026-06-03,4vHxpaifn9w,25141,,
2026-06-03,4zfnW56TcvY,3003,,
2026-06-03,5I2-cQ7oa10,3585,,
2026-06-03,5MHf5WPH1v4,4319,,
2026-06-03,5R6l50LDlV4,3550,,
2026-06-03,5b4RSDrkc8I,4519,,
2026-06-03,5kFO9eUjRPk,12946,,
2026-06-03,5sVEspUzpGY,3783,,
2026-06-03,5t3KYPZKUe4,10695,,
2026-06-03,615ClJ5oqkw,1216,,
2026-06-03,62v6RgdBly0,2394,,
2026-06-03,69_RI4iZxuQ,6517,,
2026-06-03,6BegJIenaBE,9685,,
2026-06-03,6Bmjis1ofzE,6139,,
2026-06-03,6SV0Lm47pvY,2451,,
2026-06-03,6TcR8BFdyJM,2896,,
2026-06-03,6VUBa5NSLU8,962,,
2026-06-03,6Xmd08nL2G4,4680,,
2026-06-03,6d8jMrgjDuE,3229,,
2026-06-03,6iCAxQUz4aQ,5670,,
2026-06-03,6l3bIPltt3A,6702,,
2026-06-03,6ob9UwPviJA,4964,,
2026-06-03,6tcSoXsMs9c,5963,,
2026-06-03,6vhfb7LUUYc,3572,,
2026-06-03,6zLWdLXiJC8,13660,,
2026-06-03,73a6CtNTac4,9972,,
2026-06-03,7BXf6nTyiCQ,3877,,
2026-06-03,7BkLmVdcaJw,6265,,
2026-06-03,7EgU3ReHrIc,1258,,
2026-06-03,7FZrM9iMsCM,6338,,
2026-06-03,7IZ5eCJ3Vqc,2428,,
2026-06-03,7NZvpCqH7eA,2774,,
2026-06-03,7NbPwroPQ80,3044,,
2026-06-03,7Odyxk-S9f0,52842,,
2026-06-03,7PSt_Gouh6g,2804,,
2026-06-03,7cpCkvLwQsI,2085,,
2026-06-03,7dlhZLngdvM,8779,,
2026-06-03,7m_UlzkGLlA,33451,,
2026-06-03,7tKbMZqzLks,2846,,
2026-06-03,7ufObjxCBKI,13372,,
2026-06-03,7wuBlcFsfvc,4388,,
2026-06-03,7zHiFWEJfZY,8513,,
2026-06-03,87Vb6sa1KcY,1456,,
2026-06-03,8OPlCKgcSO8,6294,,
2026-06-03,8T1Pe58GJpw,4292,,
2026-06-03,8UOwBfCgZn8,1054,,
2026-06-03,8UWpsEyQwCU,3973,,
2026-06-03,8_fxIwJi8eI,12141,,
2026-06-03,8fwEHUkKTFc,1230,,
2026-06-03,8hbiWsIlhQ0,1283,,
2026-06-03,8pRl03u-hjI,7533,,
2026-06-03,8r9S_xIzqLk,4048,,
2026-06-03,8tmQ6wySUSI,4515,,
2026-06-03,900BOlBTFNg,35730,,
2026-06-03,99bQhxWPWuo,9058,,
2026-06-03,9BmwbWSPXwY,4724,,
2026-06-03,9Fhr7gYQPBM,1448,,
2026-06-03,9O3XYd0F6VI,11080,,
2026-06-03,9Ot1RhssfL0,766,,
2026-06-03,9TvuNO-fnXM,16061,,
2026-06-03,9_6yRxY8iiY,9837,,
2026-06-03,9cZh_IuGMyM,374,,
2026-06-03,9dFDeUNHViY,9253,,
2026-06-03,9gFQ9rFMKEA,38489,,
2026-06-03,9h2v-rVmwEA,8610,,
2026-06-03,9hOkPAYmpPM,6602,,
2026-06-03,9hgzA60ZGZg,5411,,
2026-06-03,9rVcXaVHCXw,2601,,
2026-06-03,9wgzzLCatp8,853,,
2026-06-03,9yg2AIYdu6E,1732,,
2026-06-03,A4wr-iI2hJU,20744,,
2026-06-03,A5ojgoN39Lc,6261,,
2026-06-03,A9RXB8YTc6Y,12332,,
2026-06-03,ADwtKtLtE8Q,1980,,
2026-06-03,AKDQisHl8Ek,3875,,
2026-06-03,AKJRVoJu_Q4,7370,,
2026-06-03,ANYrzwn5h_M,4667,,
2026-06-03,AO1WNfgIgiE,8560,,
2026-06-03,ASSnCNI-KlM,1257,,
2026-06-03,AU7Z9h1x1Ys,695,,
2026-06-03,AUG114ir5eQ,1234,,
2026-06-03,AUxR3aTc3ng,1494,,
2026-06-03,AaCd4amsV0U,2019,,
2026-06-03,Ac6AOC9yxJE,4310,,
2026-06-03,AcR00ZHbVKU,7462,,
2026-06-03,AgcnylfczPE,10401,,
2026-06-03,AmYVHRf2Aq8,8617,,
2026-06-03,Ao4VRNX_h4A,11576,,
2026-06-03,Aq3emUbqTbA,803,,
2026-06-03,Ati51CQqpKY,5605,,
2026-06-03,B0IPEMdrCRA,3018,,
2026-06-03,B5xTJMahaK4,2528,,
2026-06-03,B9FbWxNdJPY,18693,,
2026-06-03,B9zmRMY6ISI,2672,,
2026-06-03,BNze82M59-E,6946,,
2026-06-03,BSum-2t0a28,4630,,
2026-06-03,B_OF2TYLnQw,6316,,
2026-06-03,B_rcAwySccg,3498,,
2026-06-03,BdCpg8-TlGg,3497,,
2026-06-03,BfLT1TlZInE,19822,,
2026-06-03,BfjZU1zyiOc,1882,,
2026-06-03,BkAhos9qrLQ,2127,,
2026-06-03,BsWIaYs09vc,5758,,
2026-06-03,BskXYIlyNzA,5975,,
2026-06-03,C5ETgNOq1gQ,14086,,
2026-06-03,C5Rh96Gz8yg,6928,,
2026-06-03,C9AMwVwgVPo,2979,,
2026-06-03,C9FJCiew0s8,4042,,
2026-06-03,CD6KcQMdzfc,2825,,
2026-06-03,CEF9v_JMVe8,7136,,
2026-06-03,CJkJWnPzguM,20646,,
2026-06-03,CKAGWlmyXbA,8886,,
2026-06-03,CMh4ttABaiE,1219,,
2026-06-03,CSTFP0gKnd8,5278,,
2026-06-03,CUpAWj1wVbU,24092,,
2026-06-03,CVFIzDp5iio,11135,,
2026-06-03,CYn4JoQTD1I,666,,
2026-06-03,CYvruxt8Ocw,5227,,
2026-06-03,CgzCQr9ilsw,387,,
2026-06-03,ChKL1KyjlZ4,5158,,
2026-06-03,CkghB9G4vOo,213,,
2026-06-03,Cpa04rQyl18,7473,,
2026-06-03,CufCJMTTKHk,1622,,
2026-06-03,Cy2qJ0Win1I,4292,,
2026-06-03,D-dgFUvl7YA,7736,,
2026-06-03,D4p6nv2t2FA,245,,
2026-06-03,D50nmITTLp8,1805,,
2026-06-03,DAuagmdRSOE,10644,,
2026-06-03,DBkInEbzPk0,2689,,
2026-06-03,DDd5prelU6A,8718,,
2026-06-03,DDiDtP-uOqU,2274,,
2026-06-03,DI-Oxm-J0W0,5498,,
2026-06-03,DIv0FHIZiko,3474,,
2026-06-03,DNsUjaDT3AQ,4100,,
2026-06-03,DPEZ-FtI4UI,8205,,
2026-06-03,DPz-ktdaHII,445,,
2026-06-03,DS_neiUmgrA,2716,,
2026-06-03,DY9enl751Hk,8955,,
2026-06-03,Dcu_IubxG8I,4944,,
2026-06-03,Df9q7HerAA4,4891,,
2026-06-03,DiLjnRqx0xo,3833,,
2026-06-03,DnXALAe3BtY,1595,,
2026-06-03,DohrPYUe11o,1528,,
2026-06-03,DouSkzKX7NE,6391,,
2026-06-03,Drqehd-O2ak,3613,,
2026-06-03,DxUH69hEi9k,449,,
2026-06-03,E6ac_QwimUk,3638,,
2026-06-03,EFc5_Nct8wE,4512,,
2026-06-03,EIKIx9Xpl7c,2722,,
2026-06-03,E_DqVHrHIxM,7774,,
2026-06-03,EckbfLRDGjE,1687,,
2026-06-03,EkKqSnrdG7U,2678,,
2026-06-03,Ezrw0VHCy7w,280,,
2026-06-03,F1hpeZ_T-ww,2717,,
2026-06-03,F5y8-ztKpCM,3776,,
2026-06-03,F8PMKa1dz9g,731,,
2026-06-03,FAIITnGT4wo,4780,,
2026-06-03,FAfQTG-v0Cs,3206,,
2026-06-03,FEqKnaBExZU,9290,,
2026-06-03,FG5G2G-XjhE,14308,,
2026-06-03,FIEy7T-kMmQ,1906,,
2026-06-03,FKbiHBctwwA,3832,,
2026-06-03,FNVB3Ndlrw8,430,,
2026-06-03,FSFC8O9LxRU,2464,,
2026-06-03,FYtl1LolxwQ,9796,,
2026-06-03,Fa8jGX5mvj4,3090,,
2026-06-03,FfCJfpHXt8c,4028,,
2026-06-03,FgTt2XD_ryA,13412,,
2026-06-03,FkK2Rp5xEIc,10869,,
2026-06-03,FlGf6zZGtkk,5217,,
2026-06-03,FlbiS6qn6oE,2731,,
2026-06-03,Fs8L9V90RDk,7696,,
2026-06-03,FsemZttxTN8,5313,,
2026-06-03,G2COlj5SS54,7829,,
2026-06-03,G76WtaecxB4,1180,,
2026-06-03,G9YcpN4TAZw,5095,,
2026-06-03,GEZg76Swgc8,425,,
2026-06-03,GJRAN3_x8U4,3569,,
2026-06-03,GTD7cyckPnA,270,,
2026-06-03,GYD-rQNG-rI,8855,,
2026-06-03,Gdybpz4wjgY,331,,
2026-06-03,GgtIBQCZxkQ,5220,,
2026-06-03,Gjf4AsYGwU8,10936,,
2026-06-03,GqAXRVF_edY,4087,,
2026-06-03,GqRwtWVepYw,8589,,
2026-06-03,GqWbo7Uo8Ec,5645,,
2026-06-03,Gs03wWJ6vFc,911,,
2026-06-03,Gx6Z5Aj875s,6516,,
2026-06-03,H-jiaEptrx0,4307,,
2026-06-03,H3JH96ZJWzM,784,,
2026-06-03,H5yOaNKxZ-4,20397,,
2026-06-03,H97Ldv1IXtw,17592,,
2026-06-03,HBhaj0_Zm34,4398,,
2026-06-03,HDN25GTdn40,3881,,
2026-06-03,HRQ4Ibbkkco,2264,,
2026-06-03,HUbRq3GR8SI,4987,,
2026-06-03,HbNx1HcTEk4,21762,,
2026-06-03,HlwfZ6atyLw,1876,,
2026-06-03,Hsv6dNsEO40,10713,,
2026-06-03,HvQpYQlLGzg,3779,,
2026-06-03,Hwi-jokx7aI,2679,,
2026-06-03,I-S-0EO3-FA,2834,,
2026-06-03,I1sccj6fjQs,3673,,
2026-06-03,I3T6O4ez75M,4053,,
2026-06-03,I66Prbdjcn0,3440,,
2026-06-03,I70TmekxAXE,2642,,
2026-06-03,IAdR2JdoGr8,9962,,
2026-06-03,IB_3oFDAULc,11400,,
2026-06-03,IE6oyFF67A0,15187,,
2026-06-03,IEIg6U_krbY,9503,,
2026-06-03,IF966yryyqY,262,,
2026-06-03,IH591H86iFQ,7070,,
2026-06-03,IHsdTOEuG4g,8448,,
2026-06-03,IJdPXXMpYPk,806,,
2026-06-03,IKIrneFKwJY,621,,
2026-06-03,IQ3zeRLgnt4,3336,,
2026-06-03,IQQViyty9zM,2024,,
2026-06-03,ISKY2Bgz_c0,1223,,
2026-06-03,IXOacyfD7V4,13011,,
2026-06-03,IrGSyH2wlK0,1594,,
2026-06-03,IuZyLH50TMQ,22672,,
2026-06-03,Ix6NRPPJhd8,1179,,
2026-06-03,J-aiAO8-Czk,12881,,
2026-06-03,J1tRJRX44zc,2051,,
2026-06-03,JH6X6472Gdk,3398,,
2026-06-03,JNuRoWbolfs,6320,,
2026-06-03,Jep6zVwriOA,6991,,
2026-06-03,Jl2XOwlw5Z4,5197,,
2026-06-03,JpfqYvUYNr8,2205,,
2026-06-03,Ju3_gwctpM8,16351,,
2026-06-03,Jyn59AgDf6o,7092,,
2026-06-03,JzsEVr4W5ng,11047,,
2026-06-03,K1YD12TDxwo,1703,,
2026-06-03,K2T8Cd4-ba8,699,,
2026-06-03,K4YFVRGWGEY,2830,,
2026-06-03,K8o_u0_iFJU,7588,,
2026-06-03,K9Asd1xasRc,788,,
2026-06-03,KEnYv8bMxXM,38337,,
2026-06-03,KLTqQaG2asM,4377,,
2026-06-03,KMTemVbHKS4,3428,,
2026-06-03,KNT1a6LakZI,4444,,
2026-06-03,KNwEQXDv5XM,8212,,
2026-06-03,KOF8EQ_YcOU,11905,,
2026-06-03,KOedI8Dr__Y,4474,,
2026-06-03,KTnAV2qb5CY,7743,,
2026-06-03,KVaKaf9FX5I,8341,,
2026-06-03,KXoxeoaSwOA,4287,,
2026-06-03,Kh_0ICA5cfg,5649,,
2026-06-03,KiOKGmcOb_g,10157,,
2026-06-03,KlnSnb7YFEY,2672,,
2026-06-03,Kn5RCzQ9ufc,3719,,
2026-06-03,KqZv27fFQlQ,137317,,
2026-06-03,KrjMNWiU52A,16752,,
2026-06-03,KtjAJuKUbDM,15318,,
2026-06-03,L0KEJ_zq0Ak,10180,,
2026-06-03,L5c4VvuaU7w,17883,,
2026-06-03,LD8rxn2RFNE,4350,,
2026-06-03,LMbdAdrLzXg,4277,,
2026-06-03,LMryIj-gt9A,2050,,
2026-06-03,LNWGlnt3wF4,19007,,
2026-06-03,LRySNa5Y0No,5613,,
2026-06-03,LSGYVCqNEjc,4252,,
2026-06-03,LXW_Z8rp3bU,2223,,
2026-06-03,L_mpuGgHhfE,4568,,
2026-06-03,LadLiCQaAwQ,5187,,
2026-06-03,Lbrq5ramx-A,4542,,
2026-06-03,LdYe9MF1QMs,1936,,
2026-06-03,Li2lFki33xM,9176,,
2026-06-03,Lk6JhpGO69M,9642,,
2026-06-03,LmDOOPuqYG8,7594,,
2026-06-03,LpqnF4FROjg,363,,
2026-06-03,Lswdyl9nZtE,9510,,
2026-06-03,M61DCig7ZJY,6087,,
2026-06-03,MA41DUCQWfw,2527,,
2026-06-03,MM879hqJf1U,17393,,
2026-06-03,MOmBOx1LEJU,28780,,
2026-06-03,MRxgJpEyabo,4967,,
2026-06-03,MVWyRSiH4uQ,2595,,
2026-06-03,MWkhT5GG75k,6847,,
2026-06-03,MhZ5AKwboh0,9745,,
2026-06-03,MsxCeW9nTb0,3350,,
2026-06-03,Mtqdsr2BC_A,5580,,
2026-06-03,MvMstvlNNzQ,402,,
2026-06-03,MxDzq8aLzTo,789,,
2026-06-03,N0_ptJC7W48,3778,,
2026-06-03,N54m3zy-uzk,3431,,
2026-06-03,N6qK7AUqn54,10551,,
2026-06-03,NELsP8DaEa8,9508,,
2026-06-03,NHGisiXq7eg,7725,,
2026-06-03,NJelRHbyeWw,7446,,
2026-06-03,NRlM9dhgPTg,4344,,
2026-06-03,NWOjsRjPomI,2697,,
2026-06-03,NX-1jJ1PuxY,7741,,
2026-06-03,Nc1nItUxpQQ,8147,,
2026-06-03,Nh7jDVmtg0I,1456,,
2026-06-03,NvFqtHcCCXs,3523,,
2026-06-03,Nz2xOcIryF4,8802,,
2026-06-03,O14qr6DPo4Q,6724,,
2026-06-03,O1awyI-zPJs,14635,,
2026-06-03,OD8Jm9Yk0WY,21278,,
2026-06-03,OH7Rlrq71To,33944,,
2026-06-03,OHt_00p2dmY,5686,,
2026-06-03,OLPoLPMdW_g,2133,,
2026-06-03,OVHP92ag6d4,4137,,
2026-06-03,OYxpHMuv29k,8783,,
2026-06-03,O_7ZySSl0mk,4109,,
2026-06-03,OcgJZnE1a6o,771,,
2026-06-03,Ocp1_PPM4sI,23130,,
2026-06-03,OddgScxecfA,6892,,
2026-06-03,Om4MsEtTrnw,1450,,
2026-06-03,OsN0NNVuu7o,19780,,
2026-06-03,Ou7NGOVJ8Pc,3206,,
2026-06-03,OwK8r2uyqHU,6693,,
2026-06-03,P5dvh5HrHaE,7505,,
2026-06-03,P6a8zyHf7YY,953,,
2026-06-03,P7i-qgVG7c4,1770,,
2026-06-03,PLFNoideC9s,11596,,
2026-06-03,PM4DofLA2g0,731,,
2026-06-03,PUTrIDHNxQs,2383,,
2026-06-03,PdO8UebbbSA,1659,,
2026-06-03,PgvLUj9yWDQ,688,,
2026-06-03,Pk77G5OfECU,5046,,
2026-06-03,PkjXvpbR1q8,9114,,
2026-06-03,PmY9rmZK_oM,1903,,
2026-06-03,Pt8zI30MFm8,6890,,
2026-06-03,PtL2ZgPSF5o,14170,,
2026-06-03,Pwf2T_cntdg,20618,,
2026-06-03,PxyjUIyE5YI,15368,,
2026-06-03,Q-dHeMod7T0,7302,,
2026-06-03,Q1zf4SC-AvQ,2825,,
2026-06-03,QLdp2ZNFM_s,5302,,
2026-06-03,QUNzVqhLUBw,2633,,
2026-06-03,QVi7Ze1DEz4,5546,,
2026-06-03,QY2ox96a1zA,5890,,
2026-06-03,QeCKLvz2tIM,5709,,
2026-06-03,QhRPaWYjWYc,3960,,
2026-06-03,Qrag4Jg-veo,3858,,
2026-06-03,R1S8PFUsVWg,5435,,
2026-06-03,R4hO35nd_OI,6355,,
2026-06-03,R6Ukz91VIAY,1186,,
2026-06-03,R7utAmGPE_M,632,,
2026-06-03,RO6gVW9tdbY,1594,,
2026-06-03,ROV6ce9dkfI,4164,,
2026-06-03,RUy1hElRuUQ,4983,,
2026-06-03,RVWlgBZt6h8,4993,,
2026-06-03,RXEipSzDgtc,21916,,
2026-06-03,Rb2-RE864YY,10585,,
2026-06-03,RdvRwihvUUM,3927,,
2026-06-03,RgeVF0tu6ng,897,,
2026-06-03,RhUoPPchFBU,485,,
2026-06-03,RrVaJ5z_3mU,2959,,
2026-06-03,Rs5p0EuuTDw,9784,,
2026-06-03,Ry8PCL00Sjc,2008,,
2026-06-03,RyckAyrt7xQ,29291,,
2026-06-03,S0W7nQ2q3Kg,7359,,
2026-06-03,SB5QPpcWDXk,8548,,
2026-06-03,SCwP-bR498o,2545,,
2026-06-03,SGOEY0I_FQA,33341,,
2026-06-03,SHzg-IgnKuI,25654,,
2026-06-03,SKEcZIJKPzc,3465,,
2026-06-03,SOXoRwvxcv0,10591,,
2026-06-03,SQdrkq_hBzE,1866,,
2026-06-03,SW7PfbETFx8,2796,,
2026-06-03,SWoYNH7OMZI,1082,,
2026-06-03,SeWXiEIm9oI,1654,,
2026-06-03,Sf25ENrbQGM,997,,
2026-06-03,ShJ_j2paClA,9071,,
2026-06-03,ShkacKGq5Vk,5341,,
2026-06-03,SkukxahhmRo,6814,,
2026-06-03,Sl5Fl_vOthI,3093,,
2026-06-03,Sl5sYEh_UoU,6149,,
2026-06-03,SoVnrdQ7b_s,4735,,
2026-06-03,Sq3rkK6GhuE,245,,
2026-06-03,St5jhqEeasY,4539,,
2026-06-03,T2tuMBwhuKc,6898,,
2026-06-03,TDOWMduvE1o,3082,,
2026-06-03,TEqu2JH5dYc,901,,
2026-06-03,TMvgKj-2Z9k,1011,,
2026-06-03,TP7VDtErEvY,5387,,
2026-06-03,TS9rxa7-CXg,7112,,
2026-06-03,TV3fWx4rQh0,2308,,
2026-06-03,TWUoFcCtDhA,6507,,
2026-06-03,TXAe5nqafRY,1511,,
2026-06-03,T_jQIJSkjGo,7211,,
2026-06-03,TaY5NrLNABM,1330,,
2026-06-03,Tb4JB3eFPXw,5263,,
2026-06-03,Te57wukDp8g,4563,,
2026-06-03,TgJqTy_mCR4,7178,,
2026-06-03,Tj9CJM4ti2w,1724,,
2026-06-03,TqAy1jbJ9w8,8350,,
2026-06-03,TtCijTAgvPc,5024,,
2026-06-03,TvvDTvo-L74,7684,,
2026-06-03,TwfHRcdWHRg,4132,,
2026-06-03,U4zBHwf2MTw,1700,,
2026-06-03,U9sNqbVd1L8,4085,,
2026-06-03,UCaZFYzYm9k,6449,,
2026-06-03,UHGfFw-ZT98,3768,,
2026-06-03,UJOAvX_FD7o,249,,
2026-06-03,UKzsE2t00Jw,410,,
2026-06-03,UOOBf83nIco,36700,,
2026-06-03,UQIBN4D_qIs,2659,,
2026-06-03,UUUH5xnM-Mc,5977,,
2026-06-03,UVdc7kYPJEs,1063,,
2026-06-03,UVkQsLv7n2s,2198,,
2026-06-03,UZ3583GSSOo,3946,,
2026-06-03,UhuJQBAZv84,10224,,
2026-06-03,UiD0-skn904,812,,
2026-06-03,Ulotto-Re6w,4367,,
2026-06-03,UqLF2eIaDxg,7803,,
2026-06-03,UxyCkiufJyg,3295,,
2026-06-03,V1jmHGrVs_k,8736,,
2026-06-03,V2d8qoEGyEU,231,,
2026-06-03,V3IHs2DwX0U,697,,
2026-06-03,V3nsGV2yOV8,2285,,
2026-06-03,V50CUypS7UM,2935,,
2026-06-03,V6AOpDTpCO4,4931,,
2026-06-03,V6Lm17-mfxA,4391,,
2026-06-03,V6d2Dc1l7BA,7152,,
2026-06-03,VKJLsmW95wc,3719,,
2026-06-03,VKMMVQtaDrM,11416,,
2026-06-03,VLJJ9zvdj2Y,4975,,
2026-06-03,VTOl1gAKo44,3168,,
2026-06-03,VTszds8Y7rU,7970,,
2026-06-03,Vb5gSRAHXCA,3864,,
2026-06-03,VlgtaUj_dho,4024,,
2026-06-03,VoU-7YGmoo0,1851,,
2026-06-03,VvVtNiE0bjA,3977,,
2026-06-03,VwTMGmXxghU,18619,,
2026-06-03,W3I8gwLv0Ro,2896,,
2026-06-03,W6U3fBgQoVg,1971,,
2026-06-03,WD7EzA2sbnI,2102,,
2026-06-03,WIP6ZDjQmww,9495,,
2026-06-03,WKMTSCW51fI,5206,,
2026-06-03,WNFEf_ZwNFw,434,,
2026-06-03,WNhZUBZ8tUc,43690,,
2026-06-03,WUchEyRFIxw,3766,,
2026-06-03,WWIB8ZW1i6w,2903,,
2026-06-03,WYGsRorORyI,16329,,
2026-06-03,WjgW6u9Tde8,2005,,
2026-06-03,Wu4lafiHjh0,7317,,
2026-06-03,WvVMuiXrqcI,7408,,
2026-06-03,X22UHszz5Dg,4419,,
2026-06-03,X5L0LaarTLg,10469,,
2026-06-03,XAQ_GYsV52A,9986,,
2026-06-03,XEqxbZoaqUw,5148,,
2026-06-03,XIhM9oLObuU,2490,,
2026-06-03,XVwO4OvjwI4,2419,,
2026-06-03,XWSWCP3TBrc,2829,,
2026-06-03,Xm4ScqSNV10,4423,,
2026-06-03,XsCgtUDrxck,2151,,
2026-06-03,Y66yYblAsq8,1856,,
2026-06-03,Y7Rm_Bmu-K0,37277,,
2026-06-03,Y8YjZOGrhJI,3855,,
2026-06-03,YA85ddRTnus,4951,,
2026-06-03,YA_LFvsyLoU,2252,,
2026-06-03,YBMZINlORaw,5892,,
2026-06-03,YDlHWsYd23o,4311,,
2026-06-03,YDmxUb_oNLI,2736,,
2026-06-03,YFjQz7FijWM,15037,,
2026-06-03,YOe2PL-1gT0,671,,
2026-06-03,YXqYOapYqYc,7598,,
2026-06-03,Y_mkJt3oY_k,3525,,
2026-06-03,YiKIKU-5KpY,0,,
2026-06-03,YpCAi9ofhjs,4314,,
2026-06-03,YpMxtemC5y8,4793,,
2026-06-03,YqZzdPYfnso,3594,,
2026-06-03,Ytbx-7bzEGc,4277,,
2026-06-03,Z-s3rXFeosc,6566,,
2026-06-03,Z12fVM_cnaI,10473,,
2026-06-03,Z2njQkTQDKY,5151,,
2026-06-03,Z9Jjrb6xQeo,3537,,
2026-06-03,ZA_G9BP9HLY,484,,
2026-06-03,ZE2dghmFE8Y,22423,,
2026-06-03,ZE3jHXXiSBY,9173,,
2026-06-03,ZE9ENcHPRr8,23955,,
2026-06-03,ZG72S1_wBC0,4957,,
2026-06-03,ZY_oCjE95Ss,393,,
2026-06-03,ZZBZkqJqvu8,10902,,
2026-06-03,Z_REKs508KY,6568,,
2026-06-03,ZaksbmqvxNM,8234,,
2026-06-03,ZcdQLCEyjjU,8503,,
2026-06-03,ZfQ7oKzL-Pw,12381,,
2026-06-03,ZgN1aMmXELI,4759,,
2026-06-03,Zq-NFi8kxlo,48332,,
2026-06-03,ZrqtNoiNSdw,4737,,
2026-06-03,ZsIml_y5qU4,145,,
2026-06-03,ZtUTR0E7VPY,45062,,
2026-06-03,ZvUISEnjqbQ,5296,,
2026-06-03,ZzYTRvOWH1I,4358,,
2026-06-03,_3MWGJ7MUTA,2801,,
2026-06-03,_8p1UyvwmhI,3814,,
2026-06-03,_9BI3P-OH84,1713,,
2026-06-03,_ALc4VJkpjA,11871,,
2026-06-03,_BvUrcl5tls,3140,,
2026-06-03,_EZK5vA1EX0,5082,,
2026-06-03,_FzLqe9KziY,2476,,
2026-06-03,_Jlf2Q0xGZ8,5739,,
2026-06-03,_LzDM8xt_dA,7756,,
2026-06-03,_NHlgOF-WU0,405,,
2026-06-03,_OsQEaApgwY,2518,,
2026-06-03,_UWA2fCxRHI,3708,,
2026-06-03,_auL36M33Aw,2593,,
2026-06-03,_eLkGBx1XiE,1058,,
2026-06-03,_fcTS5NosDs,1560,,
2026-06-03,_r9bm8JLsKc,3289,,
2026-06-03,_wWswU9t8HU,212,,
2026-06-03,_xEjpsA_iVg,2024,,
2026-06-03,_zVLb3rpe5I,6057,,
2026-06-03,_zuQYhMwTgs,5481,,
2026-06-03,a2L6AbyANjw,13191,,
2026-06-03,a2n31BGGWFI,4121,,
2026-06-03,a65XoIF7K7Y,7822,,
2026-06-03,a6qWlOZtG3E,2130,,
2026-06-03,a8g5MvFPwxo,6078,,
2026-06-03,aD-WkrzMJrk,2291,,
2026-06-03,aDDnbn7KVls,12531,,
2026-06-03,aIcW25HaFsI,5038,,
2026-06-03,aMG8tqZ6bW0,2878,,
2026-06-03,aOOR5vp4Kl0,3601,,
2026-06-03,aQF7qqm1iHE,2379,,
2026-06-03,aYgFb-fiwxA,11654,,
2026-06-03,acvpoQwncqI,3037,,
2026-06-03,ad5pxORFPfk,2441,,
2026-06-03,adsB3sGIcVQ,5615,,
2026-06-03,afLeJEbZs2k,6382,,
2026-06-03,ahyTF-4Agkg,982,,
2026-06-03,akC-r5hlDkc,2141,,
2026-06-03,aoh738yJBRA,6335,,
2026-06-03,aqbo0yu_l6g,15759,,
2026-06-03,ar-bXQYvUhs,2431,,
2026-06-03,ath0o3oOJCs,6280,,
2026-06-03,b4fNiXZPqRQ,10037,,
2026-06-03,bHJfRtPpY6E,1648,,
2026-06-03,bHuv7kKqe-A,8175,,
2026-06-03,bJHikj8skz4,2967,,
2026-06-03,bQaZqs74i2Y,5254,,
2026-06-03,bT7qGpnOpo4,4738,,
2026-06-03,b_Obp5cBRZk,5507,,
2026-06-03,bi3ZAQbw8EI,1861,,
2026-06-03,bqTNuZQOziA,9947,,
2026-06-03,bqf0zywB-Wo,11713,,
2026-06-03,c2ket6Qczzw,1468,,
2026-06-03,c3rRnSi93Lw,8695,,
2026-06-03,c6WqvHRlRkc,4333,,
2026-06-03,c9CotszUwYQ,2349,,
2026-06-03,cFn-fD2GmYU,2538,,
2026-06-03,cJwXjAKA0-k,5235,,
2026-06-03,cR199eKHJ4k,343,,
2026-06-03,cWyP2mrcwdM,764,,
2026-06-03,ccZaP6LEaLI,7728,,
2026-06-03,cevjHgZRbrg,292,,
2026-06-03,cfGpIvLPcPw,4921,,
2026-06-03,cga1y52KSCk,2969,,
2026-06-03,cjpnhsKzs1Q,2820,,
2026-06-03,coqZMUFd2C0,35235,,
2026-06-03,cpd3lbm5tL8,3527,,
2026-06-03,cqPVe0nQ1A0,5149,,
2026-06-03,cuZsMnQlDQU,13501,,
2026-06-03,d-msiY5zz5A,3075,,
2026-06-03,d-zJskCnHpI,3079,,
2026-06-03,d09nbbfOIA8,5071,,
2026-06-03,dFH36q7iWiU,241,,
2026-06-03,dHJbG72Itp8,15542,,
2026-06-03,dIqUY3R2_3A,7918,,
2026-06-03,dSmFHbtrZ7g,17456,,
2026-06-03,dURDUSYCm68,15101,,
2026-06-03,dWatNWKO9uk,3515,,
2026-06-03,de7gpeHMS1Q,381,,
2026-06-03,dgkZoy66esM,5278,,
2026-06-03,dijHVnTV0aM,6137,,
2026-06-03,dl3KzRCU-aQ,6538,,
2026-06-03,dlABqtYhbMk,6043,,
2026-06-03,dmbvfKzFSLo,3018,,
2026-06-03,dn-xSg_FT0A,17226,,
2026-06-03,dnI29M9CE44,3843,,
2026-06-03,dnUUMRDbasE,1868,,
2026-06-03,dp7vq7hweXs,1920,,
2026-06-03,dtdf5AeXwB8,418,,
2026-06-03,dtoZraGBx54,15156,,
2026-06-03,dv-40oFi5ak,6330,,
2026-06-03,dx9Qe_629yE,8696,,
2026-06-03,e061vqWD0lQ,1001,,
2026-06-03,e6iHP-UMZnk,5222,,
2026-06-03,e83i1spluHo,6366,,
2026-06-03,eGnLjzejgI4,2984,,
2026-06-03,eK7uM-EeLIk,7659,,
2026-06-03,eLcRSVAncfc,1333,,
2026-06-03,eLhCLA0Jndo,2207,,
2026-06-03,eM2S4pWeczs,147243,,
2026-06-03,eOxOgo6VNzQ,3573,,
2026-06-03,eUkmg5xOC7c,2328,,
2026-06-03,eYY-goMG0N0,4341,,
2026-06-03,ebpANnTL0zw,13123,,
2026-06-03,ecutxRcKQ6I,6420,,
2026-06-03,enR1CfAS5zo,2043,,
2026-06-03,ensnUIxTUHE,13966,,
2026-06-03,er-8YWX70rk,11872,,
2026-06-03,etbk0Z69oDs,811,,
2026-06-03,eu92DDq5snw,5511,,
2026-06-03,eymQ0rXs7d8,6145,,
2026-06-03,f-aH0vpaoyo,9944,,
2026-06-03,f1eFQJocAow,7292,,
2026-06-03,f7yvLMqdMJo,4107,,
2026-06-03,f8fN8Uqbb8s,6063,,
2026-06-03,fFdiFTfeCwE,6131,,
2026-06-03,fFgFYRumrDU,11007,,
2026-06-03,fG1-74pj6A4,15882,,
2026-06-03,fHYBRGdrXo0,1945,,
2026-06-03,fIo8SE2ky98,2958,,
2026-06-03,fKvvShsdaWU,18748,,
2026-06-03,fMmn4SMuSdE,4656,,
2026-06-03,fQwyeIriRx8,8267,,
2026-06-03,fZ7RRiEw54E,6281,,
2026-06-03,fbZea8wkoe8,9693,,
2026-06-03,ff5ZGdHsgIA,1093,,
2026-06-03,fg72xV_ZX8g,783,,
2026-06-03,fj2SC2FA324,2021,,
2026-06-03,flJTAxtk67w,11087,,
2026-06-03,flbyvShpL18,4882,,
2026-06-03,fsI10W24Ya8,7976,,
2026-06-03,gAPX20Ja0zk,2632,,
2026-06-03,gAlQprevPh0,2282,,
2026-06-03,gENAeokhMHI,3977,,
2026-06-03,gK1VHYEXt_0,223,,
2026-06-03,gNEGNjVWO0Q,2840,,
2026-06-03,gVj7YvOUjfc,1031,,
2026-06-03,gWdtuyZNxeQ,11065,,
2026-06-03,gXT5p-IBNMg,6020,,
2026-06-03,goQs8La8e94,28597,,
2026-06-03,gpKioDijRD4,1521,,
2026-06-03,gtGmlmLZ3Ps,1212,,
2026-06-03,gy_rDsWx8_4,4899,,
2026-06-03,h1qNF-YaHX8,4844,,
2026-06-03,hBhD4lpfrvw,4134,,
2026-06-03,hBqhV23fZnE,3928,,
2026-06-03,hD4BjVn9YXw,4456,,
2026-06-03,hRgIER_2tZg,1184,,
2026-06-03,hSuSN9-UZUY,14889,,
2026-06-03,hUQqvZGsp6A,3470,,
2026-06-03,hVMJN3o6-5g,10741,,
2026-06-03,hX5lVJXMurI,6311,,
2026-06-03,h_v3GcIgbvM,18809,,
2026-06-03,hhwrtf3g0yY,4651,,
2026-06-03,hnnt5l96vVE,3513,,
2026-06-03,hrA_TspDTyM,2727,,
2026-06-03,hsiq1QlJqCs,36975,,
2026-06-03,htuK8cgwC-E,2569,,
2026-06-03,hwX4Jil8AFY,2221,,
2026-06-03,hy7L_a8J9z4,6044,,
2026-06-03,hyisCTgnS0g,805,,
2026-06-03,i4tThjQW98w,1476,,
2026-06-03,i5Ufb0FYkDM,2833,,
2026-06-03,i6kooD4epJ0,9455,,
2026-06-03,iCV7kvzQ_bA,18960,,
2026-06-03,iCrYuW2ixu8,2162,,
2026-06-03,iEHsfr9bvpg,11945,,
2026-06-03,iFu9J3h8RBY,8075,,
2026-06-03,iHt3VLuizj4,3645,,
2026-06-03,iKMz8ICRe8I,20268,,
2026-06-03,iNIxuEi7V54,2216,,
2026-06-03,iRyAJEXB_hE,3180,,
2026-06-03,iY0az_GdCiI,5216,,
2026-06-03,iYHt1pdScK0,201740,,
2026-06-03,i_bfUG57Je8,10555,,
2026-06-03,ipf-y1PaGBg,3711,,
2026-06-03,iuZ57o6ph1A,2409,,
2026-06-03,ixG3RWG-Xdw,10467,,
2026-06-03,j3BrzaBGJqY,3124,,
2026-06-03,j50kYrWuR6U,1322,,
2026-06-03,j9lMyW5Emo0,7289,,
2026-06-03,jBZnliX8R7M,5263,,
2026-06-03,jCGuQ1T3kUE,11048,,
2026-06-03,jQiLi6ev9zM,4909,,
2026-06-03,jTEvYjhQKTM,3488,,
2026-06-03,jV8i3ErC3MA,10236,,
2026-06-03,jdAA_65-h0E,16758,,
2026-06-03,jfEMLlPzKEU,7863,,
2026-06-03,jgfWTFUl_58,1422,,
2026-06-03,jh22fly0d-k,5179,,
2026-06-03,jlV4MmBxgPI,13200,,
2026-06-03,jrnfWiLWFJw,381,,
2026-06-03,k1SjNJaOJcA,6987,,
2026-06-03,k3yhL30Kpnw,1607,,
2026-06-03,k4GBTLOy9aE,11078,,
2026-06-03,k73d1z4sXCE,2538,,
2026-06-03,kCTe19NTny4,2076,,
2026-06-03,kCcXFPN8bK0,2689,,
2026-06-03,kETEBzJrtSA,7286,,
2026-06-03,kFWumpkL5yI,3267,,
2026-06-03,kO5VQOB3sxI,6258,,
2026-06-03,kSbp6GNfK7Y,4422,,
2026-06-03,kUDZK_9QPtA,14088,,
2026-06-03,kYmLSudfROM,5632,,
2026-06-03,kb2G7jcB3Ls,4272,,
2026-06-03,keYeekasjI8,19810,,
2026-06-03,kjl_jo_1HTg,2454,,
2026-06-03,ko82nHa36U4,8651,,
2026-06-03,kpcxQ1XCrq8,252,,
2026-06-03,kr9WECLcJWU,3707,,
2026-06-03,ktZgSqvfl8o,451,,
2026-06-03,kuoLAhyeaJQ,3934,,
2026-06-03,kzApFdb-KEs,776,,
2026-06-03,kzQhIJnlTsI,95687,,
2026-06-03,l4OOeF2yo9Y,3770,,
2026-06-03,lADjNtrJtIo,3106,,
2026-06-03,lCTSpZlGMb4,3677,,
2026-06-03,lN4Nv7R4sBI,10258,,
2026-06-03,lOciy5N92Lg,1560,,
2026-06-03,lOomWUxwNlQ,4430,,
2026-06-03,lSkunEYX5Go,1728,,
2026-06-03,lTCDfNnY4u8,5706,,
2026-06-03,lZj5qfUurLw,3998,,
2026-06-03,lZm2ZwjEy38,2971,,
2026-06-03,lgNWcFP2Ltg,12124,,
2026-06-03,lr1GJQXbj4c,1951,,
2026-06-03,lvOd4uyJkFE,30635,,
2026-06-03,lvtS_HSjXUA,10312,,
2026-06-03,m1gcxwLGPos,5656,,
2026-06-03,m6233lu5J9Q,11594,,
2026-06-03,m9q3qhKxbk4,2451,,
2026-06-03,mDDcQa5yCfI,20578,,
2026-06-03,mHE2XXExu7Q,1251,,
2026-06-03,mHSNcvaQ8YU,1017,,
2026-06-03,mM4k2pf-l9E,6014,,
2026-06-03,mNKdQ1YwHPc,2874,,
2026-06-03,mOqGGh-ot08,8223,,
2026-06-03,m_vvvpnOHfw,406,,
2026-06-03,mhXS2cpJlRo,1950,,
2026-06-03,mkJ-QgvLtyk,12185,,
2026-06-03,mnu4iJG72y8,5468,,
2026-06-03,n5WXv528CII,17699,,
2026-06-03,n93OGgP941o,2344,,
2026-06-03,n9XvIj6hOjc,2132,,
2026-06-03,nDLFzy9hIow,9647,,
2026-06-03,nF0VXXPcAh4,3028,,
2026-06-03,nMQCA_C9zoQ,101706,,
2026-06-03,nPV7ftm2WSg,2176,,
2026-06-03,nRTuARH-N9A,639,,
2026-06-03,nZ-Yf21ufww,9475,,
2026-06-03,n_8ek8wvHc8,5478,,
2026-06-03,nbqcaybmEe8,11580,,
2026-06-03,neQ91eM5hw4,21179,,
2026-06-03,nuEwWBGiQ4c,3839,,
2026-06-03,nwbp-b7PO4g,7222,,
2026-06-03,nxJqaJgDQIE,4288,,
2026-06-03,nyHN_s3QpkY,6963,,
2026-06-03,o0dULDtKQ-8,9933,,
2026-06-03,o4tmiD22BLI,18350,,
2026-06-03,oCAyG5S7cIw,10309,,
2026-06-03,oDeAAnpEEXU,1924,,
2026-06-03,oKTvQ7d9gYw,27149,,
2026-06-03,oPCHIAxcTHw,37489,,
2026-06-03,oRXt4EmUmKk,4247,,
2026-06-03,oUdstwXRu2c,2774,,
2026-06-03,oZh7YlRGlqA,5094,,
2026-06-03,oZjiL501lAY,1413,,
2026-06-03,o_FRQ02nigQ,5528,,
2026-06-03,ofwkfFci1iI,3332,,
2026-06-03,ol2a1T0BgrM,4388,,
2026-06-03,ol_M2L_mjBI,2606,,
2026-06-03,onlJoxwtQec,1372,,
2026-06-03,oo0K4ydn4rw,5968,,
2026-06-03,p-Ig77st4KY,7292,,
2026-06-03,p23Rm9i_EIg,6404,,
2026-06-03,p6uuiKju1Gc,4273,,
2026-06-03,p8GqOFBpR5w,4750,,
2026-06-03,p8ZK2nre57U,3779,,
2026-06-03,pC_lpEworvo,1025,,
2026-06-03,pGUjxBQqY5E,3999,,
2026-06-03,pKvwesJ8-t0,8726,,
2026-06-03,pRB23hC8dZY,3111,,
2026-06-03,pTqxjQV_PYU,8598,,
2026-06-03,pUPzkqLt5WM,4559,,
2026-06-03,pWY2T3MqfCw,3429,,
2026-06-03,pdIXWsxp0_g,3777,,
2026-06-03,pj41DZonKFU,5196,,
2026-06-03,pms2oKZcuqo,3407,,
2026-06-03,ptv9GRoEKs0,3703,,
2026-06-03,pyuB406DLuo,11373,,
2026-06-03,pzLWWa96_lE,5867,,
2026-06-03,q4mgxHWrmLM,6368,,
2026-06-03,q52xE5uCNT0,11544,,
2026-06-03,qIxGLqP2ZBA,3306,,
2026-06-03,qJ6pJMN4eiA,2634,,
2026-06-03,qMz0UbGJq4Y,6727,,
2026-06-03,qZi9yeRBf94,3745,,
2026-06-03,q_TknmNwvqA,5978,,
2026-06-03,qabDQ1ebZbQ,5878,,
2026-06-03,qbXC7hLKuGM,260,,
2026-06-03,qd6gmV0qrrk,14263,,
2026-06-03,qiI-rwVGiYQ,1973,,
2026-06-03,qkMCHJ28vsI,2303,,
2026-06-03,qmcbY6Sr_mw,3026,,
2026-06-03,qqQxwunPfLo,5153,,
2026-06-03,qzy12XbaJQ4,1498,,
2026-06-03,r0ZddKvFa9w,7592,,
2026-06-03,r3P6BU0gEVU,7441,,
2026-06-03,r4YE2Zghgbc,2827,,
2026-06-03,rAxPIoC8bB4,12462,,
2026-06-03,rJ6YCE4gWS0,1628,,
2026-06-03,rJeHPb9VWP4,2352,,
2026-06-03,rLZUcW0DBTM,9761,,
2026-06-03,rLfvnvBj8Ls,4736,,
2026-06-03,rR2A9ezT_gg,16324,,
2026-06-03,rULrrI9GfWU,1326,,
2026-06-03,rV23IXWdDOY,17069,,
2026-06-03,rVEh3PGiggk,372,,
2026-06-03,r_lWb2SpHO4,10258,,
2026-06-03,rckZ2uBOGYs,4265,,
2026-06-03,rixzhpBKdfg,2580,,
2026-06-03,rlnx986Qxkc,12801,,
2026-06-03,rojYn7h_-U4,2239,,
2026-06-03,rqcOPT_Dg7A,7080,,
2026-06-03,ruxKM1qX0Dc,11338,,
2026-06-03,rzIPT2DPtvA,5625,,
2026-06-03,s2GjWfPbh9I,1951,,
2026-06-03,sHQg97i_Hp0,155,,
2026-06-03,sO1rprIWDas,4241,,
2026-06-03,sQH3xPVic6Y,3877,,
2026-06-03,sVwAWTxKDJ0,7782,,
2026-06-03,sXRGp_ttFI4,7042,,
2026-06-03,sZhgf8PQ5gc,8546,,
2026-06-03,scIFhQSvvlE,2723,,
2026-06-03,scM9aI9kTus,4869,,
2026-06-03,skABNIsQ3fA,12442,,
2026-06-03,sl11WONqgaQ,3158,,
2026-06-03,smATVd6dk-k,13925,,
2026-06-03,sqx6twZgR-k,3886,,
2026-06-03,ssIA_N2u50Y,7187,,
2026-06-03,syPu5HdMT4k,1016,,
2026-06-03,t01TItG_UAQ,594,,
2026-06-03,t1UIIjuMirY,8766,,
2026-06-03,t1kj63890o8,3462,,
2026-06-03,t3G_N5DO6us,6167,,
2026-06-03,t4gVVdxtNWE,8600,,
2026-06-03,tGsk0H21JgE,2131,,
2026-06-03,t_RBOUZAqGw,4443,,
2026-06-03,tcomjtcMjLE,1105,,
2026-06-03,tdc-zfxIlEY,31847,,
2026-06-03,tiDCtcHjdQU,7057,,
2026-06-03,trS0kTq6Tk8,1649,,
2026-06-03,txSX7-1XQOE,2643,,
2026-06-03,tyRJESdSDm4,14533,,
2026-06-03,tz7n--I4rDU,1479,,
2026-06-03,u00LAYagwGo,4464,,
2026-06-03,u4e1ijV4iRQ,5270,,
2026-06-03,u7xKzLuKt5I,17627,,
2026-06-03,uXbngiOXOD0,10251,,
2026-06-03,ub9JNL8EhJ4,1467,,
2026-06-03,uk5ADKNqHoc,1435,,
2026-06-03,ul9Sw7brukY,1558,,
2026-06-03,umNEJg2sj50,966,,
2026-06-03,un8Mt5f-mUE,10566,,
2026-06-03,usRrwR8CUb8,8924,,
2026-06-03,uxxwN68AJHE,5438,,
2026-06-03,v-ylvHTi_Mc,3354,,
2026-06-03,v0kp6W42yf4,2898,,
2026-06-03,v1J7bERLirA,3220,,
2026-06-03,v9INdKeBJEI,41569,,
2026-06-03,vDzWHTMsp_Y,1723,,
2026-06-03,vHvpM9nSO3Q,4037,,
2026-06-03,vIAhcX4SppA,3184,,
2026-06-03,vKYW7MTBAFg,10035,,
2026-06-03,vM5V9hoDKnQ,8904,,
2026-06-03,vQI78T3g4Gg,6100,,
2026-06-03,vUEmbLAxZ0Y,1099,,
2026-06-03,vWTTG9XlMoY,13089,,
2026-06-03,v_JJzLJ0eRw,4735,,
2026-06-03,vmSPrsKC8i8,48956,,
2026-06-03,vqsoh8y6xa8,5457,,
2026-06-03,vuvK_DUcqCk,7624,,
2026-06-03,vy88MX2ss_g,7325,,
2026-06-03,vyg196YvsgE,1023,,
2026-06-03,w3HciqK70s4,1641,,
2026-06-03,w68xGF_YIgU,24658,,
2026-06-03,w6b2AkddE8Y,2640,,
2026-06-03,w9kpcvkWngA,6544,,
2026-06-03,wBWXzI7uJYo,3681,,
2026-06-03,wGDSdaXZj00,44597,,
2026-06-03,wHcblaGXua8,9938,,
2026-06-03,wLB8pR4uME0,2699,,
2026-06-03,wSEMUoR4FS4,1492,,
2026-06-03,wSnq-Unha34,136365,,
2026-06-03,wX47G7oi_Z4,1959,,
2026-06-03,wg1R2_G_LEc,6062,,
2026-06-03,wnahjxPk5rk,2288,,
2026-06-03,wpHm4ARAChc,20790,,
2026-06-03,wpWCpGTZE2A,1893,,
2026-06-03,wuZgRtutoHQ,8165,,
2026-06-03,wutJAXwvMqo,9057,,
2026-06-03,wwtaQ_PNx1M,2961,,
2026-06-03,wxWz6zDC2wo,1478,,
2026-06-03,wzSn1b5XXtk,1865,,
2026-06-03,x3gjYoDR5tA,2625,,
2026-06-03,x5fPiJUOMk0,3861,,
2026-06-03,xMbY5fkmK0A,3505,,
2026-06-03,xQKEy65zAso,64167,,
2026-06-03,xTpYdSgeWPc,1179,,
2026-06-03,xZIOdejjTlg,2829,,
2026-06-03,x_KffjhARa0,2787,,
2026-06-03,xe6w3VmUf5I,6036,,
2026-06-03,xs2J2KW1q8Q,8428,,
2026-06-03,xvdkNKQAbJ8,1817,,
2026-06-03,xwLoo8ThKHI,857,,
2026-06-03,xxC2s5JBYZM,332,,
2026-06-03,xya7ZlFJ-x8,2258,,
2026-06-03,y3rXMXG_UF8,3625,,
2026-06-03,y4Yqheg9DuY,15231,,
2026-06-03,y6T5kX1L0aw,1627,,
2026-06-03,y76fsYJCAO0,1636,,
2026-06-03,y8mTWAs2PPw,3166,,
2026-06-03,yF9W5KZ4lfs,6501,,
2026-06-03,yGc4NnBE6nY,4904,,
2026-06-03,yKCrM_XkKaY,15204,,
2026-06-03,yKIM1UxtbpU,2026,,
2026-06-03,yPh9jEw5_Lw,2792,,
2026-06-03,ySg8CEjxwwo,5776,,
2026-06-03,yUQ4NYv_io0,3322,,
2026-06-03,yXWhKEoL3QU,3948,,
2026-06-03,yeBCQurwTAM,3907,,
2026-06-03,yo-Wdxc6ng0,3499,,
2026-06-03,yrJ1mvA6eIM,9985,,
2026-06-03,yrcwoFLtS5Y,7351,,
2026-06-03,ytt9pEb78FA,4967,,
2026-06-03,z-n_vz4gFRw,14138,,
2026-06-03,z0A-aCcVXSA,3079,,
2026-06-03,z2SU31i7Uo4,9187,,
2026-06-03,z8MJYHsQh5c,16381,,
2026-06-03,zCk1p-hPBCs,156,,
2026-06-03,zDtacZ_qT0Y,11942,,
2026-06-03,zI6L_SkYqkU,1241,,
2026-06-03,zLgpLCYCbyA,2525,,
2026-06-03,zSvZdF7CBjU,6182,,
2026-06-03,zVMIZRDSvCc,1740,,
2026-06-03,zceKtRTdgSo,12441,,
2026-06-03,zjYgzIlRmOk,7003,,
2026-06-03,zksWnpcM05I,4189,,
2026-06-03,zpX-Xs1a9MY,3126,,
2026-06-03,zrRTPvOBEnU,2817,,
2026-06-03,zsRQcswYx8w,2820,,
2026-06-03,zsYZHcSRvB8,25239,,
2026-06-03,zsaXdCEuYsY,2249,,
2026-06-03,zufjmNpcSlg,1606,,
2026-06-03,zvjhIylspTc,10126,,
2026-06-03,zx1Xu1eI_UM,1911,,
2026-06-03,zxwGfKCo6as,4759,,
2026-06-03,zyY2aRVZMp4,1255,,
2026-06-03,zzWIE6Sg_E0,22141,,
2026-06-04,3A0Gwb7nmw8,2620,,
2026-06-04,5b4RSDrkc8I,4523,,
2026-06-04,Ati51CQqpKY,5609,,
2026-06-04,F5WCr1Md6mk,733,,
2026-06-04,KNwEQXDv5XM,8215,,
2026-06-04,Kh_0ICA5cfg,5663,,
2026-06-04,MOmBOx1LEJU,29036,,
2026-06-04,PmY9rmZK_oM,1905,,
2026-06-04,SoVnrdQ7b_s,4744,,
2026-06-04,U9sNqbVd1L8,4094,,
2026-06-04,UVkQsLv7n2s,2202,,
2026-06-04,UxyCkiufJyg,3300,,
2026-06-04,WUchEyRFIxw,3773,,
2026-06-04,_ALc4VJkpjA,11918,,
2026-06-04,ccZaP6LEaLI,7796,,
2026-06-04,f1eFQJocAow,7298,,
2026-06-04,gAlQprevPh0,2339,,
2026-06-04,iY0az_GdCiI,5235,,
2026-06-04,mOqGGh-ot08,8925,,
2026-06-04,p-Ig77st4KY,7325,,
2026-06-04,pTqxjQV_PYU,8613,,
2026-06-04,pj41DZonKFU,5209,,
2026-06-04,sl11WONqgaQ,3170,,
2026-06-04,xZIOdejjTlg,2832,,
2026-06-04,yeBCQurwTAM,3910,,
2026-06-04,zx1Xu1eI_UM,1922,,
2026-06-05,-Fkj0aK2dO8,5583,,
2026-06-05,3A0Gwb7nmw8,2626,,
2026-06-05,5b4RSDrkc8I,4526,,
2026-06-05,7sRKccOoPbY,8729,,
2026-06-05,Ati51CQqpKY,5614,,
2026-06-05,F5WCr1Md6mk,1206,,
2026-06-05,KNwEQXDv5XM,8221,,
2026-06-05,Kh_0ICA5cfg,5673,,
2026-06-05,MOmBOx1LEJU,29302,,
2026-06-05,PmY9rmZK_oM,1907,,
2026-06-05,QQh0twun7tg,46255,,
2026-06-05,SoVnrdQ7b_s,4752,,
2026-06-05,U9sNqbVd1L8,4102,,
2026-06-05,UVkQsLv7n2s,2207,,
2026-06-05,UxyCkiufJyg,3303,,
2026-06-05,WUchEyRFIxw,3779,,
2026-06-05,_ALc4VJkpjA,11958,,
2026-06-05,cMFi9XkhDDQ,2566,,
2026-06-05,ccZaP6LEaLI,7870,,
2026-06-05,eokbRB_Y2CU,4329,,
2026-06-05,f1eFQJocAow,7305,,
2026-06-05,gAlQprevPh0,2381,,
2026-06-05,iY0az_GdCiI,5250,,
2026-06-05,mOqGGh-ot08,9409,,
2026-06-05,p-Ig77st4KY,7356,,
2026-06-05,pTqxjQV_PYU,8635,,
2026-06-05,pj41DZonKFU,5222,,
2026-06-05,sl11WONqgaQ,3186,,
2026-06-05,xZIOdejjTlg,2838,,
2026-06-05,yeBCQurwTAM,3911,,
2026-06-05,zx1Xu1eI_UM,1929,,
2026-06-06,3A0Gwb7nmw8,2630,,
2026-06-06,5b4RSDrkc8I,4529,,
2026-06-06,Ati51CQqpKY,5617,,
2026-06-06,F5WCr1Md6mk,1428,,
2026-06-06,KNwEQXDv5XM,8229,,
2026-06-06,Kh_0ICA5cfg,5684,,
2026-06-06,MOmBOx1LEJU,29664,,
2026-06-06,PmY9rmZK_oM,1912,,
2026-06-06,SoVnrdQ7b_s,4756,,
2026-06-06,U9sNqbVd1L8,4106,,
2026-06-06,UVkQsLv7n2s,2212,,
2026-06-06,UxyCkiufJyg,3306,,
2026-06-06,WUchEyRFIxw,3781,,
2026-06-06,_ALc4VJkpjA,11982,,
2026-06-06,ccZaP6LEaLI,7943,,
2026-06-06,f1eFQJocAow,7310,,
2026-06-06,gAlQprevPh0,2421,,
2026-06-06,iY0az_GdCiI,5270,,
2026-06-06,mOqGGh-ot08,9850,,
2026-06-06,p-Ig77st4KY,7388,,
2026-06-06,pj41DZonKFU,5231,,
2026-06-06,sl11WONqgaQ,3199,,
2026-06-06,xZIOdejjTlg,2841,,
2026-06-06,yeBCQurwTAM,3913,,
2026-06-06,zx1Xu1eI_UM,1936,,
2026-06-07,3A0Gwb7nmw8,2637,,
2026-06-07,5b4RSDrkc8I,4530,,
2026-06-07,Ati51CQqpKY,5623,,
2026-06-07,F5WCr1Md6mk,1602,,
2026-06-07,KNwEQXDv5XM,8242,,
2026-06-07,Kh_0ICA5cfg,5696,,
2026-06-07,MOmBOx1LEJU,29934,,
2026-06-07,PmY9rmZK_oM,1915,,
2026-06-07,SoVnrdQ7b_s,4763,,
2026-06-07,U9sNqbVd1L8,4109,,
2026-06-07,UVkQsLv7n2s,2215,,
2026-06-07,UxyCkiufJyg,3306,,
2026-06-07,WUchEyRFIxw,3782,,
2026-06-07,_ALc4VJkpjA,12026,,
2026-06-07,ccZaP6LEaLI,8017,,
2026-06-07,f1eFQJocAow,7316,,
2026-06-07,gAlQprevPh0,2446,,
2026-06-07,iY0az_GdCiI,5293,,
2026-06-07,mOqGGh-ot08,10275,,
2026-06-07,p-Ig77st4KY,7411,,
2026-06-07,pj41DZonKFU,5239,,
2026-06-07,sl11WONqgaQ,3211,,
2026-06-07,xZIOdejjTlg,2848,,
2026-06-07,yeBCQurwTAM,3918,,
2026-06-07,zx1Xu1eI_UM,1945,,
2026-06-08,3A0Gwb7nmw8,2648,,
2026-06-08,5b4RSDrkc8I,4535,,
2026-06-08,Ati51CQqpKY,5631,,
2026-06-08,ClAz_Etby1k,3545,,
2026-06-08,F5WCr1Md6mk,1695,,
2026-06-08,KNwEQXDv5XM,8250,,
2026-06-08,Kh_0ICA5cfg,5710,,
2026-06-08,MOmBOx1LEJU,30224,,
2026-06-08,N9CZswDtnCA,3401,,
2026-06-08,Nhb3_wu7Ddk,13517,,
2026-06-08,PmY9rmZK_oM,1920,,
2026-06-08,SoVnrdQ7b_s,4776,,
2026-06-08,U9sNqbVd1L8,4119,,
2026-06-08,UVkQsLv7n2s,2226,,
2026-06-08,UxyCkiufJyg,3316,,
2026-06-08,WUchEyRFIxw,3788,,
2026-06-08,_ALc4VJkpjA,12075,,
2026-06-08,ccZaP6LEaLI,8097,,
2026-06-08,dA0DwmLmQ9s,6096,,
2026-06-08,f1eFQJocAow,7325,,
2026-06-08,gAlQprevPh0,2487,,
2026-06-08,iY0az_GdCiI,5316,,
2026-06-08,mOqGGh-ot08,10543,,
2026-06-08,p-Ig77st4KY,7451,,
2026-06-08,pj41DZonKFU,5251,,
2026-06-08,sl11WONqgaQ,3222,,
2026-06-08,svTgRSTyypU,29309,,
2026-06-08,xZIOdejjTlg,2855,,
2026-06-08,yeBCQurwTAM,3919,,
2026-06-08,zx1Xu1eI_UM,1960,,
2026-06-09,3A0Gwb7nmw8,2656,,
2026-06-09,5b4RSDrkc8I,4540,,
2026-06-09,Ati51CQqpKY,5639,,
2026-06-09,F5WCr1Md6mk,1744,,
2026-06-09,KNwEQXDv5XM,8252,,
2026-06-09,Kh_0ICA5cfg,5714,,
2026-06-09,MOmBOx1LEJU,30571,,
2026-06-09,PmY9rmZK_oM,1923,,
2026-06-09,SoVnrdQ7b_s,4783,,
2026-06-09,U9sNqbVd1L8,4130,,
2026-06-09,UVkQsLv7n2s,2227,,
2026-06-09,UxyCkiufJyg,3317,,
2026-06-09,WUchEyRFIxw,3802,,
2026-06-09,_ALc4VJkpjA,12108,,
2026-06-09,ccZaP6LEaLI,8158,,
2026-06-09,f1eFQJocAow,7338,,
2026-06-09,gAlQprevPh0,2523,,
2026-06-09,iY0az_GdCiI,5331,,
2026-06-09,mOqGGh-ot08,10726,,
2026-06-09,p-Ig77st4KY,7476,,
2026-06-09,pj41DZonKFU,5266,,
2026-06-09,ppIXkOvS4WI,2587,,
2026-06-09,sl11WONqgaQ,3230,,
2026-06-09,xZIOdejjTlg,2856,,
2026-06-09,zx1Xu1eI_UM,1979,,
2026-06-10,--eCZ5KJphU,1932,,
2026-06-10,-27X7n7IstM,6430,,
2026-06-10,-3dLSMzi38k,5031,,
2026-06-10,-FJcDEQ2CB0,14148,,
2026-06-10,-GYR8m5pqkI,10615,,
2026-06-10,-SxNX1_ipZ0,4461,,
2026-06-10,-WID9zHoKhE,372,,
2026-06-10,-pXsceBZ-uI,1950,,
2026-06-10,01F_B8RaurQ,364,,
2026-06-10,0A3d0lovA9c,2867,,
2026-06-10,0BvJ_8VSpAQ,19893,,
2026-06-10,0JFuxpSFiLo,20657,,
2026-06-10,0Mur3o4gJn4,5848,,
2026-06-10,0U0-9stDv2w,6785,,
2026-06-10,0YdWcjA5acg,8163,,
2026-06-10,0_I4PHJ-miw,21575,,
2026-06-10,0dqRFbgCuVg,6461,,
2026-06-10,0irTZK6Z_YI,983,,
2026-06-10,0jvB7_mRdVk,1521,,
2026-06-10,0luCN1MyFX8,10898,,
2026-06-10,0nv1NY1lx_E,5273,,
2026-06-10,0t_oTJZ6Irs,6670,,
2026-06-10,13jLs1WwfTY,4718,,
2026-06-10,14FLm6zvvlM,3284,,
2026-06-10,1APEiSZz2zM,319,,
2026-06-10,1M5hO5Iz4hQ,11435,,
2026-06-10,1WejSH57PSA,555,,
2026-06-10,1_CE104JHi8,4468,,
2026-06-10,1fn9RPaSFvM,4145,,
2026-06-10,1gAj8idUtrk,12902,,
2026-06-10,1k6Bzkiw48o,10667,,
2026-06-10,1qYWYaGdxt4,1423,,
2026-06-10,1uRRhugMzlE,4320,,
2026-06-10,1vJB1yOPOf0,7376,,
2026-06-10,1yK9VWnQpx4,21462,,
2026-06-10,24Ib0j0xDxE,15834,,
2026-06-10,2CnmP8lvGE4,6258,,
2026-06-10,2JqFe4tSOyk,9536,,
2026-06-10,2OdJHlmdu3A,3439,,
2026-06-10,2WaFFWc3lno,6164,,
2026-06-10,2bY_4Ut49J8,4088,,
2026-06-10,2l0-duQwSfI,5264,,
2026-06-10,2lZK2lUb6ew,10549,,
2026-06-10,2qLT-wnFaP0,7823,,
2026-06-10,2qZb4PtGQUg,3212,,
2026-06-10,2qron8l5-WA,2890,,
2026-06-10,2vAcCPS9-YE,3133,,
2026-06-10,3A0Gwb7nmw8,2662,,
2026-06-10,3BNqAqRukts,17277,,
2026-06-10,3Cm_qVj04z0,338,,
2026-06-10,3DNRCakknE0,4689,,
2026-06-10,3HUs08W6-8o,15654,,
2026-06-10,3KJwgGv_hq0,4033,,
2026-06-10,3Nh8y-oesJ0,7878,,
2026-06-10,3gPoLb5rT70,16893,,
2026-06-10,3iUH-OYuGIo,235,,
2026-06-10,3jZh-NYS564,6746,,
2026-06-10,3nGph8PX2-Q,3498,,
2026-06-10,3xtwXWyEfhk,1797,,
2026-06-10,49KORRES2ks,2314,,
2026-06-10,4Q1Xe92xmwI,9341,,
2026-06-10,4VN65sXHXSU,5767,,
2026-06-10,4WHM_GRby90,5765,,
2026-06-10,4aUWIhJE2n4,3629,,
2026-06-10,4b4THjNuDW0,602,,
2026-06-10,4n-UnjzY3B0,252,,
2026-06-10,4qtFClwSzc8,1465,,
2026-06-10,4r4Fv5i5zCI,7150,,
2026-06-10,4tli9Q4KZ3w,3087,,
2026-06-10,4vHxpaifn9w,25161,,
2026-06-10,4zfnW56TcvY,3009,,
2026-06-10,5I2-cQ7oa10,3588,,
2026-06-10,5MHf5WPH1v4,4342,,
2026-06-10,5R6l50LDlV4,3552,,
2026-06-10,5b4RSDrkc8I,4541,,
2026-06-10,5kFO9eUjRPk,12959,,
2026-06-10,5sVEspUzpGY,3783,,
2026-06-10,5t3KYPZKUe4,10707,,
2026-06-10,615ClJ5oqkw,1217,,
2026-06-10,62v6RgdBly0,2399,,
2026-06-10,69_RI4iZxuQ,6522,,
2026-06-10,6BegJIenaBE,9694,,
2026-06-10,6Bmjis1ofzE,6140,,
2026-06-10,6SV0Lm47pvY,2451,,
2026-06-10,6TcR8BFdyJM,2898,,
2026-06-10,6VUBa5NSLU8,964,,
2026-06-10,6Xmd08nL2G4,4691,,
2026-06-10,6d8jMrgjDuE,3231,,
2026-06-10,6iCAxQUz4aQ,5683,,
2026-06-10,6l3bIPltt3A,6719,,
2026-06-10,6ob9UwPviJA,4996,,
2026-06-10,6tcSoXsMs9c,5991,,
2026-06-10,6vhfb7LUUYc,3576,,
2026-06-10,6zLWdLXiJC8,13695,,
2026-06-10,73a6CtNTac4,9993,,
2026-06-10,7BXf6nTyiCQ,3877,,
2026-06-10,7BkLmVdcaJw,6282,,
2026-06-10,7EgU3ReHrIc,1258,,
2026-06-10,7FZrM9iMsCM,6341,,
2026-06-10,7IZ5eCJ3Vqc,2432,,
2026-06-10,7NZvpCqH7eA,2774,,
2026-06-10,7NbPwroPQ80,3045,,
2026-06-10,7Odyxk-S9f0,52895,,
2026-06-10,7PSt_Gouh6g,2807,,
2026-06-10,7cpCkvLwQsI,2089,,
2026-06-10,7dlhZLngdvM,8787,,
2026-06-10,7m_UlzkGLlA,33665,,
2026-06-10,7tKbMZqzLks,2847,,
2026-06-10,7ufObjxCBKI,13459,,
2026-06-10,7wuBlcFsfvc,4389,,
2026-06-10,7zHiFWEJfZY,8553,,
2026-06-10,87Vb6sa1KcY,1456,,
2026-06-10,8OPlCKgcSO8,6308,,
2026-06-10,8T1Pe58GJpw,4299,,
2026-06-10,8UOwBfCgZn8,1054,,
2026-06-10,8UWpsEyQwCU,3974,,
2026-06-10,8_fxIwJi8eI,12166,,
2026-06-10,8fwEHUkKTFc,1231,,
2026-06-10,8hbiWsIlhQ0,1284,,
2026-06-10,8pRl03u-hjI,7589,,
2026-06-10,8r9S_xIzqLk,4051,,
2026-06-10,8tmQ6wySUSI,4520,,
2026-06-10,900BOlBTFNg,35789,,
2026-06-10,99bQhxWPWuo,9082,,
2026-06-10,9BmwbWSPXwY,4733,,
2026-06-10,9Fhr7gYQPBM,1453,,
2026-06-10,9O3XYd0F6VI,11105,,
2026-06-10,9Ot1RhssfL0,768,,
2026-06-10,9TvuNO-fnXM,16080,,
2026-06-10,9_6yRxY8iiY,9849,,
2026-06-10,9cZh_IuGMyM,374,,
2026-06-10,9dFDeUNHViY,9261,,
2026-06-10,9gFQ9rFMKEA,38551,,
2026-06-10,9h2v-rVmwEA,8622,,
2026-06-10,9hOkPAYmpPM,6607,,
2026-06-10,9hgzA60ZGZg,5430,,
2026-06-10,9rVcXaVHCXw,2612,,
2026-06-10,9wgzzLCatp8,853,,
2026-06-10,9yg2AIYdu6E,1733,,
2026-06-10,A4wr-iI2hJU,20856,,
2026-06-10,A5ojgoN39Lc,6273,,
2026-06-10,A9RXB8YTc6Y,12376,,
2026-06-10,ADwtKtLtE8Q,1983,,
2026-06-10,AKDQisHl8Ek,3884,,
2026-06-10,AKJRVoJu_Q4,7379,,
2026-06-10,ANYrzwn5h_M,4667,,
2026-06-10,AO1WNfgIgiE,8563,,
2026-06-10,ASSnCNI-KlM,1258,,
2026-06-10,AU7Z9h1x1Ys,695,,
2026-06-10,AUG114ir5eQ,1238,,
2026-06-10,AUxR3aTc3ng,1497,,
2026-06-10,AaCd4amsV0U,2022,,
2026-06-10,Ac6AOC9yxJE,4314,,
2026-06-10,AcR00ZHbVKU,7470,,
2026-06-10,AgcnylfczPE,10426,,
2026-06-10,AmYVHRf2Aq8,8624,,
2026-06-10,Ao4VRNX_h4A,11611,,
2026-06-10,Aq3emUbqTbA,803,,
2026-06-10,Ati51CQqpKY,5649,,
2026-06-10,B0IPEMdrCRA,3023,,
2026-06-10,B5xTJMahaK4,2528,,
2026-06-10,B9FbWxNdJPY,18732,,
2026-06-10,B9zmRMY6ISI,2680,,
2026-06-10,BNze82M59-E,6959,,
2026-06-10,BSum-2t0a28,4632,,
2026-06-10,B_OF2TYLnQw,6316,,
2026-06-10,B_rcAwySccg,3500,,
2026-06-10,BdCpg8-TlGg,3500,,
2026-06-10,BfLT1TlZInE,19869,,
2026-06-10,BfjZU1zyiOc,1882,,
2026-06-10,BkAhos9qrLQ,2127,,
2026-06-10,BsWIaYs09vc,5788,,
2026-06-10,BskXYIlyNzA,5978,,
2026-06-10,C5ETgNOq1gQ,14129,,
2026-06-10,C5Rh96Gz8yg,6931,,
2026-06-10,C9AMwVwgVPo,2988,,
2026-06-10,C9FJCiew0s8,4044,,
2026-06-10,CD6KcQMdzfc,2827,,
2026-06-10,CEF9v_JMVe8,7143,,
2026-06-10,CJkJWnPzguM,20747,,
2026-06-10,CKAGWlmyXbA,8890,,
2026-06-10,CMh4ttABaiE,1221,,
2026-06-10,CSTFP0gKnd8,5284,,
2026-06-10,CUpAWj1wVbU,24145,,
2026-06-10,CVFIzDp5iio,11155,,
2026-06-10,CYn4JoQTD1I,666,,
2026-06-10,CYvruxt8Ocw,5236,,
2026-06-10,CgzCQr9ilsw,387,,
2026-06-10,ChKL1KyjlZ4,5161,,
2026-06-10,CkghB9G4vOo,213,,
2026-06-10,Cpa04rQyl18,7568,,
2026-06-10,CufCJMTTKHk,1623,,
2026-06-10,Cy2qJ0Win1I,4295,,
2026-06-10,D-dgFUvl7YA,7746,,
2026-06-10,D4p6nv2t2FA,245,,
2026-06-10,D50nmITTLp8,1806,,
2026-06-10,DAuagmdRSOE,10668,,
2026-06-10,DBkInEbzPk0,2692,,
2026-06-10,DDd5prelU6A,8744,,
2026-06-10,DDiDtP-uOqU,2274,,
2026-06-10,DI-Oxm-J0W0,5505,,
2026-06-10,DIv0FHIZiko,3474,,
2026-06-10,DNsUjaDT3AQ,4105,,
2026-06-10,DPEZ-FtI4UI,8212,,
2026-06-10,DPz-ktdaHII,445,,
2026-06-10,DS_neiUmgrA,2716,,
2026-06-10,DY9enl751Hk,8971,,
2026-06-10,Dcu_IubxG8I,4947,,
2026-06-10,Df9q7HerAA4,4896,,
2026-06-10,DiLjnRqx0xo,3836,,
2026-06-10,DnXALAe3BtY,1596,,
2026-06-10,DohrPYUe11o,1529,,
2026-06-10,DouSkzKX7NE,6401,,
2026-06-10,Drqehd-O2ak,3620,,
2026-06-10,DxUH69hEi9k,449,,
2026-06-10,E6ac_QwimUk,3643,,
2026-06-10,EFc5_Nct8wE,4513,,
2026-06-10,EIKIx9Xpl7c,2726,,
2026-06-10,E_DqVHrHIxM,7784,,
2026-06-10,EckbfLRDGjE,1687,,
2026-06-10,EkKqSnrdG7U,2679,,
2026-06-10,Ezrw0VHCy7w,280,,
2026-06-10,F1hpeZ_T-ww,2722,,
2026-06-10,F5WCr1Md6mk,1776,,
2026-06-10,F5y8-ztKpCM,3779,,
2026-06-10,F8PMKa1dz9g,731,,
2026-06-10,FAIITnGT4wo,4792,,
2026-06-10,FAfQTG-v0Cs,3210,,
2026-06-10,FEqKnaBExZU,9301,,
2026-06-10,FG5G2G-XjhE,14319,,
2026-06-10,FIEy7T-kMmQ,1907,,
2026-06-10,FKbiHBctwwA,3835,,
2026-06-10,FNVB3Ndlrw8,430,,
2026-06-10,FSFC8O9LxRU,2471,,
2026-06-10,FYtl1LolxwQ,9835,,
2026-06-10,Fa8jGX5mvj4,3091,,
2026-06-10,FfCJfpHXt8c,4031,,
2026-06-10,FgTt2XD_ryA,13435,,
2026-06-10,FkK2Rp5xEIc,10882,,
2026-06-10,FlGf6zZGtkk,5223,,
2026-06-10,FlbiS6qn6oE,2731,,
2026-06-10,Fs8L9V90RDk,7722,,
2026-06-10,FsemZttxTN8,5333,,
2026-06-10,G2COlj5SS54,7836,,
2026-06-10,G76WtaecxB4,1181,,
2026-06-10,G9YcpN4TAZw,5102,,
2026-06-10,GEZg76Swgc8,425,,
2026-06-10,GJRAN3_x8U4,3569,,
2026-06-10,GTD7cyckPnA,270,,
2026-06-10,GYD-rQNG-rI,8859,,
2026-06-10,Gdybpz4wjgY,331,,
2026-06-10,GgtIBQCZxkQ,5227,,
2026-06-10,Gjf4AsYGwU8,10974,,
2026-06-10,GqAXRVF_edY,4089,,
2026-06-10,GqRwtWVepYw,8643,,
2026-06-10,GqWbo7Uo8Ec,5659,,
2026-06-10,Gs03wWJ6vFc,912,,
2026-06-10,Gx6Z5Aj875s,6519,,
2026-06-10,H-jiaEptrx0,4312,,
2026-06-10,H3JH96ZJWzM,784,,
2026-06-10,H5yOaNKxZ-4,20480,,
2026-06-10,H97Ldv1IXtw,17615,,
2026-06-10,HBhaj0_Zm34,4402,,
2026-06-10,HDN25GTdn40,3884,,
2026-06-10,HRQ4Ibbkkco,2265,,
2026-06-10,HUbRq3GR8SI,4987,,
2026-06-10,HbNx1HcTEk4,21765,,
2026-06-10,HlwfZ6atyLw,1880,,
2026-06-10,Hsv6dNsEO40,10738,,
2026-06-10,HvQpYQlLGzg,3790,,
2026-06-10,Hwi-jokx7aI,2680,,
2026-06-10,I-S-0EO3-FA,2839,,
2026-06-10,I1sccj6fjQs,3675,,
2026-06-10,I3T6O4ez75M,4053,,
2026-06-10,I66Prbdjcn0,3444,,
2026-06-10,I70TmekxAXE,2642,,
2026-06-10,IAdR2JdoGr8,9988,,
2026-06-10,IB_3oFDAULc,11442,,
2026-06-10,IE6oyFF67A0,15235,,
2026-06-10,IEIg6U_krbY,9520,,
2026-06-10,IF966yryyqY,262,,
2026-06-10,IH591H86iFQ,7078,,
2026-06-10,IHsdTOEuG4g,8460,,
2026-06-10,IJdPXXMpYPk,806,,
2026-06-10,IKIrneFKwJY,622,,
2026-06-10,IQ3zeRLgnt4,3338,,
2026-06-10,IQQViyty9zM,2031,,
2026-06-10,ISKY2Bgz_c0,1223,,
2026-06-10,IXOacyfD7V4,13079,,
2026-06-10,IrGSyH2wlK0,1595,,
2026-06-10,IuZyLH50TMQ,22707,,
2026-06-10,Ix6NRPPJhd8,1182,,
2026-06-10,J-aiAO8-Czk,12899,,
2026-06-10,J1tRJRX44zc,2051,,
2026-06-10,JH6X6472Gdk,3400,,
2026-06-10,JNuRoWbolfs,6325,,
2026-06-10,Jep6zVwriOA,6999,,
2026-06-10,Jl2XOwlw5Z4,5236,,
2026-06-10,JpfqYvUYNr8,2205,,
2026-06-10,Ju3_gwctpM8,16363,,
2026-06-10,Jyn59AgDf6o,7097,,
2026-06-10,JzsEVr4W5ng,11067,,
2026-06-10,K1YD12TDxwo,1704,,
2026-06-10,K2T8Cd4-ba8,699,,
2026-06-10,K4YFVRGWGEY,2832,,
2026-06-10,K8o_u0_iFJU,7613,,
2026-06-10,K9Asd1xasRc,788,,
2026-06-10,KEnYv8bMxXM,38405,,
2026-06-10,KLTqQaG2asM,4379,,
2026-06-10,KMTemVbHKS4,3429,,
2026-06-10,KNT1a6LakZI,4444,,
2026-06-10,KNwEQXDv5XM,8261,,
2026-06-10,KOF8EQ_YcOU,11918,,
2026-06-10,KOedI8Dr__Y,4476,,
2026-06-10,KTnAV2qb5CY,7779,,
2026-06-10,KVaKaf9FX5I,8342,,
2026-06-10,KXoxeoaSwOA,4302,,
2026-06-10,Kh_0ICA5cfg,5728,,
2026-06-10,KiOKGmcOb_g,10171,,
2026-06-10,KlnSnb7YFEY,2675,,
2026-06-10,Kn5RCzQ9ufc,3721,,
2026-06-10,KqZv27fFQlQ,137827,,
2026-06-10,KrjMNWiU52A,16763,,
2026-06-10,KtjAJuKUbDM,15351,,
2026-06-10,L0KEJ_zq0Ak,10196,,
2026-06-10,L5c4VvuaU7w,17919,,
2026-06-10,LD8rxn2RFNE,4357,,
2026-06-10,LMbdAdrLzXg,4280,,
2026-06-10,LMryIj-gt9A,2050,,
2026-06-10,LNWGlnt3wF4,19072,,
2026-06-10,LRySNa5Y0No,5628,,
2026-06-10,LSGYVCqNEjc,4256,,
2026-06-10,LXW_Z8rp3bU,2224,,
2026-06-10,L_mpuGgHhfE,4586,,
2026-06-10,LadLiCQaAwQ,5188,,
2026-06-10,Lbrq5ramx-A,4546,,
2026-06-10,LdYe9MF1QMs,1936,,
2026-06-10,Li2lFki33xM,9183,,
2026-06-10,Lk6JhpGO69M,9694,,
2026-06-10,LmDOOPuqYG8,7620,,
2026-06-10,LpqnF4FROjg,364,,
2026-06-10,Lswdyl9nZtE,9518,,
2026-06-10,M61DCig7ZJY,6090,,
2026-06-10,MA41DUCQWfw,2528,,
2026-06-10,MM879hqJf1U,17441,,
2026-06-10,MOmBOx1LEJU,30848,,
2026-06-10,MRxgJpEyabo,4968,,
2026-06-10,MVWyRSiH4uQ,2595,,
2026-06-10,MWkhT5GG75k,6855,,
2026-06-10,MhZ5AKwboh0,9762,,
2026-06-10,MsxCeW9nTb0,3352,,
2026-06-10,Mtqdsr2BC_A,5584,,
2026-06-10,MvMstvlNNzQ,402,,
2026-06-10,MxDzq8aLzTo,789,,
2026-06-10,N0_ptJC7W48,3783,,
2026-06-10,N54m3zy-uzk,3431,,
2026-06-10,N6qK7AUqn54,10569,,
2026-06-10,NELsP8DaEa8,9532,,
2026-06-10,NHGisiXq7eg,7730,,
2026-06-10,NJelRHbyeWw,7457,,
2026-06-10,NRlM9dhgPTg,4344,,
2026-06-10,NWOjsRjPomI,2699,,
2026-06-10,NX-1jJ1PuxY,7764,,
2026-06-10,Nc1nItUxpQQ,8148,,
2026-06-10,Nh7jDVmtg0I,1456,,
2026-06-10,NvFqtHcCCXs,3525,,
2026-06-10,Nz2xOcIryF4,8829,,
2026-06-10,O14qr6DPo4Q,6797,,
2026-06-10,O1awyI-zPJs,14695,,
2026-06-10,OD8Jm9Yk0WY,21333,,
2026-06-10,OH7Rlrq71To,34019,,
2026-06-10,OHt_00p2dmY,5688,,
2026-06-10,OLPoLPMdW_g,2134,,
2026-06-10,OVHP92ag6d4,4142,,
2026-06-10,OYxpHMuv29k,8784,,
2026-06-10,O_7ZySSl0mk,4112,,
2026-06-10,OcgJZnE1a6o,771,,
2026-06-10,Ocp1_PPM4sI,23190,,
2026-06-10,OddgScxecfA,6896,,
2026-06-10,Om4MsEtTrnw,1450,,
2026-06-10,OsN0NNVuu7o,19963,,
2026-06-10,Ou7NGOVJ8Pc,3206,,
2026-06-10,OwK8r2uyqHU,6720,,
2026-06-10,P5dvh5HrHaE,7600,,
2026-06-10,P6a8zyHf7YY,954,,
2026-06-10,P7i-qgVG7c4,1771,,
2026-06-10,PLFNoideC9s,11627,,
2026-06-10,PM4DofLA2g0,731,,
2026-06-10,PUTrIDHNxQs,2384,,
2026-06-10,PdO8UebbbSA,1659,,
2026-06-10,PgvLUj9yWDQ,688,,
2026-06-10,Pk77G5OfECU,5049,,
2026-06-10,PkjXvpbR1q8,9155,,
2026-06-10,PmY9rmZK_oM,1926,,
2026-06-10,Pt8zI30MFm8,6896,,
2026-06-10,PtL2ZgPSF5o,14197,,
2026-06-10,Pwf2T_cntdg,20651,,
2026-06-10,PxyjUIyE5YI,15417,,
2026-06-10,Q-dHeMod7T0,7305,,
2026-06-10,Q1zf4SC-AvQ,2827,,
2026-06-10,QLdp2ZNFM_s,5306,,
2026-06-10,QUNzVqhLUBw,2633,,
2026-06-10,QVi7Ze1DEz4,5556,,
2026-06-10,QY2ox96a1zA,5912,,
2026-06-10,QeCKLvz2tIM,5722,,
2026-06-10,QhRPaWYjWYc,3967,,
2026-06-10,Qrag4Jg-veo,3858,,
2026-06-10,R1S8PFUsVWg,5444,,
2026-06-10,R4hO35nd_OI,6374,,
2026-06-10,R6Ukz91VIAY,1186,,
2026-06-10,R7utAmGPE_M,632,,
2026-06-10,RO6gVW9tdbY,1594,,
2026-06-10,ROV6ce9dkfI,4171,,
2026-06-10,RUy1hElRuUQ,5007,,
2026-06-10,RVWlgBZt6h8,4994,,
2026-06-10,RXEipSzDgtc,21938,,
2026-06-10,Rb2-RE864YY,10597,,
2026-06-10,RdvRwihvUUM,3927,,
2026-06-10,RgeVF0tu6ng,898,,
2026-06-10,RhUoPPchFBU,486,,
2026-06-10,RrVaJ5z_3mU,2963,,
2026-06-10,Rs5p0EuuTDw,9792,,
2026-06-10,Ry8PCL00Sjc,2012,,
2026-06-10,RyckAyrt7xQ,29377,,
2026-06-10,S0W7nQ2q3Kg,7387,,
2026-06-10,SB5QPpcWDXk,8556,,
2026-06-10,SCwP-bR498o,2546,,
2026-06-10,SGOEY0I_FQA,33377,,
2026-06-10,SHzg-IgnKuI,25767,,
2026-06-10,SKEcZIJKPzc,3466,,
2026-06-10,SOXoRwvxcv0,10620,,
2026-06-10,SQdrkq_hBzE,1868,,
2026-06-10,SW7PfbETFx8,2796,,
2026-06-10,SWoYNH7OMZI,1082,,
2026-06-10,SeWXiEIm9oI,1654,,
2026-06-10,Sf25ENrbQGM,997,,
2026-06-10,ShJ_j2paClA,9096,,
2026-06-10,ShkacKGq5Vk,5347,,
2026-06-10,SkukxahhmRo,6822,,
2026-06-10,Sl5Fl_vOthI,3099,,
2026-06-10,Sl5sYEh_UoU,6166,,
2026-06-10,SoVnrdQ7b_s,4784,,
2026-06-10,Sq3rkK6GhuE,245,,
2026-06-10,St5jhqEeasY,4542,,
2026-06-10,T2tuMBwhuKc,6906,,
2026-06-10,TDOWMduvE1o,3082,,
2026-06-10,TEqu2JH5dYc,904,,
2026-06-10,TMvgKj-2Z9k,1011,,
2026-06-10,TP7VDtErEvY,5388,,
2026-06-10,TS9rxa7-CXg,7119,,
2026-06-10,TV3fWx4rQh0,2311,,
2026-06-10,TWUoFcCtDhA,6509,,
2026-06-10,TXAe5nqafRY,1511,,
2026-06-10,T_jQIJSkjGo,7228,,
2026-06-10,TaY5NrLNABM,1330,,
2026-06-10,Tb4JB3eFPXw,5295,,
2026-06-10,Te57wukDp8g,4567,,
2026-06-10,TgJqTy_mCR4,7227,,
2026-06-10,Tj9CJM4ti2w,1727,,
2026-06-10,TqAy1jbJ9w8,8355,,
2026-06-10,TtCijTAgvPc,5028,,
2026-06-10,TvvDTvo-L74,7704,,
2026-06-10,TwfHRcdWHRg,4136,,
2026-06-10,U4zBHwf2MTw,1701,,
2026-06-10,U9sNqbVd1L8,4140,,
2026-06-10,UCaZFYzYm9k,6463,,
2026-06-10,UHGfFw-ZT98,3775,,
2026-06-10,UJOAvX_FD7o,249,,
2026-06-10,UKzsE2t00Jw,412,,
2026-06-10,UOOBf83nIco,36794,,
2026-06-10,UQIBN4D_qIs,2660,,
2026-06-10,UUUH5xnM-Mc,6001,,
2026-06-10,UVdc7kYPJEs,1064,,
2026-06-10,UVkQsLv7n2s,2230,,
2026-06-10,UZ3583GSSOo,3955,,
2026-06-10,UhuJQBAZv84,10247,,
2026-06-10,UiD0-skn904,812,,
2026-06-10,Ulotto-Re6w,4375,,
2026-06-10,UqLF2eIaDxg,7806,,
2026-06-10,UxyCkiufJyg,3316,,
2026-06-10,V1jmHGrVs_k,8771,,
2026-06-10,V2d8qoEGyEU,231,,
2026-06-10,V3IHs2DwX0U,699,,
2026-06-10,V3nsGV2yOV8,2288,,
2026-06-10,V50CUypS7UM,2936,,
2026-06-10,V6AOpDTpCO4,4945,,
2026-06-10,V6Lm17-mfxA,4396,,
2026-06-10,V6d2Dc1l7BA,7152,,
2026-06-10,VKJLsmW95wc,3720,,
2026-06-10,VKMMVQtaDrM,11440,,
2026-06-10,VLJJ9zvdj2Y,4978,,
2026-06-10,VTOl1gAKo44,3172,,
2026-06-10,VTszds8Y7rU,7976,,
2026-06-10,Vb5gSRAHXCA,3867,,
2026-06-10,VlgtaUj_dho,4024,,
2026-06-10,VoU-7YGmoo0,1852,,
2026-06-10,VvVtNiE0bjA,3984,,
2026-06-10,VwTMGmXxghU,18646,,
2026-06-10,W3I8gwLv0Ro,2904,,
2026-06-10,W6U3fBgQoVg,1971,,
2026-06-10,WD7EzA2sbnI,2105,,
2026-06-10,WIP6ZDjQmww,9513,,
2026-06-10,WKMTSCW51fI,5207,,
2026-06-10,WNFEf_ZwNFw,434,,
2026-06-10,WNhZUBZ8tUc,43776,,
2026-06-10,WUchEyRFIxw,3812,,
2026-06-10,WWIB8ZW1i6w,2903,,
2026-06-10,WYGsRorORyI,16379,,
2026-06-10,WjgW6u9Tde8,2005,,
2026-06-10,Wu4lafiHjh0,7342,,
2026-06-10,WvVMuiXrqcI,7419,,
2026-06-10,X22UHszz5Dg,4421,,
2026-06-10,X5L0LaarTLg,10488,,
2026-06-10,XAQ_GYsV52A,9995,,
2026-06-10,XEqxbZoaqUw,5149,,
2026-06-10,XIhM9oLObuU,2494,,
2026-06-10,XVwO4OvjwI4,2427,,
2026-06-10,XWSWCP3TBrc,2832,,
2026-06-10,Xm4ScqSNV10,4424,,
2026-06-10,XsCgtUDrxck,2154,,
2026-06-10,Y66yYblAsq8,1856,,
2026-06-10,Y7Rm_Bmu-K0,37405,,
2026-06-10,Y8YjZOGrhJI,3865,,
2026-06-10,YA85ddRTnus,4965,,
2026-06-10,YA_LFvsyLoU,2252,,
2026-06-10,YBMZINlORaw,5901,,
2026-06-10,YDlHWsYd23o,4323,,
2026-06-10,YDmxUb_oNLI,2736,,
2026-06-10,YFjQz7FijWM,15056,,
2026-06-10,YOe2PL-1gT0,671,,
2026-06-10,YXqYOapYqYc,7610,,
2026-06-10,Y_mkJt3oY_k,3526,,
2026-06-10,YiKIKU-5KpY,0,,
2026-06-10,YpCAi9ofhjs,4310,,
2026-06-10,YpMxtemC5y8,4802,,
2026-06-10,YqZzdPYfnso,3597,,
2026-06-10,Ytbx-7bzEGc,4283,,
2026-06-10,Z-s3rXFeosc,6575,,
2026-06-10,Z12fVM_cnaI,10494,,
2026-06-10,Z2njQkTQDKY,5153,,
2026-06-10,Z9Jjrb6xQeo,3538,,
2026-06-10,ZA_G9BP9HLY,484,,
2026-06-10,ZE2dghmFE8Y,22440,,
2026-06-10,ZE3jHXXiSBY,9212,,
2026-06-10,ZE9ENcHPRr8,23987,,
2026-06-10,ZG72S1_wBC0,4964,,
2026-06-10,ZY_oCjE95Ss,393,,
2026-06-10,ZZBZkqJqvu8,10921,,
2026-06-10,Z_REKs508KY,6581,,
2026-06-10,ZaksbmqvxNM,8259,,
2026-06-10,ZcdQLCEyjjU,8517,,
2026-06-10,ZfQ7oKzL-Pw,12393,,
2026-06-10,ZgN1aMmXELI,4764,,
2026-06-10,Zq-NFi8kxlo,48432,,
2026-06-10,ZrqtNoiNSdw,4746,,
2026-06-10,ZsIml_y5qU4,145,,
2026-06-10,ZtUTR0E7VPY,45137,,
2026-06-10,ZvUISEnjqbQ,5309,,
2026-06-10,ZzYTRvOWH1I,4361,,
2026-06-10,_3MWGJ7MUTA,2802,,
2026-06-10,_8p1UyvwmhI,3818,,
2026-06-10,_9BI3P-OH84,1715,,
2026-06-10,_ALc4VJkpjA,12141,,
2026-06-10,_BvUrcl5tls,3143,,
2026-06-10,_EZK5vA1EX0,5096,,
2026-06-10,_FzLqe9KziY,2478,,
2026-06-10,_Jlf2Q0xGZ8,5743,,
2026-06-10,_LzDM8xt_dA,7770,,
2026-06-10,_NHlgOF-WU0,405,,
2026-06-10,_OsQEaApgwY,2517,,
2026-06-10,_UWA2fCxRHI,3711,,
2026-06-10,_auL36M33Aw,2602,,
2026-06-10,_eLkGBx1XiE,1060,,
2026-06-10,_fcTS5NosDs,1560,,
2026-06-10,_r9bm8JLsKc,3301,,
2026-06-10,_wWswU9t8HU,212,,
2026-06-10,_xEjpsA_iVg,2024,,
2026-06-10,_zVLb3rpe5I,6060,,
2026-06-10,_zuQYhMwTgs,5497,,
2026-06-10,a2L6AbyANjw,13200,,
2026-06-10,a2n31BGGWFI,4129,,
2026-06-10,a65XoIF7K7Y,7827,,
2026-06-10,a6qWlOZtG3E,2134,,
2026-06-10,a8g5MvFPwxo,6102,,
2026-06-10,aD-WkrzMJrk,2297,,
2026-06-10,aDDnbn7KVls,12599,,
2026-06-10,aIcW25HaFsI,5042,,
2026-06-10,aMG8tqZ6bW0,2879,,
2026-06-10,aOOR5vp4Kl0,3602,,
2026-06-10,aQF7qqm1iHE,2381,,
2026-06-10,aYgFb-fiwxA,11666,,
2026-06-10,acvpoQwncqI,3038,,
2026-06-10,ad5pxORFPfk,2441,,
2026-06-10,adsB3sGIcVQ,5619,,
2026-06-10,afLeJEbZs2k,6389,,
2026-06-10,ahyTF-4Agkg,984,,
2026-06-10,akC-r5hlDkc,2147,,
2026-06-10,aoh738yJBRA,6343,,
2026-06-10,aqbo0yu_l6g,15788,,
2026-06-10,ar-bXQYvUhs,2435,,
2026-06-10,ath0o3oOJCs,6286,,
2026-06-10,b4fNiXZPqRQ,10045,,
2026-06-10,bHJfRtPpY6E,1648,,
2026-06-10,bHuv7kKqe-A,8181,,
2026-06-10,bJHikj8skz4,2973,,
2026-06-10,bQaZqs74i2Y,5258,,
2026-06-10,bT7qGpnOpo4,4739,,
2026-06-10,b_Obp5cBRZk,5517,,
2026-06-10,bi3ZAQbw8EI,1863,,
2026-06-10,bqTNuZQOziA,9949,,
2026-06-10,bqf0zywB-Wo,11730,,
2026-06-10,c2ket6Qczzw,1468,,
2026-06-10,c3rRnSi93Lw,8702,,
2026-06-10,c6WqvHRlRkc,4338,,
2026-06-10,c9CotszUwYQ,2353,,
2026-06-10,cFn-fD2GmYU,2538,,
2026-06-10,cJwXjAKA0-k,5311,,
2026-06-10,cR199eKHJ4k,343,,
2026-06-10,cWyP2mrcwdM,768,,
2026-06-10,ccZaP6LEaLI,8202,,
2026-06-10,cevjHgZRbrg,292,,
2026-06-10,cfGpIvLPcPw,4924,,
2026-06-10,cga1y52KSCk,2969,,
2026-06-10,cjpnhsKzs1Q,2827,,
2026-06-10,coqZMUFd2C0,35305,,
2026-06-10,cpd3lbm5tL8,3536,,
2026-06-10,cqPVe0nQ1A0,5154,,
2026-06-10,cuZsMnQlDQU,13529,,
2026-06-10,d-msiY5zz5A,3076,,
2026-06-10,d-zJskCnHpI,3081,,
2026-06-10,d09nbbfOIA8,5074,,
2026-06-10,dFH36q7iWiU,241,,
2026-06-10,dHJbG72Itp8,15620,,
2026-06-10,dIqUY3R2_3A,7924,,
2026-06-10,dSmFHbtrZ7g,17499,,
2026-06-10,dURDUSYCm68,15103,,
2026-06-10,dWatNWKO9uk,3519,,
2026-06-10,de7gpeHMS1Q,381,,
2026-06-10,dgkZoy66esM,5282,,
2026-06-10,dijHVnTV0aM,6156,,
2026-06-10,dl3KzRCU-aQ,6545,,
2026-06-10,dlABqtYhbMk,6051,,
2026-06-10,dmbvfKzFSLo,3021,,
2026-06-10,dn-xSg_FT0A,17296,,
2026-06-10,dnI29M9CE44,3858,,
2026-06-10,dnUUMRDbasE,1870,,
2026-06-10,dp7vq7hweXs,1921,,
2026-06-10,dtdf5AeXwB8,419,,
2026-06-10,dtoZraGBx54,15214,,
2026-06-10,dv-40oFi5ak,6353,,
2026-06-10,dx9Qe_629yE,8703,,
2026-06-10,e061vqWD0lQ,1002,,
2026-06-10,e6iHP-UMZnk,5222,,
2026-06-10,e83i1spluHo,6368,,
2026-06-10,eGnLjzejgI4,2988,,
2026-06-10,eK7uM-EeLIk,7671,,
2026-06-10,eLcRSVAncfc,1334,,
2026-06-10,eLhCLA0Jndo,2213,,
2026-06-10,eM2S4pWeczs,147898,,
2026-06-10,eOxOgo6VNzQ,3579,,
2026-06-10,eUkmg5xOC7c,2335,,
2026-06-10,eYY-goMG0N0,4361,,
2026-06-10,ebpANnTL0zw,13158,,
2026-06-10,ecutxRcKQ6I,6428,,
2026-06-10,enR1CfAS5zo,2043,,
2026-06-10,ensnUIxTUHE,13982,,
2026-06-10,er-8YWX70rk,11901,,
2026-06-10,etbk0Z69oDs,814,,
2026-06-10,eu92DDq5snw,5511,,
2026-06-10,eymQ0rXs7d8,6146,,
2026-06-10,f-aH0vpaoyo,9968,,
2026-06-10,f1eFQJocAow,7341,,
2026-06-10,f7yvLMqdMJo,4108,,
2026-06-10,f8fN8Uqbb8s,6072,,
2026-06-10,fFdiFTfeCwE,6133,,
2026-06-10,fFgFYRumrDU,11027,,
2026-06-10,fG1-74pj6A4,15918,,
2026-06-10,fHYBRGdrXo0,1945,,
2026-06-10,fIo8SE2ky98,2963,,
2026-06-10,fKvvShsdaWU,18759,,
2026-06-10,fMmn4SMuSdE,4660,,
2026-06-10,fQwyeIriRx8,8284,,
2026-06-10,fZ7RRiEw54E,6289,,
2026-06-10,fbZea8wkoe8,9702,,
2026-06-10,ff5ZGdHsgIA,1094,,
2026-06-10,fg72xV_ZX8g,783,,
2026-06-10,fj2SC2FA324,2023,,
2026-06-10,flJTAxtk67w,11105,,
2026-06-10,flbyvShpL18,4882,,
2026-06-10,fsI10W24Ya8,7986,,
2026-06-10,gAPX20Ja0zk,2633,,
2026-06-10,gAlQprevPh0,2556,,
2026-06-10,gENAeokhMHI,3982,,
2026-06-10,gK1VHYEXt_0,223,,
2026-06-10,gNEGNjVWO0Q,2851,,
2026-06-10,gVj7YvOUjfc,1032,,
2026-06-10,gWdtuyZNxeQ,11080,,
2026-06-10,gXT5p-IBNMg,6025,,
2026-06-10,goQs8La8e94,28674,,
2026-06-10,gpKioDijRD4,1523,,
2026-06-10,gtGmlmLZ3Ps,1212,,
2026-06-10,gy_rDsWx8_4,4904,,
2026-06-10,h1qNF-YaHX8,4854,,
2026-06-10,hBhD4lpfrvw,4135,,
2026-06-10,hBqhV23fZnE,3933,,
2026-06-10,hD4BjVn9YXw,4470,,
2026-06-10,hRgIER_2tZg,1185,,
2026-06-10,hSuSN9-UZUY,14913,,
2026-06-10,hUQqvZGsp6A,3477,,
2026-06-10,hVMJN3o6-5g,10753,,
2026-06-10,hX5lVJXMurI,6323,,
2026-06-10,h_v3GcIgbvM,18811,,
2026-06-10,hhwrtf3g0yY,4658,,
2026-06-10,hnnt5l96vVE,3529,,
2026-06-10,hrA_TspDTyM,2727,,
2026-06-10,hsiq1QlJqCs,37004,,
2026-06-10,htuK8cgwC-E,2570,,
2026-06-10,hwX4Jil8AFY,2223,,
2026-06-10,hy7L_a8J9z4,6052,,
2026-06-10,hyisCTgnS0g,805,,
2026-06-10,i4tThjQW98w,1476,,
2026-06-10,i5Ufb0FYkDM,2833,,
2026-06-10,i6kooD4epJ0,9519,,
2026-06-10,iCV7kvzQ_bA,19020,,
2026-06-10,iCrYuW2ixu8,2162,,
2026-06-10,iEHsfr9bvpg,12076,,
2026-06-10,iFu9J3h8RBY,8098,,
2026-06-10,iHt3VLuizj4,3653,,
2026-06-10,iKMz8ICRe8I,20318,,
2026-06-10,iNIxuEi7V54,2220,,
2026-06-10,iRyAJEXB_hE,3187,,
2026-06-10,iY0az_GdCiI,5360,,
2026-06-10,iYHt1pdScK0,202326,,
2026-06-10,i_bfUG57Je8,10564,,
2026-06-10,ipf-y1PaGBg,3726,,
2026-06-10,iuZ57o6ph1A,2410,,
2026-06-10,ixG3RWG-Xdw,10487,,
2026-06-10,j3BrzaBGJqY,3128,,
2026-06-10,j50kYrWuR6U,1322,,
2026-06-10,j9lMyW5Emo0,7298,,
2026-06-10,jBZnliX8R7M,5270,,
2026-06-10,jCGuQ1T3kUE,11072,,
2026-06-10,jQiLi6ev9zM,4916,,
2026-06-10,jTEvYjhQKTM,3493,,
2026-06-10,jV8i3ErC3MA,10244,,
2026-06-10,jdAA_65-h0E,16792,,
2026-06-10,jfEMLlPzKEU,7876,,
2026-06-10,jgfWTFUl_58,1424,,
2026-06-10,jh22fly0d-k,5184,,
2026-06-10,jlV4MmBxgPI,13240,,
2026-06-10,jrnfWiLWFJw,381,,
2026-06-10,k1SjNJaOJcA,6995,,
2026-06-10,k3yhL30Kpnw,1607,,
2026-06-10,k4GBTLOy9aE,11105,,
2026-06-10,k73d1z4sXCE,2555,,
2026-06-10,kCTe19NTny4,2077,,
2026-06-10,kCcXFPN8bK0,2691,,
2026-06-10,kETEBzJrtSA,7297,,
2026-06-10,kFWumpkL5yI,3276,,
2026-06-10,kO5VQOB3sxI,6264,,
2026-06-10,kSbp6GNfK7Y,4430,,
2026-06-10,kUDZK_9QPtA,14126,,
2026-06-10,kYmLSudfROM,5639,,
2026-06-10,kb2G7jcB3Ls,4272,,
2026-06-10,keYeekasjI8,19862,,
2026-06-10,kjl_jo_1HTg,2455,,
2026-06-10,ko82nHa36U4,8688,,
2026-06-10,kpcxQ1XCrq8,252,,
2026-06-10,kr9WECLcJWU,3713,,
2026-06-10,ktZgSqvfl8o,451,,
2026-06-10,kuoLAhyeaJQ,3954,,
2026-06-10,kzApFdb-KEs,777,,
2026-06-10,kzQhIJnlTsI,95939,,
2026-06-10,l4OOeF2yo9Y,3772,,
2026-06-10,lADjNtrJtIo,3112,,
2026-06-10,lCTSpZlGMb4,3692,,
2026-06-10,lN4Nv7R4sBI,10288,,
2026-06-10,lOciy5N92Lg,1560,,
2026-06-10,lOomWUxwNlQ,4443,,
2026-06-10,lSkunEYX5Go,1728,,
2026-06-10,lTCDfNnY4u8,5720,,
2026-06-10,lZj5qfUurLw,4000,,
2026-06-10,lZm2ZwjEy38,2976,,
2026-06-10,lgNWcFP2Ltg,12126,,
2026-06-10,lr1GJQXbj4c,1954,,
2026-06-10,lvOd4uyJkFE,30659,,
2026-06-10,lvtS_HSjXUA,10326,,
2026-06-10,m1gcxwLGPos,5664,,
2026-06-10,m6233lu5J9Q,11632,,
2026-06-10,m9q3qhKxbk4,2456,,
2026-06-10,mDDcQa5yCfI,20586,,
2026-06-10,mHE2XXExu7Q,1251,,
2026-06-10,mHSNcvaQ8YU,1017,,
2026-06-10,mM4k2pf-l9E,6015,,
2026-06-10,mNKdQ1YwHPc,2876,,
2026-06-10,mOqGGh-ot08,10898,,
2026-06-10,m_vvvpnOHfw,406,,
2026-06-10,mhXS2cpJlRo,1950,,
2026-06-10,mkJ-QgvLtyk,12208,,
2026-06-10,mnu4iJG72y8,5473,,
2026-06-10,n5WXv528CII,17728,,
2026-06-10,n93OGgP941o,2344,,
2026-06-10,n9XvIj6hOjc,2133,,
2026-06-10,nDLFzy9hIow,9653,,
2026-06-10,nF0VXXPcAh4,3033,,
2026-06-10,nMQCA_C9zoQ,101930,,
2026-06-10,nPV7ftm2WSg,2177,,
2026-06-10,nRTuARH-N9A,639,,
2026-06-10,nZ-Yf21ufww,9500,,
2026-06-10,n_8ek8wvHc8,5486,,
2026-06-10,nbqcaybmEe8,11591,,
2026-06-10,neQ91eM5hw4,21216,,
2026-06-10,nuEwWBGiQ4c,3844,,
2026-06-10,nwbp-b7PO4g,7232,,
2026-06-10,nxJqaJgDQIE,4295,,
2026-06-10,nyHN_s3QpkY,6968,,
2026-06-10,o0dULDtKQ-8,9940,,
2026-06-10,o4tmiD22BLI,18375,,
2026-06-10,oCAyG5S7cIw,10317,,
2026-06-10,oDeAAnpEEXU,1925,,
2026-06-10,oKTvQ7d9gYw,27245,,
2026-06-10,oPCHIAxcTHw,37583,,
2026-06-10,oRXt4EmUmKk,4254,,
2026-06-10,oUdstwXRu2c,2780,,
2026-06-10,oZh7YlRGlqA,5102,,
2026-06-10,oZjiL501lAY,1413,,
2026-06-10,o_FRQ02nigQ,5528,,
2026-06-10,ofwkfFci1iI,3333,,
2026-06-10,ol2a1T0BgrM,4394,,
2026-06-10,ol_M2L_mjBI,2613,,
2026-06-10,onlJoxwtQec,1376,,
2026-06-10,oo0K4ydn4rw,5973,,
2026-06-10,p-Ig77st4KY,7504,,
2026-06-10,p23Rm9i_EIg,6437,,
2026-06-10,p6uuiKju1Gc,4273,,
2026-06-10,p8GqOFBpR5w,4767,,
2026-06-10,p8ZK2nre57U,3783,,
2026-06-10,pC_lpEworvo,1025,,
2026-06-10,pGUjxBQqY5E,4005,,
2026-06-10,pKvwesJ8-t0,8732,,
2026-06-10,pRB23hC8dZY,3113,,
2026-06-10,pUPzkqLt5WM,4561,,
2026-06-10,pWY2T3MqfCw,3429,,
2026-06-10,pdIXWsxp0_g,3787,,
2026-06-10,pj41DZonKFU,5274,,
2026-06-10,pms2oKZcuqo,3415,,
2026-06-10,ppIXkOvS4WI,2930,,
2026-06-10,ptv9GRoEKs0,3707,,
2026-06-10,pyuB406DLuo,11384,,
2026-06-10,pzLWWa96_lE,5871,,
2026-06-10,q4mgxHWrmLM,6368,,
2026-06-10,q52xE5uCNT0,11554,,
2026-06-10,qIxGLqP2ZBA,3311,,
2026-06-10,qJ6pJMN4eiA,2634,,
2026-06-10,qMz0UbGJq4Y,6740,,
2026-06-10,qZi9yeRBf94,3754,,
2026-06-10,q_TknmNwvqA,5983,,
2026-06-10,qabDQ1ebZbQ,5888,,
2026-06-10,qbXC7hLKuGM,260,,
2026-06-10,qd6gmV0qrrk,14290,,
2026-06-10,qiI-rwVGiYQ,1975,,
2026-06-10,qkMCHJ28vsI,2307,,
2026-06-10,qmcbY6Sr_mw,3050,,
2026-06-10,qqQxwunPfLo,5161,,
2026-06-10,qzy12XbaJQ4,1501,,
2026-06-10,r0ZddKvFa9w,7601,,
2026-06-10,r3P6BU0gEVU,7455,,
2026-06-10,r4YE2Zghgbc,2829,,
2026-06-10,rAxPIoC8bB4,12475,,
2026-06-10,rJ6YCE4gWS0,1628,,
2026-06-10,rJeHPb9VWP4,2359,,
2026-06-10,rLZUcW0DBTM,9771,,
2026-06-10,rLfvnvBj8Ls,4774,,
2026-06-10,rR2A9ezT_gg,16349,,
2026-06-10,rULrrI9GfWU,1334,,
2026-06-10,rV23IXWdDOY,17088,,
2026-06-10,rVEh3PGiggk,372,,
2026-06-10,r_lWb2SpHO4,10272,,
2026-06-10,rckZ2uBOGYs,4266,,
2026-06-10,rixzhpBKdfg,2591,,
2026-06-10,rlnx986Qxkc,12860,,
2026-06-10,rojYn7h_-U4,2241,,
2026-06-10,rqcOPT_Dg7A,7110,,
2026-06-10,ruxKM1qX0Dc,11374,,
2026-06-10,rzIPT2DPtvA,5632,,
2026-06-10,s2GjWfPbh9I,1954,,
2026-06-10,sHQg97i_Hp0,155,,
2026-06-10,sO1rprIWDas,4242,,
2026-06-10,sQH3xPVic6Y,3878,,
2026-06-10,sVwAWTxKDJ0,7793,,
2026-06-10,sXRGp_ttFI4,7056,,
2026-06-10,sZhgf8PQ5gc,8549,,
2026-06-10,scIFhQSvvlE,2723,,
2026-06-10,scM9aI9kTus,4877,,
2026-06-10,skABNIsQ3fA,12456,,
2026-06-10,sl11WONqgaQ,3240,,
2026-06-10,smATVd6dk-k,13940,,
2026-06-10,sqx6twZgR-k,3891,,
2026-06-10,ssIA_N2u50Y,7193,,
2026-06-10,syPu5HdMT4k,1016,,
2026-06-10,t01TItG_UAQ,594,,
2026-06-10,t1UIIjuMirY,8776,,
2026-06-10,t1kj63890o8,3483,,
2026-06-10,t3G_N5DO6us,6177,,
2026-06-10,t4gVVdxtNWE,8605,,
2026-06-10,tGsk0H21JgE,2135,,
2026-06-10,t_RBOUZAqGw,4448,,
2026-06-10,tcomjtcMjLE,1105,,
2026-06-10,tdc-zfxIlEY,31888,,
2026-06-10,tiDCtcHjdQU,7069,,
2026-06-10,trS0kTq6Tk8,1650,,
2026-06-10,txSX7-1XQOE,2643,,
2026-06-10,tyRJESdSDm4,14545,,
2026-06-10,tz7n--I4rDU,1479,,
2026-06-10,u00LAYagwGo,4465,,
2026-06-10,u4e1ijV4iRQ,5283,,
2026-06-10,u7xKzLuKt5I,17629,,
2026-06-10,uXbngiOXOD0,10264,,
2026-06-10,ub9JNL8EhJ4,1468,,
2026-06-10,uk5ADKNqHoc,1438,,
2026-06-10,ul9Sw7brukY,1559,,
2026-06-10,umNEJg2sj50,967,,
2026-06-10,un8Mt5f-mUE,10573,,
2026-06-10,usRrwR8CUb8,8959,,
2026-06-10,uxxwN68AJHE,5453,,
2026-06-10,v-ylvHTi_Mc,3354,,
2026-06-10,v0kp6W42yf4,2899,,
2026-06-10,v1J7bERLirA,3222,,
2026-06-10,v9INdKeBJEI,41696,,
2026-06-10,vDzWHTMsp_Y,1725,,
2026-06-10,vHvpM9nSO3Q,4043,,
2026-06-10,vIAhcX4SppA,3184,,
2026-06-10,vKYW7MTBAFg,10044,,
2026-06-10,vM5V9hoDKnQ,8909,,
2026-06-10,vQI78T3g4Gg,6120,,
2026-06-10,vUEmbLAxZ0Y,1099,,
2026-06-10,vWTTG9XlMoY,13192,,
2026-06-10,v_JJzLJ0eRw,4735,,
2026-06-10,vmSPrsKC8i8,49205,,
2026-06-10,vqsoh8y6xa8,5468,,
2026-06-10,vuvK_DUcqCk,7656,,
2026-06-10,vy88MX2ss_g,7346,,
2026-06-10,vyg196YvsgE,1025,,
2026-06-10,w3HciqK70s4,1642,,
2026-06-10,w68xGF_YIgU,24709,,
2026-06-10,w6b2AkddE8Y,2640,,
2026-06-10,w9kpcvkWngA,6562,,
2026-06-10,wBWXzI7uJYo,3681,,
2026-06-10,wGDSdaXZj00,44656,,
2026-06-10,wHcblaGXua8,9982,,
2026-06-10,wLB8pR4uME0,2702,,
2026-06-10,wSEMUoR4FS4,1492,,
2026-06-10,wSnq-Unha34,140928,,
2026-06-10,wX47G7oi_Z4,1959,,
2026-06-10,wg1R2_G_LEc,6092,,
2026-06-10,wnahjxPk5rk,2290,,
2026-06-10,wpHm4ARAChc,20951,,
2026-06-10,wpWCpGTZE2A,1893,,
2026-06-10,wuZgRtutoHQ,8168,,
2026-06-10,wutJAXwvMqo,9095,,
2026-06-10,wwtaQ_PNx1M,2962,,
2026-06-10,wxWz6zDC2wo,1480,,
2026-06-10,wzSn1b5XXtk,1867,,
2026-06-10,x3gjYoDR5tA,2627,,
2026-06-10,x5fPiJUOMk0,3867,,
2026-06-10,xMbY5fkmK0A,3517,,
2026-06-10,xQKEy65zAso,64211,,
2026-06-10,xTpYdSgeWPc,1179,,
2026-06-10,xZIOdejjTlg,2856,,
2026-06-10,x_KffjhARa0,2788,,
2026-06-10,xe6w3VmUf5I,6041,,
2026-06-10,xs2J2KW1q8Q,8431,,
2026-06-10,xvdkNKQAbJ8,1818,,
2026-06-10,xwLoo8ThKHI,858,,
2026-06-10,xxC2s5JBYZM,332,,
2026-06-10,xya7ZlFJ-x8,2262,,
2026-06-10,y3rXMXG_UF8,3637,,
2026-06-10,y4Yqheg9DuY,15260,,
2026-06-10,y6T5kX1L0aw,1627,,
2026-06-10,y76fsYJCAO0,1636,,
2026-06-10,y8mTWAs2PPw,3169,,
2026-06-10,yF9W5KZ4lfs,6504,,
2026-06-10,yGc4NnBE6nY,4908,,
2026-06-10,yKCrM_XkKaY,15236,,
2026-06-10,yKIM1UxtbpU,2031,,
2026-06-10,yPh9jEw5_Lw,2796,,
2026-06-10,ySg8CEjxwwo,5777,,
2026-06-10,yUQ4NYv_io0,3338,,
2026-06-10,yXWhKEoL3QU,3952,,
2026-06-10,yo-Wdxc6ng0,3500,,
2026-06-10,yrJ1mvA6eIM,10008,,
2026-06-10,yrcwoFLtS5Y,7362,,
2026-06-10,ytt9pEb78FA,4972,,
2026-06-10,z-n_vz4gFRw,14167,,
2026-06-10,z0A-aCcVXSA,3081,,
2026-06-10,z2SU31i7Uo4,9207,,
2026-06-10,z8MJYHsQh5c,16430,,
2026-06-10,zCk1p-hPBCs,156,,
2026-06-10,zDtacZ_qT0Y,11972,,
2026-06-10,zI6L_SkYqkU,1243,,
2026-06-10,zLgpLCYCbyA,2530,,
2026-06-10,zSvZdF7CBjU,6193,,
2026-06-10,zVMIZRDSvCc,1742,,
2026-06-10,zceKtRTdgSo,12552,,
2026-06-10,zjYgzIlRmOk,7015,,
2026-06-10,zksWnpcM05I,4209,,
2026-06-10,zpX-Xs1a9MY,3128,,
2026-06-10,zrRTPvOBEnU,2818,,
2026-06-10,zsRQcswYx8w,2820,,
2026-06-10,zsYZHcSRvB8,25274,,
2026-06-10,zsaXdCEuYsY,2249,,
2026-06-10,zufjmNpcSlg,1607,,
2026-06-10,zvjhIylspTc,10134,,
2026-06-10,zx1Xu1eI_UM,1987,,
2026-06-10,zxwGfKCo6as,4760,,
2026-06-10,zyY2aRVZMp4,1258,,
2026-06-10,zzWIE6Sg_E0,22182,,
2026-06-11,3A0Gwb7nmw8,2669,,
2026-06-11,5b4RSDrkc8I,4544,,
2026-06-11,Ati51CQqpKY,5658,,
2026-06-11,F5WCr1Md6mk,1823,,
2026-06-11,KNwEQXDv5XM,8273,,
2026-06-11,Kh_0ICA5cfg,5736,,
2026-06-11,MOmBOx1LEJU,31153,,
2026-06-11,PmY9rmZK_oM,1931,,
2026-06-11,SoVnrdQ7b_s,4797,,
2026-06-11,U9sNqbVd1L8,4148,,
2026-06-11,UVkQsLv7n2s,2231,,
2026-06-11,UxyCkiufJyg,3319,,
2026-06-11,WUchEyRFIxw,3818,,
2026-06-11,_ALc4VJkpjA,12173,,
2026-06-11,ccZaP6LEaLI,8232,,
2026-06-11,f1eFQJocAow,7346,,
2026-06-11,gAlQprevPh0,2574,,
2026-06-11,hJ3DwYLFjcY,1374,,
2026-06-11,iY0az_GdCiI,5378,,
2026-06-11,mOqGGh-ot08,11005,,
2026-06-11,p-Ig77st4KY,7534,,
2026-06-11,pj41DZonKFU,5291,,
2026-06-11,ppIXkOvS4WI,3174,,
2026-06-11,sl11WONqgaQ,3249,,
2026-06-11,xZIOdejjTlg,2859,,
2026-06-11,zx1Xu1eI_UM,1997,,
2026-06-12,-Fkj0aK2dO8,5636,,
2026-06-12,3A0Gwb7nmw8,2673,,
2026-06-12,5b4RSDrkc8I,4545,,
2026-06-12,7sRKccOoPbY,8781,,
2026-06-12,Ati51CQqpKY,5665,,
2026-06-12,F5WCr1Md6mk,1891,,
2026-06-12,KNwEQXDv5XM,8279,,
2026-06-12,Kh_0ICA5cfg,5754,,
2026-06-12,MOmBOx1LEJU,31493,,
2026-06-12,PmY9rmZK_oM,1932,,
2026-06-12,QQh0twun7tg,46436,,
2026-06-12,SoVnrdQ7b_s,4811,,
2026-06-12,U9sNqbVd1L8,4156,,
2026-06-12,UVkQsLv7n2s,2236,,
2026-06-12,UxyCkiufJyg,3322,,
2026-06-12,WUchEyRFIxw,3822,,
2026-06-12,_ALc4VJkpjA,12215,,
2026-06-12,cMFi9XkhDDQ,2578,,
2026-06-12,ccZaP6LEaLI,8275,,
2026-06-12,eokbRB_Y2CU,4365,,
2026-06-12,f1eFQJocAow,7352,,
2026-06-12,gAlQprevPh0,2604,,
2026-06-12,hJ3DwYLFjcY,2226,,
2026-06-12,iY0az_GdCiI,5397,,
2026-06-12,mOqGGh-ot08,11105,,
2026-06-12,p-Ig77st4KY,7562,,
2026-06-12,pTqxjQV_PYU,8780,,
2026-06-12,pj41DZonKFU,5301,,
2026-06-12,ppIXkOvS4WI,3283,,
2026-06-12,sl11WONqgaQ,3262,,
2026-06-12,xZIOdejjTlg,2865,,
2026-06-12,zx1Xu1eI_UM,2002,,
2026-06-13,3A0Gwb7nmw8,2681,,
2026-06-13,5b4RSDrkc8I,4548,,
2026-06-13,Ati51CQqpKY,5674,,
2026-06-13,F5WCr1Md6mk,1911,,
2026-06-13,KNwEQXDv5XM,8280,,
2026-06-13,Kh_0ICA5cfg,5766,,
2026-06-13,MOmBOx1LEJU,31868,,
2026-06-13,PmY9rmZK_oM,1933,,
2026-06-13,SoVnrdQ7b_s,4817,,
2026-06-13,U9sNqbVd1L8,4163,,
2026-06-13,UVkQsLv7n2s,2238,,
2026-06-13,UxyCkiufJyg,3322,,
2026-06-13,WUchEyRFIxw,3824,,
2026-06-13,_ALc4VJkpjA,12242,,
2026-06-13,ccZaP6LEaLI,8314,,
2026-06-13,gAlQprevPh0,2624,,
2026-06-13,hJ3DwYLFjcY,2569,,
2026-06-13,iY0az_GdCiI,5403,,
2026-06-13,mOqGGh-ot08,11190,,
2026-06-13,p-Ig77st4KY,7585,,
2026-06-13,pj41DZonKFU,5308,,
2026-06-13,ppIXkOvS4WI,3347,,
2026-06-13,sl11WONqgaQ,3265,,
2026-06-13,xZIOdejjTlg,2869,,
2026-06-13,zx1Xu1eI_UM,2015,,
2026-06-14,3A0Gwb7nmw8,2682,,
2026-06-14,5b4RSDrkc8I,4551,,
2026-06-14,Ati51CQqpKY,5680,,
2026-06-14,F5WCr1Md6mk,1931,,
2026-06-14,KNwEQXDv5XM,8282,,
2026-06-14,Kh_0ICA5cfg,5776,,
2026-06-14,MOmBOx1LEJU,32251,,
2026-06-14,PmY9rmZK_oM,1933,,
2026-06-14,SoVnrdQ7b_s,4825,,
2026-06-14,U9sNqbVd1L8,4165,,
2026-06-14,UVkQsLv7n2s,2243,,
2026-06-14,UxyCkiufJyg,3323,,
2026-06-14,WUchEyRFIxw,3830,,
2026-06-14,_ALc4VJkpjA,12266,,
2026-06-14,ccZaP6LEaLI,8344,,
2026-06-14,gAlQprevPh0,2639,,
2026-06-14,hJ3DwYLFjcY,2898,,
2026-06-14,iY0az_GdCiI,5416,,
2026-06-14,mOqGGh-ot08,11251,,
2026-06-14,p-Ig77st4KY,7610,,
2026-06-14,pj41DZonKFU,5318,,
2026-06-14,ppIXkOvS4WI,3437,,
2026-06-14,sl11WONqgaQ,3277,,
2026-06-14,xZIOdejjTlg,2870,,
2026-06-14,zx1Xu1eI_UM,2017,,
2026-06-15,3A0Gwb7nmw8,2695,,
2026-06-15,5b4RSDrkc8I,4557,,
2026-06-15,Ati51CQqpKY,5684,,
2026-06-15,ClAz_Etby1k,3551,,
2026-06-15,F5WCr1Md6mk,1950,,
2026-06-15,KNwEQXDv5XM,8289,,
2026-06-15,Kh_0ICA5cfg,5787,,
2026-06-15,MOmBOx1LEJU,32579,,
2026-06-15,N9CZswDtnCA,3418,,
2026-06-15,Nhb3_wu7Ddk,13556,,
2026-06-15,PmY9rmZK_oM,1936,,
2026-06-15,SoVnrdQ7b_s,4830,,
2026-06-15,U9sNqbVd1L8,4170,,
2026-06-15,UVkQsLv7n2s,2245,,
2026-06-15,UxyCkiufJyg,3328,,
2026-06-15,WUchEyRFIxw,3835,,
2026-06-15,_ALc4VJkpjA,12295,,
2026-06-15,ccZaP6LEaLI,8389,,
2026-06-15,dA0DwmLmQ9s,6182,,
2026-06-15,gAlQprevPh0,2663,,
2026-06-15,hJ3DwYLFjcY,3107,,
2026-06-15,iY0az_GdCiI,5426,,
2026-06-15,mOqGGh-ot08,11318,,
2026-06-15,p-Ig77st4KY,7635,,
2026-06-15,pj41DZonKFU,5327,,
2026-06-15,ppIXkOvS4WI,3513,,
2026-06-15,sl11WONqgaQ,3286,,
2026-06-15,svTgRSTyypU,29407,,
2026-06-15,xZIOdejjTlg,2872,,
2026-06-15,yJTEsQi0G98,426,,
2026-06-15,yeBCQurwTAM,3932,,
2026-06-15,zx1Xu1eI_UM,2022,,
2026-06-16,3A0Gwb7nmw8,2701,,
2026-06-16,5b4RSDrkc8I,4557,,
2026-06-16,Ati51CQqpKY,5689,,
2026-06-16,F5WCr1Md6mk,1961,,
2026-06-16,KNwEQXDv5XM,8295,,
2026-06-16,Kh_0ICA5cfg,5793,,
2026-06-16,MOmBOx1LEJU,32865,,
2026-06-16,PmY9rmZK_oM,1938,,
2026-06-16,SoVnrdQ7b_s,4836,,
2026-06-16,U9sNqbVd1L8,4170,,
2026-06-16,UVkQsLv7n2s,2249,,
2026-06-16,WUchEyRFIxw,3840,,
2026-06-16,_ALc4VJkpjA,12333,,
2026-06-16,ccZaP6LEaLI,8422,,
2026-06-16,gAlQprevPh0,2673,,
2026-06-16,hJ3DwYLFjcY,3194,,
2026-06-16,iY0az_GdCiI,5433,,
2026-06-16,mOqGGh-ot08,11373,,
2026-06-16,p-Ig77st4KY,7661,,
2026-06-16,pj41DZonKFU,5334,,
2026-06-16,ppIXkOvS4WI,3582,,
2026-06-16,sl11WONqgaQ,3299,,
2026-06-16,xZIOdejjTlg,2873,,
2026-06-16,yJTEsQi0G98,758,,
2026-06-16,zx1Xu1eI_UM,2027,,
2026-06-17,--eCZ5KJphU,1933,,
2026-06-17,-27X7n7IstM,6521,,
2026-06-17,-3dLSMzi38k,5040,,
2026-06-17,-FJcDEQ2CB0,14191,,
2026-06-17,-GYR8m5pqkI,10629,,
2026-06-17,-SxNX1_ipZ0,4472,,
2026-06-17,-WID9zHoKhE,372,,
2026-06-17,-pXsceBZ-uI,1955,,
2026-06-17,01F_B8RaurQ,364,,
2026-06-17,0A3d0lovA9c,2881,,
2026-06-17,0BvJ_8VSpAQ,19908,,
2026-06-17,0JFuxpSFiLo,20711,,
2026-06-17,0Mur3o4gJn4,5854,,
2026-06-17,0U0-9stDv2w,6789,,
2026-06-17,0YdWcjA5acg,8179,,
2026-06-17,0_I4PHJ-miw,21586,,
2026-06-17,0dqRFbgCuVg,6492,,
2026-06-17,0irTZK6Z_YI,983,,
2026-06-17,0jvB7_mRdVk,1523,,
2026-06-17,0luCN1MyFX8,10919,,
2026-06-17,0nv1NY1lx_E,5285,,
2026-06-17,0t_oTJZ6Irs,6675,,
2026-06-17,13jLs1WwfTY,4721,,
2026-06-17,14FLm6zvvlM,3285,,
2026-06-17,1APEiSZz2zM,320,,
2026-06-17,1M5hO5Iz4hQ,11463,,
2026-06-17,1WejSH57PSA,555,,
2026-06-17,1_CE104JHi8,4472,,
2026-06-17,1fn9RPaSFvM,4151,,
2026-06-17,1gAj8idUtrk,12917,,
2026-06-17,1k6Bzkiw48o,10700,,
2026-06-17,1qYWYaGdxt4,1425,,
2026-06-17,1uRRhugMzlE,4333,,
2026-06-17,1vJB1yOPOf0,7385,,
2026-06-17,1yK9VWnQpx4,21502,,
2026-06-17,24Ib0j0xDxE,15847,,
2026-06-17,2CnmP8lvGE4,6276,,
2026-06-17,2JqFe4tSOyk,9615,,
2026-06-17,2OdJHlmdu3A,3439,,
2026-06-17,2WaFFWc3lno,6167,,
2026-06-17,2bY_4Ut49J8,4092,,
2026-06-17,2l0-duQwSfI,5275,,
2026-06-17,2lZK2lUb6ew,10563,,
2026-06-17,2qLT-wnFaP0,7846,,
2026-06-17,2qZb4PtGQUg,3215,,
2026-06-17,2qron8l5-WA,2901,,
2026-06-17,2vAcCPS9-YE,3133,,
2026-06-17,3A0Gwb7nmw8,2703,,
2026-06-17,3BNqAqRukts,17323,,
2026-06-17,3Cm_qVj04z0,338,,
2026-06-17,3DNRCakknE0,4690,,
2026-06-17,3HUs08W6-8o,15678,,
2026-06-17,3KJwgGv_hq0,4037,,
2026-06-17,3Nh8y-oesJ0,7891,,
2026-06-17,3gPoLb5rT70,16897,,
2026-06-17,3iUH-OYuGIo,235,,
2026-06-17,3jZh-NYS564,6763,,
2026-06-17,3nGph8PX2-Q,3500,,
2026-06-17,3xtwXWyEfhk,1797,,
2026-06-17,49KORRES2ks,2314,,
2026-06-17,4Q1Xe92xmwI,9373,,
2026-06-17,4VN65sXHXSU,5770,,
2026-06-17,4WHM_GRby90,5775,,
2026-06-17,4aUWIhJE2n4,3636,,
2026-06-17,4b4THjNuDW0,603,,
2026-06-17,4n-UnjzY3B0,252,,
2026-06-17,4qtFClwSzc8,1465,,
2026-06-17,4r4Fv5i5zCI,7160,,
2026-06-17,4tli9Q4KZ3w,3108,,
2026-06-17,4vHxpaifn9w,25175,,
2026-06-17,4zfnW56TcvY,3010,,
2026-06-17,5I2-cQ7oa10,3598,,
2026-06-17,5MHf5WPH1v4,4353,,
2026-06-17,5R6l50LDlV4,3556,,
2026-06-17,5b4RSDrkc8I,4561,,
2026-06-17,5kFO9eUjRPk,12965,,
2026-06-17,5sVEspUzpGY,3786,,
2026-06-17,5t3KYPZKUe4,10714,,
2026-06-17,615ClJ5oqkw,1216,,
2026-06-17,62v6RgdBly0,2401,,
2026-06-17,69_RI4iZxuQ,6524,,
2026-06-17,6BegJIenaBE,9711,,
2026-06-17,6Bmjis1ofzE,6146,,
2026-06-17,6SV0Lm47pvY,2451,,
2026-06-17,6TcR8BFdyJM,2900,,
2026-06-17,6VUBa5NSLU8,965,,
2026-06-17,6Xmd08nL2G4,4702,,
2026-06-17,6d8jMrgjDuE,3235,,
2026-06-17,6iCAxQUz4aQ,5712,,
2026-06-17,6l3bIPltt3A,6743,,
2026-06-17,6ob9UwPviJA,5008,,
2026-06-17,6tcSoXsMs9c,6013,,
2026-06-17,6vhfb7LUUYc,3582,,
2026-06-17,6zLWdLXiJC8,13740,,
2026-06-17,73a6CtNTac4,10009,,
2026-06-17,7BXf6nTyiCQ,3878,,
2026-06-17,7BkLmVdcaJw,6298,,
2026-06-17,7EgU3ReHrIc,1258,,
2026-06-17,7FZrM9iMsCM,6347,,
2026-06-17,7IZ5eCJ3Vqc,2436,,
2026-06-17,7NZvpCqH7eA,2777,,
2026-06-17,7NbPwroPQ80,3045,,
2026-06-17,7Odyxk-S9f0,52934,,
2026-06-17,7PSt_Gouh6g,2807,,
2026-06-17,7cpCkvLwQsI,2089,,
2026-06-17,7dlhZLngdvM,8793,,
2026-06-17,7m_UlzkGLlA,33891,,
2026-06-17,7tKbMZqzLks,2849,,
2026-06-17,7ufObjxCBKI,13526,,
2026-06-17,7wuBlcFsfvc,4390,,
2026-06-17,7zHiFWEJfZY,8584,,
2026-06-17,87Vb6sa1KcY,1456,,
2026-06-17,8OPlCKgcSO8,6321,,
2026-06-17,8T1Pe58GJpw,4299,,
2026-06-17,8UOwBfCgZn8,1054,,
2026-06-17,8UWpsEyQwCU,3977,,
2026-06-17,8_fxIwJi8eI,12195,,
2026-06-17,8fwEHUkKTFc,1233,,
2026-06-17,8hbiWsIlhQ0,1284,,
2026-06-17,8pRl03u-hjI,7629,,
2026-06-17,8r9S_xIzqLk,4054,,
2026-06-17,8tmQ6wySUSI,4527,,
2026-06-17,900BOlBTFNg,35928,,
2026-06-17,99bQhxWPWuo,9098,,
2026-06-17,9BmwbWSPXwY,4738,,
2026-06-17,9Fhr7gYQPBM,1453,,
2026-06-17,9O3XYd0F6VI,11144,,
2026-06-17,9Ot1RhssfL0,768,,
2026-06-17,9TvuNO-fnXM,16095,,
2026-06-17,9_6yRxY8iiY,9857,,
2026-06-17,9cZh_IuGMyM,374,,
2026-06-17,9dFDeUNHViY,9273,,
2026-06-17,9gFQ9rFMKEA,38626,,
2026-06-17,9h2v-rVmwEA,8627,,
2026-06-17,9hOkPAYmpPM,6616,,
2026-06-17,9hgzA60ZGZg,5442,,
2026-06-17,9rVcXaVHCXw,2611,,
2026-06-17,9wgzzLCatp8,853,,
2026-06-17,9yg2AIYdu6E,1734,,
2026-06-17,A4wr-iI2hJU,20961,,
2026-06-17,A5ojgoN39Lc,6287,,
2026-06-17,A9RXB8YTc6Y,12428,,
2026-06-17,ADwtKtLtE8Q,1984,,
2026-06-17,AKDQisHl8Ek,3889,,
2026-06-17,AKJRVoJu_Q4,7386,,
2026-06-17,ANYrzwn5h_M,4667,,
2026-06-17,AO1WNfgIgiE,8564,,
2026-06-17,ASSnCNI-KlM,1258,,
2026-06-17,AU7Z9h1x1Ys,695,,
2026-06-17,AUG114ir5eQ,1238,,
2026-06-17,AUxR3aTc3ng,1497,,
2026-06-17,AaCd4amsV0U,2023,,
2026-06-17,Ac6AOC9yxJE,4316,,
2026-06-17,AcR00ZHbVKU,7477,,
2026-06-17,AgcnylfczPE,10450,,
2026-06-17,AmYVHRf2Aq8,8626,,
2026-06-17,Ao4VRNX_h4A,11651,,
2026-06-17,Aq3emUbqTbA,803,,
2026-06-17,Ati51CQqpKY,5690,,
2026-06-17,B0IPEMdrCRA,3024,,
2026-06-17,B5xTJMahaK4,2528,,
2026-06-17,B9FbWxNdJPY,18782,,
2026-06-17,B9zmRMY6ISI,2684,,
2026-06-17,BNze82M59-E,6970,,
2026-06-17,BSum-2t0a28,4634,,
2026-06-17,B_OF2TYLnQw,6319,,
2026-06-17,B_rcAwySccg,3502,,
2026-06-17,BdCpg8-TlGg,3507,,
2026-06-17,BfLT1TlZInE,19891,,
2026-06-17,BfjZU1zyiOc,1882,,
2026-06-17,BkAhos9qrLQ,2127,,
2026-06-17,BsWIaYs09vc,5826,,
2026-06-17,BskXYIlyNzA,5977,,
2026-06-17,C5ETgNOq1gQ,14150,,
2026-06-17,C5Rh96Gz8yg,6934,,
2026-06-17,C9AMwVwgVPo,2994,,
2026-06-17,C9FJCiew0s8,4044,,
2026-06-17,CD6KcQMdzfc,2828,,
2026-06-17,CEF9v_JMVe8,7155,,
2026-06-17,CJkJWnPzguM,20814,,
2026-06-17,CKAGWlmyXbA,8893,,
2026-06-17,CMh4ttABaiE,1222,,
2026-06-17,CSTFP0gKnd8,5287,,
2026-06-17,CUpAWj1wVbU,24200,,
2026-06-17,CVFIzDp5iio,11175,,
2026-06-17,CYn4JoQTD1I,666,,
2026-06-17,CYvruxt8Ocw,5251,,
2026-06-17,CgzCQr9ilsw,387,,
2026-06-17,ChKL1KyjlZ4,5166,,
2026-06-17,CkghB9G4vOo,213,,
2026-06-17,Cpa04rQyl18,7660,,
2026-06-17,CufCJMTTKHk,1624,,
2026-06-17,Cy2qJ0Win1I,4312,,
2026-06-17,D-dgFUvl7YA,7765,,
2026-06-17,D4p6nv2t2FA,245,,
2026-06-17,D50nmITTLp8,1806,,
2026-06-17,DAuagmdRSOE,10679,,
2026-06-17,DBkInEbzPk0,2698,,
2026-06-17,DDd5prelU6A,8775,,
2026-06-17,DDiDtP-uOqU,2275,,
2026-06-17,DI-Oxm-J0W0,5513,,
2026-06-17,DIv0FHIZiko,3475,,
2026-06-17,DNsUjaDT3AQ,4110,,
2026-06-17,DPEZ-FtI4UI,8224,,
2026-06-17,DPz-ktdaHII,446,,
2026-06-17,DS_neiUmgrA,2716,,
2026-06-17,DY9enl751Hk,8986,,
2026-06-17,Dcu_IubxG8I,4948,,
2026-06-17,Df9q7HerAA4,4901,,
2026-06-17,DiLjnRqx0xo,3838,,
2026-06-17,DnXALAe3BtY,1596,,
2026-06-17,DohrPYUe11o,1533,,
2026-06-17,DouSkzKX7NE,6414,,
2026-06-17,Drqehd-O2ak,3624,,
2026-06-17,DxUH69hEi9k,450,,
2026-06-17,E6ac_QwimUk,3644,,
2026-06-17,EFc5_Nct8wE,4514,,
2026-06-17,EIKIx9Xpl7c,2729,,
2026-06-17,E_DqVHrHIxM,7797,,
2026-06-17,EckbfLRDGjE,1687,,
2026-06-17,EkKqSnrdG7U,2680,,
2026-06-17,Ezrw0VHCy7w,280,,
2026-06-17,F1hpeZ_T-ww,2725,,
2026-06-17,F5WCr1Md6mk,1969,,
2026-06-17,F5y8-ztKpCM,3783,,
2026-06-17,F8PMKa1dz9g,732,,
2026-06-17,FAIITnGT4wo,4807,,
2026-06-17,FAfQTG-v0Cs,3215,,
2026-06-17,FEqKnaBExZU,9315,,
2026-06-17,FG5G2G-XjhE,14344,,
2026-06-17,FIEy7T-kMmQ,1907,,
2026-06-17,FKbiHBctwwA,3837,,
2026-06-17,FNVB3Ndlrw8,430,,
2026-06-17,FSFC8O9LxRU,2473,,
2026-06-17,FYtl1LolxwQ,9851,,
2026-06-17,Fa8jGX5mvj4,3097,,
2026-06-17,FfCJfpHXt8c,4033,,
2026-06-17,FgTt2XD_ryA,13459,,
2026-06-17,FkK2Rp5xEIc,10899,,
2026-06-17,FlGf6zZGtkk,5229,,
2026-06-17,FlbiS6qn6oE,2731,,
2026-06-17,Fs8L9V90RDk,7729,,
2026-06-17,FsemZttxTN8,5342,,
2026-06-17,G2COlj5SS54,7851,,
2026-06-17,G76WtaecxB4,1183,,
2026-06-17,G9YcpN4TAZw,5110,,
2026-06-17,GEZg76Swgc8,425,,
2026-06-17,GJRAN3_x8U4,3569,,
2026-06-17,GTD7cyckPnA,270,,
2026-06-17,GYD-rQNG-rI,8867,,
2026-06-17,Gdybpz4wjgY,331,,
2026-06-17,GgtIBQCZxkQ,5232,,
2026-06-17,Gjf4AsYGwU8,11001,,
2026-06-17,GqAXRVF_edY,4093,,
2026-06-17,GqRwtWVepYw,8683,,
2026-06-17,GqWbo7Uo8Ec,5669,,
2026-06-17,Gs03wWJ6vFc,913,,
2026-06-17,Gx6Z5Aj875s,6539,,
2026-06-17,H-jiaEptrx0,4312,,
2026-06-17,H3JH96ZJWzM,785,,
2026-06-17,H5yOaNKxZ-4,20564,,
2026-06-17,H97Ldv1IXtw,17663,,
2026-06-17,HBhaj0_Zm34,4408,,
2026-06-17,HDN25GTdn40,3886,,
2026-06-17,HRQ4Ibbkkco,2265,,
2026-06-17,HUbRq3GR8SI,4989,,
2026-06-17,HbNx1HcTEk4,21770,,
2026-06-17,HlwfZ6atyLw,1883,,
2026-06-17,Hsv6dNsEO40,10774,,
2026-06-17,HvQpYQlLGzg,3795,,
2026-06-17,Hwi-jokx7aI,2681,,
2026-06-17,I-S-0EO3-FA,2843,,
2026-06-17,I1sccj6fjQs,3681,,
2026-06-17,I3T6O4ez75M,4053,,
2026-06-17,I66Prbdjcn0,3447,,
2026-06-17,I70TmekxAXE,2642,,
2026-06-17,IAdR2JdoGr8,10013,,
2026-06-17,IB_3oFDAULc,11477,,
2026-06-17,IE6oyFF67A0,15266,,
2026-06-17,IEIg6U_krbY,9536,,
2026-06-17,IF966yryyqY,262,,
2026-06-17,IH591H86iFQ,7091,,
2026-06-17,IHsdTOEuG4g,8475,,
2026-06-17,IJdPXXMpYPk,806,,
2026-06-17,IKIrneFKwJY,622,,
2026-06-17,IQ3zeRLgnt4,3340,,
2026-06-17,IQQViyty9zM,2033,,
2026-06-17,ISKY2Bgz_c0,1223,,
2026-06-17,IXOacyfD7V4,13118,,
2026-06-17,IrGSyH2wlK0,1595,,
2026-06-17,IuZyLH50TMQ,22750,,
2026-06-17,Ix6NRPPJhd8,1184,,
2026-06-17,J-aiAO8-Czk,12912,,
2026-06-17,J1tRJRX44zc,2052,,
2026-06-17,JH6X6472Gdk,3401,,
2026-06-17,JNuRoWbolfs,6341,,
2026-06-17,Jep6zVwriOA,7002,,
2026-06-17,Jl2XOwlw5Z4,5273,,
2026-06-17,JpfqYvUYNr8,2205,,
2026-06-17,Ju3_gwctpM8,16383,,
2026-06-17,Jyn59AgDf6o,7103,,
2026-06-17,JzsEVr4W5ng,11104,,
2026-06-17,K1YD12TDxwo,1706,,
2026-06-17,K2T8Cd4-ba8,699,,
2026-06-17,K4YFVRGWGEY,2831,,
2026-06-17,K8o_u0_iFJU,7630,,
2026-06-17,K9Asd1xasRc,788,,
2026-06-17,KEnYv8bMxXM,38473,,
2026-06-17,KLTqQaG2asM,4380,,
2026-06-17,KMTemVbHKS4,3429,,
2026-06-17,KNT1a6LakZI,4445,,
2026-06-17,KNwEQXDv5XM,8300,,
2026-06-17,KOF8EQ_YcOU,11920,,
2026-06-17,KOedI8Dr__Y,4480,,
2026-06-17,KTnAV2qb5CY,7799,,
2026-06-17,KVaKaf9FX5I,8344,,
2026-06-17,KXoxeoaSwOA,4311,,
2026-06-17,Kh_0ICA5cfg,5800,,
2026-06-17,KiOKGmcOb_g,10187,,
2026-06-17,KlnSnb7YFEY,2675,,
2026-06-17,Kn5RCzQ9ufc,3730,,
2026-06-17,KqZv27fFQlQ,138291,,
2026-06-17,KrjMNWiU52A,16782,,
2026-06-17,KtjAJuKUbDM,15388,,
2026-06-17,L0KEJ_zq0Ak,10212,,
2026-06-17,L5c4VvuaU7w,17945,,
2026-06-17,LD8rxn2RFNE,4359,,
2026-06-17,LMbdAdrLzXg,4282,,
2026-06-17,LMryIj-gt9A,2050,,
2026-06-17,LNWGlnt3wF4,19127,,
2026-06-17,LRySNa5Y0No,5633,,
2026-06-17,LSGYVCqNEjc,4269,,
2026-06-17,LXW_Z8rp3bU,2227,,
2026-06-17,L_mpuGgHhfE,4598,,
2026-06-17,LadLiCQaAwQ,5190,,
2026-06-17,Lbrq5ramx-A,4546,,
2026-06-17,LdYe9MF1QMs,1936,,
2026-06-17,Li2lFki33xM,9192,,
2026-06-17,Lk6JhpGO69M,9719,,
2026-06-17,LmDOOPuqYG8,7642,,
2026-06-17,LpqnF4FROjg,364,,
2026-06-17,Lswdyl9nZtE,9533,,
2026-06-17,M61DCig7ZJY,6101,,
2026-06-17,MA41DUCQWfw,2528,,
2026-06-17,MM879hqJf1U,17467,,
2026-06-17,MOmBOx1LEJU,33164,,
2026-06-17,MRxgJpEyabo,4973,,
2026-06-17,MVWyRSiH4uQ,2598,,
2026-06-17,MWkhT5GG75k,6859,,
2026-06-17,MhZ5AKwboh0,9773,,
2026-06-17,MsxCeW9nTb0,3352,,
2026-06-17,Mtqdsr2BC_A,5586,,
2026-06-17,MvMstvlNNzQ,402,,
2026-06-17,MxDzq8aLzTo,789,,
2026-06-17,N0_ptJC7W48,3786,,
2026-06-17,N54m3zy-uzk,3431,,
2026-06-17,N6qK7AUqn54,10600,,
2026-06-17,NELsP8DaEa8,9544,,
2026-06-17,NHGisiXq7eg,7734,,
2026-06-17,NJelRHbyeWw,7477,,
2026-06-17,NRlM9dhgPTg,4344,,
2026-06-17,NWOjsRjPomI,2699,,
2026-06-17,NX-1jJ1PuxY,7781,,
2026-06-17,Nc1nItUxpQQ,8152,,
2026-06-17,Nh7jDVmtg0I,1456,,
2026-06-17,NvFqtHcCCXs,3529,,
2026-06-17,Nz2xOcIryF4,8873,,
2026-06-17,O14qr6DPo4Q,6888,,
2026-06-17,O1awyI-zPJs,14733,,
2026-06-17,OD8Jm9Yk0WY,21407,,
2026-06-17,OH7Rlrq71To,34087,,
2026-06-17,OHt_00p2dmY,5692,,
2026-06-17,OLPoLPMdW_g,2136,,
2026-06-17,OVHP92ag6d4,4142,,
2026-06-17,OYxpHMuv29k,8794,,
2026-06-17,O_7ZySSl0mk,4115,,
2026-06-17,OcgJZnE1a6o,771,,
2026-06-17,Ocp1_PPM4sI,23222,,
2026-06-17,OddgScxecfA,6895,,
2026-06-17,Om4MsEtTrnw,1453,,
2026-06-17,OsN0NNVuu7o,20118,,
2026-06-17,Ou7NGOVJ8Pc,3209,,
2026-06-17,OwK8r2uyqHU,6738,,
2026-06-17,P5dvh5HrHaE,7665,,
2026-06-17,P6a8zyHf7YY,956,,
2026-06-17,P7i-qgVG7c4,1774,,
2026-06-17,PLFNoideC9s,11670,,
2026-06-17,PM4DofLA2g0,731,,
2026-06-17,PUTrIDHNxQs,2394,,
2026-06-17,PdO8UebbbSA,1659,,
2026-06-17,PgvLUj9yWDQ,691,,
2026-06-17,Pk77G5OfECU,5053,,
2026-06-17,PkjXvpbR1q8,9188,,
2026-06-17,PmY9rmZK_oM,1940,,
2026-06-17,Pt8zI30MFm8,6906,,
2026-06-17,PtL2ZgPSF5o,14225,,
2026-06-17,Pwf2T_cntdg,20676,,
2026-06-17,PxyjUIyE5YI,15460,,
2026-06-17,Q-dHeMod7T0,7310,,
2026-06-17,Q1zf4SC-AvQ,2830,,
2026-06-17,QLdp2ZNFM_s,5306,,
2026-06-17,QUNzVqhLUBw,2635,,
2026-06-17,QVi7Ze1DEz4,5559,,
2026-06-17,QY2ox96a1zA,5920,,
2026-06-17,QeCKLvz2tIM,5729,,
2026-06-17,QhRPaWYjWYc,3985,,
2026-06-17,Qrag4Jg-veo,3863,,
2026-06-17,R1S8PFUsVWg,5452,,
2026-06-17,R4hO35nd_OI,6395,,
2026-06-17,R6Ukz91VIAY,1186,,
2026-06-17,R7utAmGPE_M,632,,
2026-06-17,RO6gVW9tdbY,1594,,
2026-06-17,ROV6ce9dkfI,4178,,
2026-06-17,RUy1hElRuUQ,5031,,
2026-06-17,RVWlgBZt6h8,4997,,
2026-06-17,RXEipSzDgtc,21945,,
2026-06-17,Rb2-RE864YY,10610,,
2026-06-17,RdvRwihvUUM,3929,,
2026-06-17,RgeVF0tu6ng,898,,
2026-06-17,RhUoPPchFBU,486,,
2026-06-17,RrVaJ5z_3mU,2966,,
2026-06-17,Rs5p0EuuTDw,9799,,
2026-06-17,Ry8PCL00Sjc,2012,,
2026-06-17,RyckAyrt7xQ,29439,,
2026-06-17,S0W7nQ2q3Kg,7414,,
2026-06-17,SB5QPpcWDXk,8583,,
2026-06-17,SCwP-bR498o,2550,,
2026-06-17,SGOEY0I_FQA,33404,,
2026-06-17,SHzg-IgnKuI,25888,,
2026-06-17,SKEcZIJKPzc,3471,,
2026-06-17,SOXoRwvxcv0,10644,,
2026-06-17,SQdrkq_hBzE,1870,,
2026-06-17,SW7PfbETFx8,2796,,
2026-06-17,SWoYNH7OMZI,1084,,
2026-06-17,SeWXiEIm9oI,1655,,
2026-06-17,Sf25ENrbQGM,997,,
2026-06-17,ShJ_j2paClA,9113,,
2026-06-17,ShkacKGq5Vk,5364,,
2026-06-17,SkukxahhmRo,6827,,
2026-06-17,Sl5Fl_vOthI,3111,,
2026-06-17,Sl5sYEh_UoU,6170,,
2026-06-17,SoVnrdQ7b_s,4840,,
2026-06-17,Sq3rkK6GhuE,245,,
2026-06-17,St5jhqEeasY,4542,,
2026-06-17,T2tuMBwhuKc,6915,,
2026-06-17,TDOWMduvE1o,3082,,
2026-06-17,TEqu2JH5dYc,905,,
2026-06-17,TMvgKj-2Z9k,1011,,
2026-06-17,TP7VDtErEvY,5391,,
2026-06-17,TS9rxa7-CXg,7122,,
2026-06-17,TV3fWx4rQh0,2316,,
2026-06-17,TWUoFcCtDhA,6510,,
2026-06-17,TXAe5nqafRY,1512,,
2026-06-17,T_jQIJSkjGo,7240,,
2026-06-17,TaY5NrLNABM,1330,,
2026-06-17,Tb4JB3eFPXw,5346,,
2026-06-17,Te57wukDp8g,4567,,
2026-06-17,TgJqTy_mCR4,7288,,
2026-06-17,Tj9CJM4ti2w,1728,,
2026-06-17,TqAy1jbJ9w8,8363,,
2026-06-17,TtCijTAgvPc,5034,,
2026-06-17,TvvDTvo-L74,7732,,
2026-06-17,TwfHRcdWHRg,4138,,
2026-06-17,U4zBHwf2MTw,1701,,
2026-06-17,U9sNqbVd1L8,4179,,
2026-06-17,UCaZFYzYm9k,6469,,
2026-06-17,UHGfFw-ZT98,3784,,
2026-06-17,UJOAvX_FD7o,251,,
2026-06-17,UKzsE2t00Jw,412,,
2026-06-17,UOOBf83nIco,36864,,
2026-06-17,UQIBN4D_qIs,2663,,
2026-06-17,UUUH5xnM-Mc,6018,,
2026-06-17,UVdc7kYPJEs,1064,,
2026-06-17,UVkQsLv7n2s,2254,,
2026-06-17,UZ3583GSSOo,3959,,
2026-06-17,UhuJQBAZv84,10260,,
2026-06-17,UiD0-skn904,812,,
2026-06-17,Ulotto-Re6w,4376,,
2026-06-17,UqLF2eIaDxg,7815,,
2026-06-17,V1jmHGrVs_k,8794,,
2026-06-17,V2d8qoEGyEU,231,,
2026-06-17,V3IHs2DwX0U,699,,
2026-06-17,V3nsGV2yOV8,2291,,
2026-06-17,V50CUypS7UM,2941,,
2026-06-17,V6AOpDTpCO4,4955,,
2026-06-17,V6Lm17-mfxA,4398,,
2026-06-17,V6d2Dc1l7BA,7153,,
2026-06-17,VKJLsmW95wc,3722,,
2026-06-17,VKMMVQtaDrM,11466,,
2026-06-17,VLJJ9zvdj2Y,4978,,
2026-06-17,VTOl1gAKo44,3179,,
2026-06-17,VTszds8Y7rU,7982,,
2026-06-17,Vb5gSRAHXCA,3869,,
2026-06-17,VlgtaUj_dho,4024,,
2026-06-17,VoU-7YGmoo0,1852,,
2026-06-17,VvVtNiE0bjA,3988,,
2026-06-17,VwTMGmXxghU,18692,,
2026-06-17,W3I8gwLv0Ro,2912,,
2026-06-17,W6U3fBgQoVg,1971,,
2026-06-17,WD7EzA2sbnI,2105,,
2026-06-17,WIP6ZDjQmww,9534,,
2026-06-17,WKMTSCW51fI,5210,,
2026-06-17,WNFEf_ZwNFw,434,,
2026-06-17,WNhZUBZ8tUc,43839,,
2026-06-17,WUchEyRFIxw,3840,,
2026-06-17,WWIB8ZW1i6w,2904,,
2026-06-17,WYGsRorORyI,16426,,
2026-06-17,WjgW6u9Tde8,2005,,
2026-06-17,Wu4lafiHjh0,7357,,
2026-06-17,WvVMuiXrqcI,7427,,
2026-06-17,X22UHszz5Dg,4424,,
2026-06-17,X5L0LaarTLg,10504,,
2026-06-17,XAQ_GYsV52A,10003,,
2026-06-17,XEqxbZoaqUw,5151,,
2026-06-17,XIhM9oLObuU,2502,,
2026-06-17,XVwO4OvjwI4,2433,,
2026-06-17,XWSWCP3TBrc,2832,,
2026-06-17,Xm4ScqSNV10,4425,,
2026-06-17,XsCgtUDrxck,2157,,
2026-06-17,Y66yYblAsq8,1858,,
2026-06-17,Y7Rm_Bmu-K0,37559,,
2026-06-17,Y8YjZOGrhJI,3872,,
2026-06-17,YA85ddRTnus,4967,,
2026-06-17,YA_LFvsyLoU,2254,,
2026-06-17,YBMZINlORaw,5911,,
2026-06-17,YDlHWsYd23o,4332,,
2026-06-17,YDmxUb_oNLI,2737,,
2026-06-17,YFjQz7FijWM,15082,,
2026-06-17,YOe2PL-1gT0,671,,
2026-06-17,YXqYOapYqYc,7626,,
2026-06-17,Y_mkJt3oY_k,3531,,
2026-06-17,YiKIKU-5KpY,0,,
2026-06-17,YpCAi9ofhjs,4315,,
2026-06-17,YpMxtemC5y8,4805,,
2026-06-17,YqZzdPYfnso,3598,,
2026-06-17,Ytbx-7bzEGc,4285,,
2026-06-17,Z-s3rXFeosc,6586,,
2026-06-17,Z12fVM_cnaI,10508,,
2026-06-17,Z2njQkTQDKY,5153,,
2026-06-17,Z9Jjrb6xQeo,3542,,
2026-06-17,ZA_G9BP9HLY,485,,
2026-06-17,ZE2dghmFE8Y,22461,,
2026-06-17,ZE3jHXXiSBY,9237,,
2026-06-17,ZE9ENcHPRr8,24016,,
2026-06-17,ZG72S1_wBC0,4969,,
2026-06-17,ZY_oCjE95Ss,393,,
2026-06-17,ZZBZkqJqvu8,10938,,
2026-06-17,Z_REKs508KY,6592,,
2026-06-17,ZaksbmqvxNM,8281,,
2026-06-17,ZcdQLCEyjjU,8531,,
2026-06-17,ZfQ7oKzL-Pw,12404,,
2026-06-17,ZgN1aMmXELI,4767,,
2026-06-17,Zq-NFi8kxlo,48490,,
2026-06-17,ZrqtNoiNSdw,4755,,
2026-06-17,ZsIml_y5qU4,145,,
2026-06-17,ZtUTR0E7VPY,45212,,
2026-06-17,ZvUISEnjqbQ,5315,,
2026-06-17,ZzYTRvOWH1I,4364,,
2026-06-17,_3MWGJ7MUTA,2806,,
2026-06-17,_8p1UyvwmhI,3830,,
2026-06-17,_9BI3P-OH84,1715,,
2026-06-17,_ALc4VJkpjA,12368,,
2026-06-17,_BvUrcl5tls,3144,,
2026-06-17,_EZK5vA1EX0,5105,,
2026-06-17,_FzLqe9KziY,2479,,
2026-06-17,_Jlf2Q0xGZ8,5763,,
2026-06-17,_LzDM8xt_dA,7785,,
2026-06-17,_NHlgOF-WU0,405,,
2026-06-17,_OsQEaApgwY,2523,,
2026-06-17,_UWA2fCxRHI,3716,,
2026-06-17,_auL36M33Aw,2607,,
2026-06-17,_eLkGBx1XiE,1063,,
2026-06-17,_fcTS5NosDs,1560,,
2026-06-17,_r9bm8JLsKc,3313,,
2026-06-17,_wWswU9t8HU,212,,
2026-06-17,_xEjpsA_iVg,2026,,
2026-06-17,_zVLb3rpe5I,6064,,
2026-06-17,_zuQYhMwTgs,5512,,
2026-06-17,a2L6AbyANjw,13220,,
2026-06-17,a2n31BGGWFI,4135,,
2026-06-17,a65XoIF7K7Y,7843,,
2026-06-17,a6qWlOZtG3E,2131,,
2026-06-17,a8g5MvFPwxo,6118,,
2026-06-17,aD-WkrzMJrk,2300,,
2026-06-17,aDDnbn7KVls,12643,,
2026-06-17,aIcW25HaFsI,5044,,
2026-06-17,aMG8tqZ6bW0,2881,,
2026-06-17,aOOR5vp4Kl0,3604,,
2026-06-17,aQF7qqm1iHE,2381,,
2026-06-17,aYgFb-fiwxA,11682,,
2026-06-17,acvpoQwncqI,3044,,
2026-06-17,ad5pxORFPfk,2441,,
2026-06-17,adsB3sGIcVQ,5625,,
2026-06-17,afLeJEbZs2k,6392,,
2026-06-17,ahyTF-4Agkg,984,,
2026-06-17,akC-r5hlDkc,2147,,
2026-06-17,aoh738yJBRA,6357,,
2026-06-17,aqbo0yu_l6g,15810,,
2026-06-17,ar-bXQYvUhs,2440,,
2026-06-17,ath0o3oOJCs,6304,,
2026-06-17,b4fNiXZPqRQ,10055,,
2026-06-17,bHJfRtPpY6E,1648,,
2026-06-17,bHuv7kKqe-A,8184,,
2026-06-17,bJHikj8skz4,2981,,
2026-06-17,bQaZqs74i2Y,5260,,
2026-06-17,bT7qGpnOpo4,4743,,
2026-06-17,b_Obp5cBRZk,5526,,
2026-06-17,bi3ZAQbw8EI,1863,,
2026-06-17,bqTNuZQOziA,9953,,
2026-06-17,bqf0zywB-Wo,11747,,
2026-06-17,c2ket6Qczzw,1469,,
2026-06-17,c3rRnSi93Lw,8704,,
2026-06-17,c6WqvHRlRkc,4344,,
2026-06-17,c9CotszUwYQ,2354,,
2026-06-17,cFn-fD2GmYU,2540,,
2026-06-17,cJwXjAKA0-k,5358,,
2026-06-17,cR199eKHJ4k,344,,
2026-06-17,cWyP2mrcwdM,770,,
2026-06-17,ccZaP6LEaLI,8449,,
2026-06-17,cevjHgZRbrg,292,,
2026-06-17,cfGpIvLPcPw,4930,,
2026-06-17,cga1y52KSCk,2974,,
2026-06-17,cjpnhsKzs1Q,2836,,
2026-06-17,coqZMUFd2C0,35358,,
2026-06-17,cpd3lbm5tL8,3540,,
2026-06-17,cqPVe0nQ1A0,5156,,
2026-06-17,cuZsMnQlDQU,13557,,
2026-06-17,d-msiY5zz5A,3078,,
2026-06-17,d-zJskCnHpI,3088,,
2026-06-17,d09nbbfOIA8,5075,,
2026-06-17,dFH36q7iWiU,243,,
2026-06-17,dHJbG72Itp8,15708,,
2026-06-17,dIqUY3R2_3A,7937,,
2026-06-17,dSmFHbtrZ7g,17534,,
2026-06-17,dURDUSYCm68,15103,,
2026-06-17,dWatNWKO9uk,3518,,
2026-06-17,de7gpeHMS1Q,381,,
2026-06-17,dgkZoy66esM,5285,,
2026-06-17,dijHVnTV0aM,6169,,
2026-06-17,dl3KzRCU-aQ,6547,,
2026-06-17,dlABqtYhbMk,6054,,
2026-06-17,dmbvfKzFSLo,3026,,
2026-06-17,dn-xSg_FT0A,17358,,
2026-06-17,dnI29M9CE44,3869,,
2026-06-17,dnUUMRDbasE,1870,,
2026-06-17,dp7vq7hweXs,1922,,
2026-06-17,dtdf5AeXwB8,420,,
2026-06-17,dtoZraGBx54,15253,,
2026-06-17,dv-40oFi5ak,6369,,
2026-06-17,dx9Qe_629yE,8712,,
2026-06-17,e061vqWD0lQ,1003,,
2026-06-17,e6iHP-UMZnk,5222,,
2026-06-17,e83i1spluHo,6369,,
2026-06-17,eGnLjzejgI4,2991,,
2026-06-17,eK7uM-EeLIk,7682,,
2026-06-17,eLcRSVAncfc,1335,,
2026-06-17,eLhCLA0Jndo,2216,,
2026-06-17,eM2S4pWeczs,148467,,
2026-06-17,eOxOgo6VNzQ,3585,,
2026-06-17,eUkmg5xOC7c,2345,,
2026-06-17,eYY-goMG0N0,4375,,
2026-06-17,ebpANnTL0zw,13188,,
2026-06-17,ecutxRcKQ6I,6436,,
2026-06-17,enR1CfAS5zo,2044,,
2026-06-17,ensnUIxTUHE,13990,,
2026-06-17,er-8YWX70rk,11938,,
2026-06-17,etbk0Z69oDs,814,,
2026-06-17,eu92DDq5snw,5512,,
2026-06-17,eymQ0rXs7d8,6149,,
2026-06-17,f-aH0vpaoyo,9994,,
2026-06-17,f7yvLMqdMJo,4111,,
2026-06-17,f8fN8Uqbb8s,6078,,
2026-06-17,fFdiFTfeCwE,6140,,
2026-06-17,fFgFYRumrDU,11048,,
2026-06-17,fG1-74pj6A4,15952,,
2026-06-17,fHYBRGdrXo0,1945,,
2026-06-17,fIo8SE2ky98,2965,,
2026-06-17,fKvvShsdaWU,18777,,
2026-06-17,fMmn4SMuSdE,4666,,
2026-06-17,fQwyeIriRx8,8301,,
2026-06-17,fZ7RRiEw54E,6306,,
2026-06-17,fbZea8wkoe8,9708,,
2026-06-17,ff5ZGdHsgIA,1093,,
2026-06-17,fg72xV_ZX8g,783,,
2026-06-17,fj2SC2FA324,2025,,
2026-06-17,flJTAxtk67w,11126,,
2026-06-17,flbyvShpL18,4884,,
2026-06-17,fsI10W24Ya8,7996,,
2026-06-17,gAPX20Ja0zk,2635,,
2026-06-17,gAlQprevPh0,2689,,
2026-06-17,gENAeokhMHI,3987,,
2026-06-17,gK1VHYEXt_0,223,,
2026-06-17,gNEGNjVWO0Q,2857,,
2026-06-17,gVj7YvOUjfc,1032,,
2026-06-17,gWdtuyZNxeQ,11094,,
2026-06-17,gXT5p-IBNMg,6031,,
2026-06-17,goQs8La8e94,28753,,
2026-06-17,gpKioDijRD4,1523,,
2026-06-17,gtGmlmLZ3Ps,1213,,
2026-06-17,gy_rDsWx8_4,4906,,
2026-06-17,h1qNF-YaHX8,4859,,
2026-06-17,hBhD4lpfrvw,4136,,
2026-06-17,hBqhV23fZnE,3933,,
2026-06-17,hD4BjVn9YXw,4485,,
2026-06-17,hJ3DwYLFjcY,3254,,
2026-06-17,hRgIER_2tZg,1185,,
2026-06-17,hSuSN9-UZUY,14936,,
2026-06-17,hUQqvZGsp6A,3484,,
2026-06-17,hVMJN3o6-5g,10772,,
2026-06-17,hX5lVJXMurI,6332,,
2026-06-17,h_v3GcIgbvM,18813,,
2026-06-17,hhwrtf3g0yY,4664,,
2026-06-17,hnnt5l96vVE,3534,,
2026-06-17,hrA_TspDTyM,2732,,
2026-06-17,hsiq1QlJqCs,37027,,
2026-06-17,htuK8cgwC-E,2570,,
2026-06-17,hwX4Jil8AFY,2224,,
2026-06-17,hy7L_a8J9z4,6054,,
2026-06-17,hyisCTgnS0g,805,,
2026-06-17,i4tThjQW98w,1476,,
2026-06-17,i5Ufb0FYkDM,2833,,
2026-06-17,i6kooD4epJ0,9589,,
2026-06-17,iCV7kvzQ_bA,19097,,
2026-06-17,iCrYuW2ixu8,2162,,
2026-06-17,iEHsfr9bvpg,12167,,
2026-06-17,iFu9J3h8RBY,8107,,
2026-06-17,iHt3VLuizj4,3665,,
2026-06-17,iKMz8ICRe8I,20367,,
2026-06-17,iNIxuEi7V54,2223,,
2026-06-17,iRyAJEXB_hE,3204,,
2026-06-17,iY0az_GdCiI,5437,,
2026-06-17,iYHt1pdScK0,202934,,
2026-06-17,i_bfUG57Je8,10564,,
2026-06-17,ipf-y1PaGBg,3729,,
2026-06-17,iuZ57o6ph1A,2412,,
2026-06-17,ixG3RWG-Xdw,10500,,
2026-06-17,j3BrzaBGJqY,3132,,
2026-06-17,j50kYrWuR6U,1325,,
2026-06-17,j9lMyW5Emo0,7309,,
2026-06-17,jBZnliX8R7M,5272,,
2026-06-17,jCGuQ1T3kUE,11100,,
2026-06-17,jQiLi6ev9zM,4928,,
2026-06-17,jTEvYjhQKTM,3493,,
2026-06-17,jV8i3ErC3MA,10251,,
2026-06-17,jdAA_65-h0E,16822,,
2026-06-17,jfEMLlPzKEU,7891,,
2026-06-17,jgfWTFUl_58,1425,,
2026-06-17,jh22fly0d-k,5195,,
2026-06-17,jlV4MmBxgPI,13267,,
2026-06-17,jrnfWiLWFJw,381,,
2026-06-17,k1SjNJaOJcA,7005,,
2026-06-17,k3yhL30Kpnw,1607,,
2026-06-17,k4GBTLOy9aE,11124,,
2026-06-17,k73d1z4sXCE,2572,,
2026-06-17,kCTe19NTny4,2078,,
2026-06-17,kCcXFPN8bK0,2694,,
2026-06-17,kETEBzJrtSA,7319,,
2026-06-17,kFWumpkL5yI,3278,,
2026-06-17,kO5VQOB3sxI,6269,,
2026-06-17,kSbp6GNfK7Y,4441,,
2026-06-17,kUDZK_9QPtA,14182,,
2026-06-17,kYmLSudfROM,5645,,
2026-06-17,kb2G7jcB3Ls,4273,,
2026-06-17,keYeekasjI8,19921,,
2026-06-17,kjl_jo_1HTg,2456,,
2026-06-17,ko82nHa36U4,8701,,
2026-06-17,kpcxQ1XCrq8,252,,
2026-06-17,kr9WECLcJWU,3716,,
2026-06-17,ktZgSqvfl8o,451,,
2026-06-17,kuoLAhyeaJQ,3973,,
2026-06-17,kzApFdb-KEs,777,,
2026-06-17,kzQhIJnlTsI,96110,,
2026-06-17,l4OOeF2yo9Y,3779,,
2026-06-17,lADjNtrJtIo,3116,,
2026-06-17,lCTSpZlGMb4,3704,,
2026-06-17,lN4Nv7R4sBI,10310,,
2026-06-17,lOciy5N92Lg,1560,,
2026-06-17,lOomWUxwNlQ,4452,,
2026-06-17,lSkunEYX5Go,1732,,
2026-06-17,lTCDfNnY4u8,5730,,
2026-06-17,lZj5qfUurLw,4006,,
2026-06-17,lZm2ZwjEy38,2979,,
2026-06-17,lgNWcFP2Ltg,12131,,
2026-06-17,lr1GJQXbj4c,1954,,
2026-06-17,lvOd4uyJkFE,30687,,
2026-06-17,lvtS_HSjXUA,10331,,
2026-06-17,m1gcxwLGPos,5667,,
2026-06-17,m6233lu5J9Q,11663,,
2026-06-17,m9q3qhKxbk4,2457,,
2026-06-17,mDDcQa5yCfI,20600,,
2026-06-17,mHE2XXExu7Q,1251,,
2026-06-17,mHSNcvaQ8YU,1017,,
2026-06-17,mM4k2pf-l9E,6024,,
2026-06-17,mNKdQ1YwHPc,2881,,
2026-06-17,mOqGGh-ot08,11428,,
2026-06-17,m_vvvpnOHfw,406,,
2026-06-17,mhXS2cpJlRo,1950,,
2026-06-17,mkJ-QgvLtyk,12229,,
2026-06-17,mnu4iJG72y8,5475,,
2026-06-17,n5WXv528CII,17755,,
2026-06-17,n93OGgP941o,2345,,
2026-06-17,n9XvIj6hOjc,2133,,
2026-06-17,nDLFzy9hIow,9661,,
2026-06-17,nF0VXXPcAh4,3036,,
2026-06-17,nMQCA_C9zoQ,102119,,
2026-06-17,nPV7ftm2WSg,2179,,
2026-06-17,nRTuARH-N9A,639,,
2026-06-17,nZ-Yf21ufww,9533,,
2026-06-17,n_8ek8wvHc8,5489,,
2026-06-17,nbqcaybmEe8,11603,,
2026-06-17,neQ91eM5hw4,21269,,
2026-06-17,nuEwWBGiQ4c,3846,,
2026-06-17,nwbp-b7PO4g,7237,,
2026-06-17,nxJqaJgDQIE,4307,,
2026-06-17,nyHN_s3QpkY,6969,,
2026-06-17,o0dULDtKQ-8,9952,,
2026-06-17,o4tmiD22BLI,18422,,
2026-06-17,oCAyG5S7cIw,10324,,
2026-06-17,oDeAAnpEEXU,1928,,
2026-06-17,oKTvQ7d9gYw,27303,,
2026-06-17,oPCHIAxcTHw,37676,,
2026-06-17,oRXt4EmUmKk,4263,,
2026-06-17,oUdstwXRu2c,2782,,
2026-06-17,oZh7YlRGlqA,5110,,
2026-06-17,oZjiL501lAY,1413,,
2026-06-17,o_FRQ02nigQ,5530,,
2026-06-17,ofwkfFci1iI,3335,,
2026-06-17,ol2a1T0BgrM,4404,,
2026-06-17,ol_M2L_mjBI,2617,,
2026-06-17,onlJoxwtQec,1378,,
2026-06-17,oo0K4ydn4rw,5974,,
2026-06-17,p-Ig77st4KY,7688,,
2026-06-17,p23Rm9i_EIg,6451,,
2026-06-17,p6uuiKju1Gc,4274,,
2026-06-17,p8GqOFBpR5w,4771,,
2026-06-17,p8ZK2nre57U,3784,,
2026-06-17,pC_lpEworvo,1026,,
2026-06-17,pGUjxBQqY5E,4021,,
2026-06-17,pKvwesJ8-t0,8734,,
2026-06-17,pRB23hC8dZY,3114,,
2026-06-17,pUPzkqLt5WM,4563,,
2026-06-17,pWY2T3MqfCw,3430,,
2026-06-17,pdIXWsxp0_g,3788,,
2026-06-17,pj41DZonKFU,5352,,
2026-06-17,pms2oKZcuqo,3418,,
2026-06-17,ppIXkOvS4WI,3629,,
2026-06-17,ptv9GRoEKs0,3713,,
2026-06-17,pyuB406DLuo,11405,,
2026-06-17,pzLWWa96_lE,5876,,
2026-06-17,q4mgxHWrmLM,6369,,
2026-06-17,q52xE5uCNT0,11569,,
2026-06-17,qIxGLqP2ZBA,3323,,
2026-06-17,qJ6pJMN4eiA,2635,,
2026-06-17,qMz0UbGJq4Y,6753,,
2026-06-17,qZi9yeRBf94,3759,,
2026-06-17,q_TknmNwvqA,5997,,
2026-06-17,qabDQ1ebZbQ,5900,,
2026-06-17,qbXC7hLKuGM,260,,
2026-06-17,qd6gmV0qrrk,14313,,
2026-06-17,qiI-rwVGiYQ,1977,,
2026-06-17,qkMCHJ28vsI,2311,,
2026-06-17,qmcbY6Sr_mw,3067,,
2026-06-17,qqQxwunPfLo,5160,,
2026-06-17,qzy12XbaJQ4,1501,,
2026-06-17,r0ZddKvFa9w,7607,,
2026-06-17,r3P6BU0gEVU,7471,,
2026-06-17,r4YE2Zghgbc,2831,,
2026-06-17,rAxPIoC8bB4,12502,,
2026-06-17,rJ6YCE4gWS0,1629,,
2026-06-17,rJeHPb9VWP4,2362,,
2026-06-17,rLZUcW0DBTM,9775,,
2026-06-17,rLfvnvBj8Ls,4807,,
2026-06-17,rR2A9ezT_gg,16372,,
2026-06-17,rULrrI9GfWU,1337,,
2026-06-17,rV23IXWdDOY,17108,,
2026-06-17,rVEh3PGiggk,372,,
2026-06-17,r_lWb2SpHO4,10287,,
2026-06-17,rckZ2uBOGYs,4270,,
2026-06-17,rixzhpBKdfg,2599,,
2026-06-17,rlnx986Qxkc,12912,,
2026-06-17,rojYn7h_-U4,2248,,
2026-06-17,rqcOPT_Dg7A,7127,,
2026-06-17,ruxKM1qX0Dc,11412,,
2026-06-17,rzIPT2DPtvA,5646,,
2026-06-17,s2GjWfPbh9I,1956,,
2026-06-17,sHQg97i_Hp0,155,,
2026-06-17,sO1rprIWDas,4246,,
2026-06-17,sQH3xPVic6Y,3878,,
2026-06-17,sVwAWTxKDJ0,7805,,
2026-06-17,sXRGp_ttFI4,7077,,
2026-06-17,sZhgf8PQ5gc,8553,,
2026-06-17,scIFhQSvvlE,2723,,
2026-06-17,scM9aI9kTus,4878,,
2026-06-17,skABNIsQ3fA,12470,,
2026-06-17,sl11WONqgaQ,3307,,
2026-06-17,smATVd6dk-k,13962,,
2026-06-17,sqx6twZgR-k,3897,,
2026-06-17,ssIA_N2u50Y,7200,,
2026-06-17,syPu5HdMT4k,1016,,
2026-06-17,t01TItG_UAQ,594,,
2026-06-17,t1UIIjuMirY,8779,,
2026-06-17,t1kj63890o8,3488,,
2026-06-17,t3G_N5DO6us,6182,,
2026-06-17,t4gVVdxtNWE,8612,,
2026-06-17,tGsk0H21JgE,2138,,
2026-06-17,t_RBOUZAqGw,4459,,
2026-06-17,tcomjtcMjLE,1105,,
2026-06-17,tdc-zfxIlEY,31930,,
2026-06-17,tiDCtcHjdQU,7081,,
2026-06-17,trS0kTq6Tk8,1652,,
2026-06-17,txSX7-1XQOE,2643,,
2026-06-17,tyRJESdSDm4,14567,,
2026-06-17,tz7n--I4rDU,1479,,
2026-06-17,u00LAYagwGo,4465,,
2026-06-17,u4e1ijV4iRQ,5299,,
2026-06-17,u7xKzLuKt5I,17630,,
2026-06-17,uXbngiOXOD0,10279,,
2026-06-17,ub9JNL8EhJ4,1469,,
2026-06-17,uk5ADKNqHoc,1438,,
2026-06-17,ul9Sw7brukY,1561,,
2026-06-17,umNEJg2sj50,967,,
2026-06-17,un8Mt5f-mUE,10582,,
2026-06-17,usRrwR8CUb8,8999,,
2026-06-17,uxxwN68AJHE,5460,,
2026-06-17,v-ylvHTi_Mc,3355,,
2026-06-17,v0kp6W42yf4,2900,,
2026-06-17,v1J7bERLirA,3226,,
2026-06-17,v9INdKeBJEI,41800,,
2026-06-17,vDzWHTMsp_Y,1725,,
2026-06-17,vHvpM9nSO3Q,4047,,
2026-06-17,vIAhcX4SppA,3184,,
2026-06-17,vKYW7MTBAFg,10064,,
2026-06-17,vM5V9hoDKnQ,8920,,
2026-06-17,vQI78T3g4Gg,6128,,
2026-06-17,vUEmbLAxZ0Y,1099,,
2026-06-17,vWTTG9XlMoY,13251,,
2026-06-17,v_JJzLJ0eRw,4736,,
2026-06-17,vmSPrsKC8i8,49353,,
2026-06-17,vqsoh8y6xa8,5480,,
2026-06-17,vuvK_DUcqCk,7691,,
2026-06-17,vy88MX2ss_g,7369,,
2026-06-17,vyg196YvsgE,1026,,
2026-06-17,w3HciqK70s4,1643,,
2026-06-17,w68xGF_YIgU,24754,,
2026-06-17,w6b2AkddE8Y,2640,,
2026-06-17,w9kpcvkWngA,6576,,
2026-06-17,wBWXzI7uJYo,3681,,
2026-06-17,wGDSdaXZj00,44713,,
2026-06-17,wHcblaGXua8,10015,,
2026-06-17,wLB8pR4uME0,2711,,
2026-06-17,wSEMUoR4FS4,1492,,
2026-06-17,wSnq-Unha34,145884,,
2026-06-17,wX47G7oi_Z4,1959,,
2026-06-17,wg1R2_G_LEc,6114,,
2026-06-17,wnahjxPk5rk,2292,,
2026-06-17,wpHm4ARAChc,21105,,
2026-06-17,wpWCpGTZE2A,1894,,
2026-06-17,wuZgRtutoHQ,8177,,
2026-06-17,wutJAXwvMqo,9128,,
2026-06-17,wwtaQ_PNx1M,2963,,
2026-06-17,wxWz6zDC2wo,1481,,
2026-06-17,wzSn1b5XXtk,1868,,
2026-06-17,x3gjYoDR5tA,2628,,
2026-06-17,x5fPiJUOMk0,3869,,
2026-06-17,xMbY5fkmK0A,3524,,
2026-06-17,xQKEy65zAso,64244,,
2026-06-17,xTpYdSgeWPc,1179,,
2026-06-17,xZIOdejjTlg,2875,,
2026-06-17,x_KffjhARa0,2788,,
2026-06-17,xe6w3VmUf5I,6047,,
2026-06-17,xs2J2KW1q8Q,8436,,
2026-06-17,xvdkNKQAbJ8,1823,,
2026-06-17,xwLoo8ThKHI,858,,
2026-06-17,xxC2s5JBYZM,332,,
2026-06-17,xya7ZlFJ-x8,2265,,
2026-06-17,y3rXMXG_UF8,3642,,
2026-06-17,y4Yqheg9DuY,15307,,
2026-06-17,y6T5kX1L0aw,1627,,
2026-06-17,y76fsYJCAO0,1638,,
2026-06-17,y8mTWAs2PPw,3171,,
2026-06-17,yF9W5KZ4lfs,6505,,
2026-06-17,yGc4NnBE6nY,4910,,
2026-06-17,yJTEsQi0G98,952,,
2026-06-17,yKCrM_XkKaY,15258,,
2026-06-17,yKIM1UxtbpU,2030,,
2026-06-17,yPh9jEw5_Lw,2798,,
2026-06-17,ySg8CEjxwwo,5780,,
2026-06-17,yUQ4NYv_io0,3350,,
2026-06-17,yXWhKEoL3QU,3952,,
2026-06-17,yo-Wdxc6ng0,3502,,
2026-06-17,yrJ1mvA6eIM,10021,,
2026-06-17,yrcwoFLtS5Y,7374,,
2026-06-17,ytt9pEb78FA,4976,,
2026-06-17,z-n_vz4gFRw,14198,,
2026-06-17,z0A-aCcVXSA,3084,,
2026-06-17,z2SU31i7Uo4,9221,,
2026-06-17,z8MJYHsQh5c,16511,,
2026-06-17,zCk1p-hPBCs,156,,
2026-06-17,zDtacZ_qT0Y,11999,,
2026-06-17,zI6L_SkYqkU,1244,,
2026-06-17,zLgpLCYCbyA,2534,,
2026-06-17,zSvZdF7CBjU,6205,,
2026-06-17,zVMIZRDSvCc,1744,,
2026-06-17,zceKtRTdgSo,12657,,
2026-06-17,zjYgzIlRmOk,7029,,
2026-06-17,zksWnpcM05I,4229,,
2026-06-17,zpX-Xs1a9MY,3131,,
2026-06-17,zrRTPvOBEnU,2819,,
2026-06-17,zsRQcswYx8w,2821,,
2026-06-17,zsYZHcSRvB8,25306,,
2026-06-17,zsaXdCEuYsY,2250,,
2026-06-17,zufjmNpcSlg,1610,,
2026-06-17,zvjhIylspTc,10138,,
2026-06-17,zx1Xu1eI_UM,2031,,
2026-06-17,zxwGfKCo6as,4760,,
2026-06-17,zyY2aRVZMp4,1258,,
2026-06-17,zzWIE6Sg_E0,22217,,
2026-06-18,3A0Gwb7nmw8,2708,,
2026-06-18,5b4RSDrkc8I,4566,,
2026-06-18,Ati51CQqpKY,5700,,
2026-06-18,F5WCr1Md6mk,1979,,
2026-06-18,IM0HdpgIDq8,2103,,
2026-06-18,KNwEQXDv5XM,8304,,
2026-06-18,Kh_0ICA5cfg,5809,,
2026-06-18,MOmBOx1LEJU,33493,,
2026-06-18,PmY9rmZK_oM,1943,,
2026-06-18,SoVnrdQ7b_s,4845,,
2026-06-18,U9sNqbVd1L8,4191,,
2026-06-18,UVkQsLv7n2s,2257,,
2026-06-18,WUchEyRFIxw,3842,,
2026-06-18,_ALc4VJkpjA,12428,,
2026-06-18,ccZaP6LEaLI,8483,,
2026-06-18,gAlQprevPh0,2701,,
2026-06-18,hJ3DwYLFjcY,3290,,
2026-06-18,iY0az_GdCiI,5455,,
2026-06-18,mOqGGh-ot08,11483,,
2026-06-18,p-Ig77st4KY,7709,,
2026-06-18,pj41DZonKFU,5362,,
2026-06-18,ppIXkOvS4WI,3677,,
2026-06-18,sl11WONqgaQ,3318,,
2026-06-18,xZIOdejjTlg,2878,,
2026-06-18,yJTEsQi0G98,1084,,
2026-06-18,zx1Xu1eI_UM,2037,,
2026-06-19,-Fkj0aK2dO8,5676,,
2026-06-19,3A0Gwb7nmw8,2711,,
2026-06-19,5b4RSDrkc8I,4572,,
2026-06-19,7sRKccOoPbY,8822,,
2026-06-19,Ati51CQqpKY,5701,,
2026-06-19,F5WCr1Md6mk,1985,,
2026-06-19,IM0HdpgIDq8,4463,,
2026-06-19,KNwEQXDv5XM,8313,,
2026-06-19,Kh_0ICA5cfg,5822,,
2026-06-19,MOmBOx1LEJU,33827,,
2026-06-19,PmY9rmZK_oM,1947,,
2026-06-19,QQh0twun7tg,46604,,
2026-06-19,SoVnrdQ7b_s,4850,,
2026-06-19,U9sNqbVd1L8,4195,,
2026-06-19,UVkQsLv7n2s,2258,,
2026-06-19,WUchEyRFIxw,3846,,
2026-06-19,_ALc4VJkpjA,12469,,
2026-06-19,cMFi9XkhDDQ,2584,,
2026-06-19,ccZaP6LEaLI,8510,,
2026-06-19,eokbRB_Y2CU,4393,,
2026-06-19,f1eFQJocAow,7391,,
2026-06-19,gAlQprevPh0,2712,,
2026-06-19,hJ3DwYLFjcY,3330,,
2026-06-19,iY0az_GdCiI,5466,,
2026-06-19,mOqGGh-ot08,11535,,
2026-06-19,p-Ig77st4KY,7750,,
2026-06-19,pTqxjQV_PYU,9042,,
2026-06-19,pj41DZonKFU,5370,,
2026-06-19,ppIXkOvS4WI,3721,,
2026-06-19,sl11WONqgaQ,3327,,
2026-06-19,xZIOdejjTlg,2882,,
2026-06-19,yJTEsQi0G98,1200,,
2026-06-19,zx1Xu1eI_UM,2044,,
2026-06-20,3A0Gwb7nmw8,2714,,
2026-06-20,5b4RSDrkc8I,4574,,
2026-06-20,F5WCr1Md6mk,1988,,
2026-06-20,IM0HdpgIDq8,5843,,
2026-06-20,KNwEQXDv5XM,8318,,
2026-06-20,Kh_0ICA5cfg,5829,,
2026-06-20,MOmBOx1LEJU,34109,,
2026-06-20,PmY9rmZK_oM,1948,,
2026-06-20,SoVnrdQ7b_s,4862,,
2026-06-20,U9sNqbVd1L8,4202,,
2026-06-20,UVkQsLv7n2s,2262,,
2026-06-20,WUchEyRFIxw,3850,,
2026-06-20,_ALc4VJkpjA,12503,,
2026-06-20,ccZaP6LEaLI,8554,,
2026-06-20,gAlQprevPh0,2718,,
2026-06-20,hJ3DwYLFjcY,3376,,
2026-06-20,iY0az_GdCiI,5471,,
2026-06-20,mOqGGh-ot08,11582,,
2026-06-20,p-Ig77st4KY,7773,,
2026-06-20,pj41DZonKFU,5377,,
2026-06-20,ppIXkOvS4WI,3764,,
2026-06-20,sl11WONqgaQ,3340,,
2026-06-20,xZIOdejjTlg,2886,,
2026-06-20,yJTEsQi0G98,1267,,
2026-06-20,zx1Xu1eI_UM,2044,,
2026-06-21,3A0Gwb7nmw8,2717,,
2026-06-21,5b4RSDrkc8I,4576,,
2026-06-21,F5WCr1Md6mk,1995,,
2026-06-21,IM0HdpgIDq8,6833,,
2026-06-21,KNwEQXDv5XM,8329,,
2026-06-21,Kh_0ICA5cfg,5836,,
2026-06-21,MOmBOx1LEJU,34440,,
2026-06-21,PmY9rmZK_oM,1953,,
2026-06-21,SoVnrdQ7b_s,4867,,
2026-06-21,U9sNqbVd1L8,4214,,
2026-06-21,UVkQsLv7n2s,2267,,
2026-06-21,WUchEyRFIxw,3855,,
2026-06-21,_ALc4VJkpjA,12520,,
2026-06-21,ccZaP6LEaLI,8590,,
2026-06-21,gAlQprevPh0,2730,,
2026-06-21,hJ3DwYLFjcY,3423,,
2026-06-21,iY0az_GdCiI,5476,,
2026-06-21,mOqGGh-ot08,11614,,
2026-06-21,p-Ig77st4KY,7802,,
2026-06-21,pj41DZonKFU,5386,,
2026-06-21,ppIXkOvS4WI,3797,,
2026-06-21,sl11WONqgaQ,3352,,
2026-06-21,xZIOdejjTlg,2889,,
2026-06-21,yJTEsQi0G98,1302,,
2026-06-21,zx1Xu1eI_UM,2046,,
2026-06-22,3A0Gwb7nmw8,2718,,
2026-06-22,5b4RSDrkc8I,4576,,
2026-06-22,ClAz_Etby1k,3569,,
2026-06-22,F5WCr1Md6mk,2002,,
2026-06-22,GME--_-r_lU,1303,,
2026-06-22,IM0HdpgIDq8,7647,,
2026-06-22,KNwEQXDv5XM,8334,,
2026-06-22,Kh_0ICA5cfg,5849,,
2026-06-22,MOmBOx1LEJU,34802,,
2026-06-22,N9CZswDtnCA,3440,,
2026-06-22,Nhb3_wu7Ddk,13603,,
2026-06-22,PmY9rmZK_oM,1958,,
2026-06-22,SoVnrdQ7b_s,4879,,
2026-06-22,U9sNqbVd1L8,4221,,
2026-06-22,UVkQsLv7n2s,2271,,
2026-06-22,UxyCkiufJyg,3354,,
2026-06-22,WUchEyRFIxw,3860,,
2026-06-22,_ALc4VJkpjA,12555,,
2026-06-22,ccZaP6LEaLI,8621,,
2026-06-22,dA0DwmLmQ9s,6257,,
2026-06-22,gAlQprevPh0,2740,,
2026-06-22,hJ3DwYLFjcY,3457,,
2026-06-22,iY0az_GdCiI,5492,,
2026-06-22,mOqGGh-ot08,11642,,
2026-06-22,p-Ig77st4KY,7827,,
2026-06-22,pj41DZonKFU,5395,,
2026-06-22,ppIXkOvS4WI,3834,,
2026-06-22,sl11WONqgaQ,3364,,
2026-06-22,svTgRSTyypU,29510,,
2026-06-22,xZIOdejjTlg,2896,,
2026-06-22,yJTEsQi0G98,1357,,
2026-06-22,yeBCQurwTAM,3947,,
2026-06-22,zx1Xu1eI_UM,2053,,
2026-06-23,3A0Gwb7nmw8,2719,,
2026-06-23,F5WCr1Md6mk,2007,,
2026-06-23,GME--_-r_lU,2026,,
2026-06-23,IM0HdpgIDq8,8261,,
2026-06-23,KNwEQXDv5XM,8334,,
2026-06-23,Kh_0ICA5cfg,5855,,
2026-06-23,MOmBOx1LEJU,35229,,
2026-06-23,PmY9rmZK_oM,1959,,
2026-06-23,SoVnrdQ7b_s,4881,,
2026-06-23,U9sNqbVd1L8,4228,,
2026-06-23,UVkQsLv7n2s,2274,,
2026-06-23,WUchEyRFIxw,3866,,
2026-06-23,_ALc4VJkpjA,12577,,
2026-06-23,ccZaP6LEaLI,8641,,
2026-06-23,gAlQprevPh0,2749,,
2026-06-23,hJ3DwYLFjcY,3499,,
2026-06-23,iY0az_GdCiI,5502,,
2026-06-23,mOqGGh-ot08,11674,,
2026-06-23,p-Ig77st4KY,7855,,
2026-06-23,pj41DZonKFU,5407,,
2026-06-23,ppIXkOvS4WI,3851,,
2026-06-23,sl11WONqgaQ,3380,,
2026-06-23,xZIOdejjTlg,2898,,
2026-06-23,yJTEsQi0G98,1400,,
2026-06-23,zx1Xu1eI_UM,2055,,
2026-06-24,--eCZ5KJphU,1954,,
2026-06-24,-27X7n7IstM,6565,,
2026-06-24,-3dLSMzi38k,5046,,
2026-06-24,-FJcDEQ2CB0,14227,,
2026-06-24,-GYR8m5pqkI,10646,,
2026-06-24,-SxNX1_ipZ0,4488,,
2026-06-24,-WID9zHoKhE,372,,
2026-06-24,-pXsceBZ-uI,1956,,
2026-06-24,01F_B8RaurQ,364,,
2026-06-24,0A3d0lovA9c,2887,,
2026-06-24,0BvJ_8VSpAQ,19941,,
2026-06-24,0JFuxpSFiLo,20768,,
2026-06-24,0Mur3o4gJn4,5856,,
2026-06-24,0U0-9stDv2w,6794,,
2026-06-24,0YdWcjA5acg,8192,,
2026-06-24,0_I4PHJ-miw,21609,,
2026-06-24,0dqRFbgCuVg,6511,,
2026-06-24,0irTZK6Z_YI,985,,
2026-06-24,0jvB7_mRdVk,1528,,
2026-06-24,0luCN1MyFX8,10948,,
2026-06-24,0nv1NY1lx_E,5298,,
2026-06-24,0t_oTJZ6Irs,6682,,
2026-06-24,13jLs1WwfTY,4766,,
2026-06-24,14FLm6zvvlM,3285,,
2026-06-24,1APEiSZz2zM,320,,
2026-06-24,1M5hO5Iz4hQ,11480,,
2026-06-24,1WejSH57PSA,555,,
2026-06-24,1_CE104JHi8,4473,,
2026-06-24,1fn9RPaSFvM,4156,,
2026-06-24,1gAj8idUtrk,12927,,
2026-06-24,1k6Bzkiw48o,10734,,
2026-06-24,1qYWYaGdxt4,1427,,
2026-06-24,1uRRhugMzlE,4341,,
2026-06-24,1vJB1yOPOf0,7394,,
2026-06-24,1yK9VWnQpx4,21539,,
2026-06-24,24Ib0j0xDxE,15854,,
2026-06-24,2CnmP8lvGE4,6279,,
2026-06-24,2JqFe4tSOyk,9698,,
2026-06-24,2OdJHlmdu3A,3440,,
2026-06-24,2WaFFWc3lno,6173,,
2026-06-24,2bY_4Ut49J8,4095,,
2026-06-24,2l0-duQwSfI,5289,,
2026-06-24,2lZK2lUb6ew,10581,,
2026-06-24,2qLT-wnFaP0,7857,,
2026-06-24,2qZb4PtGQUg,3219,,
2026-06-24,2qron8l5-WA,2906,,
2026-06-24,2vAcCPS9-YE,3135,,
2026-06-24,3A0Gwb7nmw8,2719,,
2026-06-24,3BNqAqRukts,17352,,
2026-06-24,3Cm_qVj04z0,338,,
2026-06-24,3DNRCakknE0,4690,,
2026-06-24,3HUs08W6-8o,15689,,
2026-06-24,3KJwgGv_hq0,4044,,
2026-06-24,3Nh8y-oesJ0,7901,,
2026-06-24,3gPoLb5rT70,16904,,
2026-06-24,3iUH-OYuGIo,235,,
2026-06-24,3jZh-NYS564,6785,,
2026-06-24,3nGph8PX2-Q,3502,,
2026-06-24,3xtwXWyEfhk,1797,,
2026-06-24,49KORRES2ks,2315,,
2026-06-24,4Q1Xe92xmwI,9408,,
2026-06-24,4VN65sXHXSU,5775,,
2026-06-24,4WHM_GRby90,5783,,
2026-06-24,4aUWIhJE2n4,3636,,
2026-06-24,4b4THjNuDW0,604,,
2026-06-24,4n-UnjzY3B0,253,,
2026-06-24,4qtFClwSzc8,1466,,
2026-06-24,4r4Fv5i5zCI,7168,,
2026-06-24,4tli9Q4KZ3w,3126,,
2026-06-24,4vHxpaifn9w,25193,,
2026-06-24,4zfnW56TcvY,3010,,
2026-06-24,5I2-cQ7oa10,3601,,
2026-06-24,5MHf5WPH1v4,4365,,
2026-06-24,5R6l50LDlV4,3561,,
2026-06-24,5kFO9eUjRPk,12974,,
2026-06-24,5sVEspUzpGY,3786,,
2026-06-24,5t3KYPZKUe4,10722,,
2026-06-24,615ClJ5oqkw,1220,,
2026-06-24,62v6RgdBly0,2401,,
2026-06-24,69_RI4iZxuQ,6527,,
2026-06-24,6BegJIenaBE,9725,,
2026-06-24,6Bmjis1ofzE,6150,,
2026-06-24,6SV0Lm47pvY,2451,,
2026-06-24,6TcR8BFdyJM,2903,,
2026-06-24,6VUBa5NSLU8,965,,
2026-06-24,6Xmd08nL2G4,4710,,
2026-06-24,6d8jMrgjDuE,3236,,
2026-06-24,6iCAxQUz4aQ,5742,,
2026-06-24,6l3bIPltt3A,6780,,
2026-06-24,6ob9UwPviJA,5018,,
2026-06-24,6tcSoXsMs9c,6040,,
2026-06-24,6vhfb7LUUYc,3590,,
2026-06-24,6zLWdLXiJC8,13767,,
2026-06-24,73a6CtNTac4,10038,,
2026-06-24,7BXf6nTyiCQ,3881,,
2026-06-24,7BkLmVdcaJw,6310,,
2026-06-24,7EgU3ReHrIc,1259,,
2026-06-24,7FZrM9iMsCM,6350,,
2026-06-24,7IZ5eCJ3Vqc,2442,,
2026-06-24,7NZvpCqH7eA,2777,,
2026-06-24,7NbPwroPQ80,3045,,
2026-06-24,7Odyxk-S9f0,52983,,
2026-06-24,7PSt_Gouh6g,2810,,
2026-06-24,7cpCkvLwQsI,2095,,
2026-06-24,7dlhZLngdvM,8803,,
2026-06-24,7m_UlzkGLlA,34098,,
2026-06-24,7tKbMZqzLks,2850,,
2026-06-24,7ufObjxCBKI,13627,,
2026-06-24,7wuBlcFsfvc,4390,,
2026-06-24,7zHiFWEJfZY,8620,,
2026-06-24,87Vb6sa1KcY,1457,,
2026-06-24,8OPlCKgcSO8,6328,,
2026-06-24,8T1Pe58GJpw,4300,,
2026-06-24,8UOwBfCgZn8,1054,,
2026-06-24,8UWpsEyQwCU,3977,,
2026-06-24,8_fxIwJi8eI,12213,,
2026-06-24,8fwEHUkKTFc,1234,,
2026-06-24,8hbiWsIlhQ0,1284,,
2026-06-24,8pRl03u-hjI,7680,,
2026-06-24,8r9S_xIzqLk,4060,,
2026-06-24,8tmQ6wySUSI,4531,,
2026-06-24,900BOlBTFNg,35992,,
2026-06-24,99bQhxWPWuo,9120,,
2026-06-24,9BmwbWSPXwY,4741,,
2026-06-24,9Fhr7gYQPBM,1454,,
2026-06-24,9O3XYd0F6VI,11177,,
2026-06-24,9Ot1RhssfL0,768,,
2026-06-24,9TvuNO-fnXM,16127,,
2026-06-24,9_6yRxY8iiY,9862,,
2026-06-24,9cZh_IuGMyM,374,,
2026-06-24,9dFDeUNHViY,9281,,
2026-06-24,9gFQ9rFMKEA,38693,,
2026-06-24,9h2v-rVmwEA,8636,,
2026-06-24,9hOkPAYmpPM,6625,,
2026-06-24,9hgzA60ZGZg,5451,,
2026-06-24,9rVcXaVHCXw,2614,,
2026-06-24,9wgzzLCatp8,853,,
2026-06-24,9yg2AIYdu6E,1735,,
2026-06-24,A4wr-iI2hJU,21024,,
2026-06-24,A5ojgoN39Lc,6294,,
2026-06-24,A9RXB8YTc6Y,12457,,
2026-06-24,ADwtKtLtE8Q,1989,,
2026-06-24,AKDQisHl8Ek,3891,,
2026-06-24,AKJRVoJu_Q4,7393,,
2026-06-24,ANYrzwn5h_M,4668,,
2026-06-24,AO1WNfgIgiE,8569,,
2026-06-24,ASSnCNI-KlM,1258,,
2026-06-24,AU7Z9h1x1Ys,695,,
2026-06-24,AUG114ir5eQ,1238,,
2026-06-24,AUxR3aTc3ng,1497,,
2026-06-24,AaCd4amsV0U,2024,,
2026-06-24,Ac6AOC9yxJE,4319,,
2026-06-24,AcR00ZHbVKU,7492,,
2026-06-24,AgcnylfczPE,10478,,
2026-06-24,AmYVHRf2Aq8,8634,,
2026-06-24,Ao4VRNX_h4A,11682,,
2026-06-24,Aq3emUbqTbA,803,,
2026-06-24,B0IPEMdrCRA,3025,,
2026-06-24,B5xTJMahaK4,2528,,
2026-06-24,B9FbWxNdJPY,18828,,
2026-06-24,B9zmRMY6ISI,2691,,
2026-06-24,BNze82M59-E,6978,,
2026-06-24,BSum-2t0a28,4635,,
2026-06-24,B_OF2TYLnQw,6321,,
2026-06-24,B_rcAwySccg,3503,,
2026-06-24,BdCpg8-TlGg,3510,,
2026-06-24,BfLT1TlZInE,19911,,
2026-06-24,BfjZU1zyiOc,1882,,
2026-06-24,BkAhos9qrLQ,2127,,
2026-06-24,BsWIaYs09vc,5865,,
2026-06-24,BskXYIlyNzA,5978,,
2026-06-24,C5ETgNOq1gQ,14175,,
2026-06-24,C5Rh96Gz8yg,6936,,
2026-06-24,C9AMwVwgVPo,2997,,
2026-06-24,C9FJCiew0s8,4044,,
2026-06-24,CD6KcQMdzfc,2829,,
2026-06-24,CEF9v_JMVe8,7161,,
2026-06-24,CJkJWnPzguM,20872,,
2026-06-24,CKAGWlmyXbA,8896,,
2026-06-24,CMh4ttABaiE,1222,,
2026-06-24,CSTFP0gKnd8,5293,,
2026-06-24,CUpAWj1wVbU,24253,,
2026-06-24,CVFIzDp5iio,11184,,
2026-06-24,CYn4JoQTD1I,668,,
2026-06-24,CYvruxt8Ocw,5260,,
2026-06-24,CgzCQr9ilsw,387,,
2026-06-24,ChKL1KyjlZ4,5172,,
2026-06-24,CkghB9G4vOo,214,,
2026-06-24,Cpa04rQyl18,7747,,
2026-06-24,CufCJMTTKHk,1624,,
2026-06-24,Cy2qJ0Win1I,4321,,
2026-06-24,D-dgFUvl7YA,7779,,
2026-06-24,D4p6nv2t2FA,245,,
2026-06-24,D50nmITTLp8,1806,,
2026-06-24,DAuagmdRSOE,10702,,
2026-06-24,DBkInEbzPk0,2701,,
2026-06-24,DDd5prelU6A,8795,,
2026-06-24,DDiDtP-uOqU,2275,,
2026-06-24,DI-Oxm-J0W0,5522,,
2026-06-24,DIv0FHIZiko,3475,,
2026-06-24,DNsUjaDT3AQ,4117,,
2026-06-24,DPEZ-FtI4UI,8234,,
2026-06-24,DPz-ktdaHII,447,,
2026-06-24,DS_neiUmgrA,2716,,
2026-06-24,DY9enl751Hk,9003,,
2026-06-24,Dcu_IubxG8I,4950,,
2026-06-24,Df9q7HerAA4,4908,,
2026-06-24,DiLjnRqx0xo,3842,,
2026-06-24,DnXALAe3BtY,1596,,
2026-06-24,DohrPYUe11o,1533,,
2026-06-24,DouSkzKX7NE,6427,,
2026-06-24,Drqehd-O2ak,3642,,
2026-06-24,DxUH69hEi9k,451,,
2026-06-24,E6ac_QwimUk,3657,,
2026-06-24,EFc5_Nct8wE,4515,,
2026-06-24,EIKIx9Xpl7c,2732,,
2026-06-24,E_DqVHrHIxM,7814,,
2026-06-24,EckbfLRDGjE,1688,,
2026-06-24,EkKqSnrdG7U,2680,,
2026-06-24,Ezrw0VHCy7w,280,,
2026-06-24,F1hpeZ_T-ww,2732,,
2026-06-24,F5WCr1Md6mk,2011,,
2026-06-24,F5y8-ztKpCM,3784,,
2026-06-24,F8PMKa1dz9g,732,,
2026-06-24,FAIITnGT4wo,4812,,
2026-06-24,FAfQTG-v0Cs,3218,,
2026-06-24,FEqKnaBExZU,9320,,
2026-06-24,FG5G2G-XjhE,14367,,
2026-06-24,FIEy7T-kMmQ,1908,,
2026-06-24,FKbiHBctwwA,3839,,
2026-06-24,FNVB3Ndlrw8,430,,
2026-06-24,FSFC8O9LxRU,2480,,
2026-06-24,FYtl1LolxwQ,9884,,
2026-06-24,Fa8jGX5mvj4,3098,,
2026-06-24,FfCJfpHXt8c,4035,,
2026-06-24,FgTt2XD_ryA,13480,,
2026-06-24,FkK2Rp5xEIc,10916,,
2026-06-24,FlGf6zZGtkk,5240,,
2026-06-24,FlbiS6qn6oE,2731,,
2026-06-24,Fs8L9V90RDk,7740,,
2026-06-24,FsemZttxTN8,5351,,
2026-06-24,G2COlj5SS54,7867,,
2026-06-24,G76WtaecxB4,1183,,
2026-06-24,G9YcpN4TAZw,5118,,
2026-06-24,GEZg76Swgc8,425,,
2026-06-24,GJRAN3_x8U4,3569,,
2026-06-24,GME--_-r_lU,2225,,
2026-06-24,GTD7cyckPnA,270,,
2026-06-24,GYD-rQNG-rI,8875,,
2026-06-24,Gdybpz4wjgY,331,,
2026-06-24,GgtIBQCZxkQ,5241,,
2026-06-24,Gjf4AsYGwU8,11031,,
2026-06-24,GqAXRVF_edY,4092,,
2026-06-24,GqRwtWVepYw,8714,,
2026-06-24,GqWbo7Uo8Ec,5681,,
2026-06-24,Gs03wWJ6vFc,914,,
2026-06-24,Gx6Z5Aj875s,6566,,
2026-06-24,H-jiaEptrx0,4317,,
2026-06-24,H3JH96ZJWzM,785,,
2026-06-24,H5yOaNKxZ-4,20624,,
2026-06-24,H97Ldv1IXtw,17710,,
2026-06-24,HBhaj0_Zm34,4416,,
2026-06-24,HDN25GTdn40,3893,,
2026-06-24,HRQ4Ibbkkco,2265,,
2026-06-24,HUbRq3GR8SI,4991,,
2026-06-24,HbNx1HcTEk4,21778,,
2026-06-24,HlwfZ6atyLw,1885,,
2026-06-24,Hsv6dNsEO40,10804,,
2026-06-24,HvQpYQlLGzg,3796,,
2026-06-24,Hwi-jokx7aI,2681,,
2026-06-24,I-S-0EO3-FA,2848,,
2026-06-24,I1sccj6fjQs,3686,,
2026-06-24,I3T6O4ez75M,4053,,
2026-06-24,I66Prbdjcn0,3452,,
2026-06-24,I70TmekxAXE,2642,,
2026-06-24,IAdR2JdoGr8,10031,,
2026-06-24,IB_3oFDAULc,11501,,
2026-06-24,IE6oyFF67A0,15299,,
2026-06-24,IEIg6U_krbY,9548,,
2026-06-24,IF966yryyqY,262,,
2026-06-24,IH591H86iFQ,7106,,
2026-06-24,IHsdTOEuG4g,8486,,
2026-06-24,IJdPXXMpYPk,806,,
2026-06-24,IKIrneFKwJY,622,,
2026-06-24,IM0HdpgIDq8,8864,,
2026-06-24,IQ3zeRLgnt4,3340,,
2026-06-24,IQQViyty9zM,2033,,
2026-06-24,ISKY2Bgz_c0,1223,,
2026-06-24,IXOacyfD7V4,13158,,
2026-06-24,IrGSyH2wlK0,1595,,
2026-06-24,IuZyLH50TMQ,22820,,
2026-06-24,Ix6NRPPJhd8,1188,,
2026-06-24,J-aiAO8-Czk,12933,,
2026-06-24,J1tRJRX44zc,2052,,
2026-06-24,JH6X6472Gdk,3402,,
2026-06-24,JNuRoWbolfs,6348,,
2026-06-24,Jep6zVwriOA,7008,,
2026-06-24,Jl2XOwlw5Z4,5309,,
2026-06-24,JpfqYvUYNr8,2205,,
2026-06-24,Ju3_gwctpM8,16389,,
2026-06-24,Jyn59AgDf6o,7110,,
2026-06-24,JzsEVr4W5ng,11119,,
2026-06-24,K1YD12TDxwo,1706,,
2026-06-24,K2T8Cd4-ba8,699,,
2026-06-24,K4YFVRGWGEY,2834,,
2026-06-24,K8o_u0_iFJU,7638,,
2026-06-24,K9Asd1xasRc,789,,
2026-06-24,KEnYv8bMxXM,38523,,
2026-06-24,KLTqQaG2asM,4383,,
2026-06-24,KMTemVbHKS4,3429,,
2026-06-24,KNT1a6LakZI,4447,,
2026-06-24,KNwEQXDv5XM,8335,,
2026-06-24,KOF8EQ_YcOU,11927,,
2026-06-24,KOedI8Dr__Y,4483,,
2026-06-24,KTnAV2qb5CY,7816,,
2026-06-24,KVaKaf9FX5I,8348,,
2026-06-24,KXoxeoaSwOA,4323,,
2026-06-24,Kh_0ICA5cfg,5859,,
2026-06-24,KiOKGmcOb_g,10193,,
2026-06-24,KlnSnb7YFEY,2675,,
2026-06-24,Kn5RCzQ9ufc,3731,,
2026-06-24,KqZv27fFQlQ,138776,,
2026-06-24,KrjMNWiU52A,16793,,
2026-06-24,KtjAJuKUbDM,15421,,
2026-06-24,L0KEJ_zq0Ak,10235,,
2026-06-24,L5c4VvuaU7w,17969,,
2026-06-24,LD8rxn2RFNE,4360,,
2026-06-24,LMbdAdrLzXg,4286,,
2026-06-24,LMryIj-gt9A,2051,,
2026-06-24,LNWGlnt3wF4,19190,,
2026-06-24,LRySNa5Y0No,5636,,
2026-06-24,LSGYVCqNEjc,4281,,
2026-06-24,LXW_Z8rp3bU,2227,,
2026-06-24,L_mpuGgHhfE,4610,,
2026-06-24,LadLiCQaAwQ,5192,,
2026-06-24,Lbrq5ramx-A,4546,,
2026-06-24,LdYe9MF1QMs,1940,,
2026-06-24,Li2lFki33xM,9199,,
2026-06-24,Lk6JhpGO69M,9764,,
2026-06-24,LmDOOPuqYG8,7654,,
2026-06-24,LpqnF4FROjg,364,,
2026-06-24,Lswdyl9nZtE,9552,,
2026-06-24,M61DCig7ZJY,6119,,
2026-06-24,MA41DUCQWfw,2528,,
2026-06-24,MM879hqJf1U,17501,,
2026-06-24,MOmBOx1LEJU,35597,,
2026-06-24,MRxgJpEyabo,4975,,
2026-06-24,MVWyRSiH4uQ,2599,,
2026-06-24,MWkhT5GG75k,6863,,
2026-06-24,MhZ5AKwboh0,9790,,
2026-06-24,MsxCeW9nTb0,3354,,
2026-06-24,Mtqdsr2BC_A,5586,,
2026-06-24,MvMstvlNNzQ,402,,
2026-06-24,MxDzq8aLzTo,789,,
2026-06-24,N0_ptJC7W48,3786,,
2026-06-24,N54m3zy-uzk,3431,,
2026-06-24,N6qK7AUqn54,10644,,
2026-06-24,NELsP8DaEa8,9558,,
2026-06-24,NHGisiXq7eg,7744,,
2026-06-24,NJelRHbyeWw,7492,,
2026-06-24,NRlM9dhgPTg,4344,,
2026-06-24,NWOjsRjPomI,2703,,
2026-06-24,NX-1jJ1PuxY,7792,,
2026-06-24,Nc1nItUxpQQ,8153,,
2026-06-24,Nh7jDVmtg0I,1456,,
2026-06-24,NvFqtHcCCXs,3534,,
2026-06-24,Nz2xOcIryF4,8916,,
2026-06-24,O14qr6DPo4Q,6948,,
2026-06-24,O1awyI-zPJs,14795,,
2026-06-24,OD8Jm9Yk0WY,21478,,
2026-06-24,OH7Rlrq71To,34173,,
2026-06-24,OHt_00p2dmY,5700,,
2026-06-24,OLPoLPMdW_g,2141,,
2026-06-24,OVHP92ag6d4,4145,,
2026-06-24,OYxpHMuv29k,8800,,
2026-06-24,O_7ZySSl0mk,4120,,
2026-06-24,OcgJZnE1a6o,771,,
2026-06-24,Ocp1_PPM4sI,23257,,
2026-06-24,OddgScxecfA,6896,,
2026-06-24,Om4MsEtTrnw,1454,,
2026-06-24,OsN0NNVuu7o,20321,,
2026-06-24,Ou7NGOVJ8Pc,3211,,
2026-06-24,OwK8r2uyqHU,6756,,
2026-06-24,P5dvh5HrHaE,7722,,
2026-06-24,P6a8zyHf7YY,958,,
2026-06-24,P7i-qgVG7c4,1779,,
2026-06-24,PLFNoideC9s,11695,,
2026-06-24,PM4DofLA2g0,731,,
2026-06-24,PUTrIDHNxQs,2405,,
2026-06-24,PdO8UebbbSA,1659,,
2026-06-24,PgvLUj9yWDQ,692,,
2026-06-24,Pk77G5OfECU,5058,,
2026-06-24,PkjXvpbR1q8,9223,,
2026-06-24,PmY9rmZK_oM,1960,,
2026-06-24,Pt8zI30MFm8,6924,,
2026-06-24,PtL2ZgPSF5o,14255,,
2026-06-24,Pwf2T_cntdg,20696,,
2026-06-24,PxyjUIyE5YI,15501,,
2026-06-24,Q-dHeMod7T0,7315,,
2026-06-24,Q1zf4SC-AvQ,2834,,
2026-06-24,QLdp2ZNFM_s,5310,,
2026-06-24,QUNzVqhLUBw,2635,,
2026-06-24,QVi7Ze1DEz4,5566,,
2026-06-24,QY2ox96a1zA,5932,,
2026-06-24,QeCKLvz2tIM,5744,,
2026-06-24,QhRPaWYjWYc,4002,,
2026-06-24,Qrag4Jg-veo,3871,,
2026-06-24,R1S8PFUsVWg,5461,,
2026-06-24,R4hO35nd_OI,6404,,
2026-06-24,R6Ukz91VIAY,1186,,
2026-06-24,R7utAmGPE_M,632,,
2026-06-24,RO6gVW9tdbY,1594,,
2026-06-24,ROV6ce9dkfI,4186,,
2026-06-24,RUy1hElRuUQ,5050,,
2026-06-24,RVWlgBZt6h8,4997,,
2026-06-24,RXEipSzDgtc,21960,,
2026-06-24,Rb2-RE864YY,10616,,
2026-06-24,RdvRwihvUUM,3929,,
2026-06-24,RgeVF0tu6ng,898,,
2026-06-24,RhUoPPchFBU,486,,
2026-06-24,RrVaJ5z_3mU,2969,,
2026-06-24,Rs5p0EuuTDw,9805,,
2026-06-24,Ry8PCL00Sjc,2015,,
2026-06-24,RyckAyrt7xQ,29499,,
2026-06-24,S0W7nQ2q3Kg,7438,,
2026-06-24,SB5QPpcWDXk,8598,,
2026-06-24,SCwP-bR498o,2554,,
2026-06-24,SGOEY0I_FQA,33433,,
2026-06-24,SHzg-IgnKuI,25986,,
2026-06-24,SKEcZIJKPzc,3477,,
2026-06-24,SOXoRwvxcv0,10677,,
2026-06-24,SQdrkq_hBzE,1872,,
2026-06-24,SW7PfbETFx8,2796,,
2026-06-24,SWoYNH7OMZI,1084,,
2026-06-24,SeWXiEIm9oI,1655,,
2026-06-24,Sf25ENrbQGM,997,,
2026-06-24,ShJ_j2paClA,9132,,
2026-06-24,ShkacKGq5Vk,5380,,
2026-06-24,SkukxahhmRo,6832,,
2026-06-24,Sl5Fl_vOthI,3119,,
2026-06-24,Sl5sYEh_UoU,6172,,
2026-06-24,SoVnrdQ7b_s,4884,,
2026-06-24,Sq3rkK6GhuE,245,,
2026-06-24,St5jhqEeasY,4542,,
2026-06-24,T2tuMBwhuKc,6923,,
2026-06-24,TDOWMduvE1o,3082,,
2026-06-24,TEqu2JH5dYc,905,,
2026-06-24,TMvgKj-2Z9k,1011,,
2026-06-24,TP7VDtErEvY,5396,,
2026-06-24,TS9rxa7-CXg,7124,,
2026-06-24,TV3fWx4rQh0,2320,,
2026-06-24,TWUoFcCtDhA,6515,,
2026-06-24,TXAe5nqafRY,1511,,
2026-06-24,T_jQIJSkjGo,7255,,
2026-06-24,TaY5NrLNABM,1330,,
2026-06-24,Tb4JB3eFPXw,5378,,
2026-06-24,Te57wukDp8g,4568,,
2026-06-24,TgJqTy_mCR4,7344,,
2026-06-24,Tj9CJM4ti2w,1729,,
2026-06-24,TqAy1jbJ9w8,8373,,
2026-06-24,TtCijTAgvPc,5038,,
2026-06-24,TvvDTvo-L74,7766,,
2026-06-24,TwfHRcdWHRg,4138,,
2026-06-24,U4zBHwf2MTw,1702,,
2026-06-24,U9sNqbVd1L8,4237,,
2026-06-24,UCaZFYzYm9k,6481,,
2026-06-24,UHGfFw-ZT98,3789,,
2026-06-24,UJOAvX_FD7o,251,,
2026-06-24,UKzsE2t00Jw,412,,
2026-06-24,UOOBf83nIco,36958,,
2026-06-24,UQIBN4D_qIs,2664,,
2026-06-24,UUUH5xnM-Mc,6033,,
2026-06-24,UVdc7kYPJEs,1065,,
2026-06-24,UVkQsLv7n2s,2278,,
2026-06-24,UZ3583GSSOo,3961,,
2026-06-24,UhuJQBAZv84,10276,,
2026-06-24,UiD0-skn904,812,,
2026-06-24,Ulotto-Re6w,4377,,
2026-06-24,UqLF2eIaDxg,7819,,
2026-06-24,V1jmHGrVs_k,8822,,
2026-06-24,V2d8qoEGyEU,231,,
2026-06-24,V3IHs2DwX0U,699,,
2026-06-24,V3nsGV2yOV8,2294,,
2026-06-24,V50CUypS7UM,2941,,
2026-06-24,V6AOpDTpCO4,4959,,
2026-06-24,V6Lm17-mfxA,4399,,
2026-06-24,V6d2Dc1l7BA,7153,,
2026-06-24,VKJLsmW95wc,3723,,
2026-06-24,VKMMVQtaDrM,11478,,
2026-06-24,VLJJ9zvdj2Y,4981,,
2026-06-24,VTOl1gAKo44,3190,,
2026-06-24,VTszds8Y7rU,7989,,
2026-06-24,Vb5gSRAHXCA,3872,,
2026-06-24,VlgtaUj_dho,4026,,
2026-06-24,VoU-7YGmoo0,1852,,
2026-06-24,VvVtNiE0bjA,3991,,
2026-06-24,VwTMGmXxghU,18727,,
2026-06-24,W3I8gwLv0Ro,2923,,
2026-06-24,W6U3fBgQoVg,1974,,
2026-06-24,WD7EzA2sbnI,2105,,
2026-06-24,WIP6ZDjQmww,9552,,
2026-06-24,WKMTSCW51fI,5212,,
2026-06-24,WNFEf_ZwNFw,434,,
2026-06-24,WNhZUBZ8tUc,43917,,
2026-06-24,WUchEyRFIxw,3867,,
2026-06-24,WWIB8ZW1i6w,2907,,
2026-06-24,WYGsRorORyI,16488,,
2026-06-24,WjgW6u9Tde8,2007,,
2026-06-24,Wu4lafiHjh0,7371,,
2026-06-24,WvVMuiXrqcI,7435,,
2026-06-24,X22UHszz5Dg,4425,,
2026-06-24,X5L0LaarTLg,10514,,
2026-06-24,XAQ_GYsV52A,10007,,
2026-06-24,XEqxbZoaqUw,5151,,
2026-06-24,XIhM9oLObuU,2504,,
2026-06-24,XVwO4OvjwI4,2436,,
2026-06-24,XWSWCP3TBrc,2832,,
2026-06-24,Xm4ScqSNV10,4427,,
2026-06-24,XsCgtUDrxck,2157,,
2026-06-24,Y66yYblAsq8,1866,,
2026-06-24,Y7Rm_Bmu-K0,37736,,
2026-06-24,Y8YjZOGrhJI,3880,,
2026-06-24,YA85ddRTnus,4968,,
2026-06-24,YA_LFvsyLoU,2255,,
2026-06-24,YBMZINlORaw,5916,,
2026-06-24,YDlHWsYd23o,4344,,
2026-06-24,YDmxUb_oNLI,2737,,
2026-06-24,YFjQz7FijWM,15095,,
2026-06-24,YOe2PL-1gT0,671,,
2026-06-24,YXqYOapYqYc,7630,,
2026-06-24,Y_mkJt3oY_k,3541,,
2026-06-24,YiKIKU-5KpY,0,,
2026-06-24,YpCAi9ofhjs,4316,,
2026-06-24,YpMxtemC5y8,4809,,
2026-06-24,YqZzdPYfnso,3601,,
2026-06-24,Ytbx-7bzEGc,4290,,
2026-06-24,Z-s3rXFeosc,6592,,
2026-06-24,Z12fVM_cnaI,10526,,
2026-06-24,Z2njQkTQDKY,5154,,
2026-06-24,Z9Jjrb6xQeo,3543,,
2026-06-24,ZA_G9BP9HLY,485,,
2026-06-24,ZE2dghmFE8Y,22478,,
2026-06-24,ZE3jHXXiSBY,9255,,
2026-06-24,ZE9ENcHPRr8,24049,,
2026-06-24,ZG72S1_wBC0,4975,,
2026-06-24,ZY_oCjE95Ss,393,,
2026-06-24,ZZBZkqJqvu8,10953,,
2026-06-24,Z_REKs508KY,6606,,
2026-06-24,ZaksbmqvxNM,8306,,
2026-06-24,ZcdQLCEyjjU,8540,,
2026-06-24,ZfQ7oKzL-Pw,12418,,
2026-06-24,ZgN1aMmXELI,4774,,
2026-06-24,Zq-NFi8kxlo,48556,,
2026-06-24,ZrqtNoiNSdw,4763,,
2026-06-24,ZsIml_y5qU4,146,,
2026-06-24,ZtUTR0E7VPY,45287,,
2026-06-24,ZvUISEnjqbQ,5335,,
2026-06-24,ZzYTRvOWH1I,4366,,
2026-06-24,_3MWGJ7MUTA,2806,,
2026-06-24,_8p1UyvwmhI,3836,,
2026-06-24,_9BI3P-OH84,1715,,
2026-06-24,_ALc4VJkpjA,12608,,
2026-06-24,_BvUrcl5tls,3145,,
2026-06-24,_EZK5vA1EX0,5119,,
2026-06-24,_FzLqe9KziY,2498,,
2026-06-24,_Jlf2Q0xGZ8,5782,,
2026-06-24,_LzDM8xt_dA,7795,,
2026-06-24,_NHlgOF-WU0,405,,
2026-06-24,_OsQEaApgwY,2522,,
2026-06-24,_UWA2fCxRHI,3725,,
2026-06-24,_auL36M33Aw,2614,,
2026-06-24,_eLkGBx1XiE,1064,,
2026-06-24,_fcTS5NosDs,1560,,
2026-06-24,_r9bm8JLsKc,3320,,
2026-06-24,_wWswU9t8HU,212,,
2026-06-24,_xEjpsA_iVg,2028,,
2026-06-24,_zVLb3rpe5I,6066,,
2026-06-24,_zuQYhMwTgs,5530,,
2026-06-24,a2L6AbyANjw,13234,,
2026-06-24,a2n31BGGWFI,4150,,
2026-06-24,a65XoIF7K7Y,7859,,
2026-06-24,a6qWlOZtG3E,2131,,
2026-06-24,a8g5MvFPwxo,6149,,
2026-06-24,aD-WkrzMJrk,2304,,
2026-06-24,aDDnbn7KVls,12698,,
2026-06-24,aIcW25HaFsI,5056,,
2026-06-24,aMG8tqZ6bW0,2882,,
2026-06-24,aOOR5vp4Kl0,3612,,
2026-06-24,aQF7qqm1iHE,2381,,
2026-06-24,aYgFb-fiwxA,11699,,
2026-06-24,acvpoQwncqI,3047,,
2026-06-24,ad5pxORFPfk,2441,,
2026-06-24,adsB3sGIcVQ,5638,,
2026-06-24,afLeJEbZs2k,6393,,
2026-06-24,ahyTF-4Agkg,985,,
2026-06-24,akC-r5hlDkc,2148,,
2026-06-24,aoh738yJBRA,6370,,
2026-06-24,aqbo0yu_l6g,15842,,
2026-06-24,ar-bXQYvUhs,2443,,
2026-06-24,ath0o3oOJCs,6314,,
2026-06-24,b4fNiXZPqRQ,10072,,
2026-06-24,bHJfRtPpY6E,1651,,
2026-06-24,bHuv7kKqe-A,8186,,
2026-06-24,bJHikj8skz4,2982,,
2026-06-24,bQaZqs74i2Y,5268,,
2026-06-24,bT7qGpnOpo4,4746,,
2026-06-24,b_Obp5cBRZk,5539,,
2026-06-24,bi3ZAQbw8EI,1864,,
2026-06-24,bqTNuZQOziA,9955,,
2026-06-24,bqf0zywB-Wo,11761,,
2026-06-24,c2ket6Qczzw,1469,,
2026-06-24,c3rRnSi93Lw,8708,,
2026-06-24,c6WqvHRlRkc,4349,,
2026-06-24,c9CotszUwYQ,2356,,
2026-06-24,cFn-fD2GmYU,2543,,
2026-06-24,cJwXjAKA0-k,5388,,
2026-06-24,cR199eKHJ4k,344,,
2026-06-24,cWyP2mrcwdM,770,,
2026-06-24,ccZaP6LEaLI,8664,,
2026-06-24,cevjHgZRbrg,292,,
2026-06-24,cfGpIvLPcPw,4934,,
2026-06-24,cga1y52KSCk,2977,,
2026-06-24,cjpnhsKzs1Q,2845,,
2026-06-24,coqZMUFd2C0,35425,,
2026-06-24,cpd3lbm5tL8,3541,,
2026-06-24,cqPVe0nQ1A0,5171,,
2026-06-24,cuZsMnQlDQU,13583,,
2026-06-24,d-msiY5zz5A,3080,,
2026-06-24,d-zJskCnHpI,3091,,
2026-06-24,d09nbbfOIA8,5076,,
2026-06-24,dFH36q7iWiU,243,,
2026-06-24,dHJbG72Itp8,15760,,
2026-06-24,dIqUY3R2_3A,7946,,
2026-06-24,dSmFHbtrZ7g,17565,,
2026-06-24,dURDUSYCm68,15106,,
2026-06-24,dWatNWKO9uk,3519,,
2026-06-24,de7gpeHMS1Q,381,,
2026-06-24,dgkZoy66esM,5289,,
2026-06-24,dijHVnTV0aM,6178,,
2026-06-24,dl3KzRCU-aQ,6548,,
2026-06-24,dlABqtYhbMk,6059,,
2026-06-24,dmbvfKzFSLo,3035,,
2026-06-24,dn-xSg_FT0A,17414,,
2026-06-24,dnI29M9CE44,3886,,
2026-06-24,dnUUMRDbasE,1870,,
2026-06-24,dp7vq7hweXs,1923,,
2026-06-24,dtdf5AeXwB8,420,,
2026-06-24,dtoZraGBx54,15306,,
2026-06-24,dv-40oFi5ak,6422,,
2026-06-24,dx9Qe_629yE,8735,,
2026-06-24,e061vqWD0lQ,1004,,
2026-06-24,e6iHP-UMZnk,5222,,
2026-06-24,e83i1spluHo,6370,,
2026-06-24,eGnLjzejgI4,2996,,
2026-06-24,eK7uM-EeLIk,7688,,
2026-06-24,eLcRSVAncfc,1335,,
2026-06-24,eLhCLA0Jndo,2216,,
2026-06-24,eM2S4pWeczs,149064,,
2026-06-24,eOxOgo6VNzQ,3601,,
2026-06-24,eUkmg5xOC7c,2353,,
2026-06-24,eYY-goMG0N0,4392,,
2026-06-24,ebpANnTL0zw,13225,,
2026-06-24,ecutxRcKQ6I,6439,,
2026-06-24,enR1CfAS5zo,2045,,
2026-06-24,ensnUIxTUHE,14000,,
2026-06-24,er-8YWX70rk,11971,,
2026-06-24,etbk0Z69oDs,815,,
2026-06-24,eu92DDq5snw,5512,,
2026-06-24,eymQ0rXs7d8,6152,,
2026-06-24,f-aH0vpaoyo,10028,,
2026-06-24,f7yvLMqdMJo,4111,,
2026-06-24,f8fN8Uqbb8s,6080,,
2026-06-24,fFdiFTfeCwE,6153,,
2026-06-24,fFgFYRumrDU,11067,,
2026-06-24,fG1-74pj6A4,16031,,
2026-06-24,fHYBRGdrXo0,1946,,
2026-06-24,fIo8SE2ky98,2966,,
2026-06-24,fKvvShsdaWU,18796,,
2026-06-24,fMmn4SMuSdE,4672,,
2026-06-24,fQwyeIriRx8,8354,,
2026-06-24,fZ7RRiEw54E,6319,,
2026-06-24,fbZea8wkoe8,9709,,
2026-06-24,ff5ZGdHsgIA,1095,,
2026-06-24,fg72xV_ZX8g,783,,
2026-06-24,fj2SC2FA324,2026,,
2026-06-24,flJTAxtk67w,11134,,
2026-06-24,flbyvShpL18,4884,,
2026-06-24,fsI10W24Ya8,8017,,
2026-06-24,gAPX20Ja0zk,2646,,
2026-06-24,gAlQprevPh0,2752,,
2026-06-24,gENAeokhMHI,3990,,
2026-06-24,gK1VHYEXt_0,223,,
2026-06-24,gNEGNjVWO0Q,2861,,
2026-06-24,gVj7YvOUjfc,1032,,
2026-06-24,gWdtuyZNxeQ,11116,,
2026-06-24,gXT5p-IBNMg,6036,,
2026-06-24,goQs8La8e94,28829,,
2026-06-24,gpKioDijRD4,1523,,
2026-06-24,gtGmlmLZ3Ps,1213,,
2026-06-24,gy_rDsWx8_4,4913,,
2026-06-24,h1qNF-YaHX8,4869,,
2026-06-24,hBhD4lpfrvw,4138,,
2026-06-24,hBqhV23fZnE,3941,,
2026-06-24,hD4BjVn9YXw,4497,,
2026-06-24,hJ3DwYLFjcY,3512,,
2026-06-24,hRgIER_2tZg,1186,,
2026-06-24,hSuSN9-UZUY,14973,,
2026-06-24,hUQqvZGsp6A,3492,,
2026-06-24,hVMJN3o6-5g,10786,,
2026-06-24,hX5lVJXMurI,6337,,
2026-06-24,h_v3GcIgbvM,18817,,
2026-06-24,hhwrtf3g0yY,4671,,
2026-06-24,hnnt5l96vVE,3540,,
2026-06-24,hrA_TspDTyM,2734,,
2026-06-24,hsiq1QlJqCs,37052,,
2026-06-24,htuK8cgwC-E,2571,,
2026-06-24,hwX4Jil8AFY,2225,,
2026-06-24,hy7L_a8J9z4,6060,,
2026-06-24,hyisCTgnS0g,805,,
2026-06-24,i4tThjQW98w,1476,,
2026-06-24,i5Ufb0FYkDM,2833,,
2026-06-24,i6kooD4epJ0,9643,,
2026-06-24,iCV7kvzQ_bA,19172,,
2026-06-24,iCrYuW2ixu8,2163,,
2026-06-24,iEHsfr9bvpg,12268,,
2026-06-24,iFu9J3h8RBY,8130,,
2026-06-24,iHt3VLuizj4,3669,,
2026-06-24,iKMz8ICRe8I,20406,,
2026-06-24,iNIxuEi7V54,2225,,
2026-06-24,iRyAJEXB_hE,3209,,
2026-06-24,iY0az_GdCiI,5509,,
2026-06-24,iYHt1pdScK0,203640,,
2026-06-24,i_bfUG57Je8,10569,,
2026-06-24,ipf-y1PaGBg,3732,,
2026-06-24,iuZ57o6ph1A,2414,,
2026-06-24,ixG3RWG-Xdw,10509,,
2026-06-24,j3BrzaBGJqY,3135,,
2026-06-24,j50kYrWuR6U,1328,,
2026-06-24,j9lMyW5Emo0,7330,,
2026-06-24,jBZnliX8R7M,5274,,
2026-06-24,jCGuQ1T3kUE,11135,,
2026-06-24,jQiLi6ev9zM,4934,,
2026-06-24,jTEvYjhQKTM,3495,,
2026-06-24,jV8i3ErC3MA,10255,,
2026-06-24,jdAA_65-h0E,16862,,
2026-06-24,jfEMLlPzKEU,7898,,
2026-06-24,jgfWTFUl_58,1427,,
2026-06-24,jh22fly0d-k,5200,,
2026-06-24,jlV4MmBxgPI,13299,,
2026-06-24,jrnfWiLWFJw,381,,
2026-06-24,k1SjNJaOJcA,7011,,
2026-06-24,k3yhL30Kpnw,1609,,
2026-06-24,k4GBTLOy9aE,11136,,
2026-06-24,k73d1z4sXCE,2590,,
2026-06-24,kCTe19NTny4,2079,,
2026-06-24,kCcXFPN8bK0,2694,,
2026-06-24,kETEBzJrtSA,7335,,
2026-06-24,kFWumpkL5yI,3286,,
2026-06-24,kO5VQOB3sxI,6273,,
2026-06-24,kSbp6GNfK7Y,4447,,
2026-06-24,kUDZK_9QPtA,14210,,
2026-06-24,kYmLSudfROM,5647,,
2026-06-24,kb2G7jcB3Ls,4275,,
2026-06-24,keYeekasjI8,19964,,
2026-06-24,kjl_jo_1HTg,2456,,
2026-06-24,ko82nHa36U4,8737,,
2026-06-24,kpcxQ1XCrq8,252,,
2026-06-24,kr9WECLcJWU,3720,,
2026-06-24,ktZgSqvfl8o,453,,
2026-06-24,kuoLAhyeaJQ,3998,,
2026-06-24,kzApFdb-KEs,777,,
2026-06-24,kzQhIJnlTsI,96306,,
2026-06-24,l4OOeF2yo9Y,3780,,
2026-06-24,lADjNtrJtIo,3127,,
2026-06-24,lCTSpZlGMb4,3713,,
2026-06-24,lN4Nv7R4sBI,10320,,
2026-06-24,lOciy5N92Lg,1560,,
2026-06-24,lOomWUxwNlQ,4460,,
2026-06-24,lSkunEYX5Go,1736,,
2026-06-24,lTCDfNnY4u8,5740,,
2026-06-24,lZj5qfUurLw,4012,,
2026-06-24,lZm2ZwjEy38,2980,,
2026-06-24,lgNWcFP2Ltg,12135,,
2026-06-24,lr1GJQXbj4c,1954,,
2026-06-24,lvOd4uyJkFE,30714,,
2026-06-24,lvtS_HSjXUA,10333,,
2026-06-24,m1gcxwLGPos,5672,,
2026-06-24,m6233lu5J9Q,11707,,
2026-06-24,m9q3qhKxbk4,2461,,
2026-06-24,mDDcQa5yCfI,20623,,
2026-06-24,mHE2XXExu7Q,1251,,
2026-06-24,mHSNcvaQ8YU,1017,,
2026-06-24,mM4k2pf-l9E,6025,,
2026-06-24,mNKdQ1YwHPc,2883,,
2026-06-24,mOqGGh-ot08,11710,,
2026-06-24,m_vvvpnOHfw,406,,
2026-06-24,mhXS2cpJlRo,1953,,
2026-06-24,mkJ-QgvLtyk,12238,,
2026-06-24,mnu4iJG72y8,5475,,
2026-06-24,n5WXv528CII,17769,,
2026-06-24,n93OGgP941o,2352,,
2026-06-24,n9XvIj6hOjc,2133,,
2026-06-24,nDLFzy9hIow,9670,,
2026-06-24,nF0VXXPcAh4,3038,,
2026-06-24,nMQCA_C9zoQ,102299,,
2026-06-24,nPV7ftm2WSg,2179,,
2026-06-24,nRTuARH-N9A,639,,
2026-06-24,nZ-Yf21ufww,9543,,
2026-06-24,n_8ek8wvHc8,5494,,
2026-06-24,nbqcaybmEe8,11611,,
2026-06-24,neQ91eM5hw4,21319,,
2026-06-24,nuEwWBGiQ4c,3850,,
2026-06-24,nwbp-b7PO4g,7246,,
2026-06-24,nxJqaJgDQIE,4311,,
2026-06-24,nyHN_s3QpkY,6981,,
2026-06-24,o0dULDtKQ-8,9960,,
2026-06-24,o4tmiD22BLI,18472,,
2026-06-24,oCAyG5S7cIw,10341,,
2026-06-24,oDeAAnpEEXU,1930,,
2026-06-24,oKTvQ7d9gYw,27368,,
2026-06-24,oPCHIAxcTHw,37777,,
2026-06-24,oRXt4EmUmKk,4268,,
2026-06-24,oUdstwXRu2c,2784,,
2026-06-24,oZh7YlRGlqA,5112,,
2026-06-24,oZjiL501lAY,1413,,
2026-06-24,o_FRQ02nigQ,5531,,
2026-06-24,ofwkfFci1iI,3336,,
2026-06-24,ol2a1T0BgrM,4411,,
2026-06-24,ol_M2L_mjBI,2621,,
2026-06-24,onlJoxwtQec,1381,,
2026-06-24,oo0K4ydn4rw,5976,,
2026-06-24,p-Ig77st4KY,7880,,
2026-06-24,p23Rm9i_EIg,6474,,
2026-06-24,p6uuiKju1Gc,4274,,
2026-06-24,p8GqOFBpR5w,4785,,
2026-06-24,p8ZK2nre57U,3793,,
2026-06-24,pC_lpEworvo,1028,,
2026-06-24,pGUjxBQqY5E,4034,,
2026-06-24,pKvwesJ8-t0,8736,,
2026-06-24,pRB23hC8dZY,3114,,
2026-06-24,pUPzkqLt5WM,4563,,
2026-06-24,pWY2T3MqfCw,3431,,
2026-06-24,pdIXWsxp0_g,3803,,
2026-06-24,pj41DZonKFU,5418,,
2026-06-24,pms2oKZcuqo,3420,,
2026-06-24,ppIXkOvS4WI,3869,,
2026-06-24,ptv9GRoEKs0,3723,,
2026-06-24,pyuB406DLuo,11421,,
2026-06-24,pzLWWa96_lE,5885,,
2026-06-24,q4mgxHWrmLM,6369,,
2026-06-24,q52xE5uCNT0,11579,,
2026-06-24,qIxGLqP2ZBA,3328,,
2026-06-24,qJ6pJMN4eiA,2638,,
2026-06-24,qMz0UbGJq4Y,6768,,
2026-06-24,qZi9yeRBf94,3760,,
2026-06-24,q_TknmNwvqA,6005,,
2026-06-24,qabDQ1ebZbQ,5920,,
2026-06-24,qbXC7hLKuGM,260,,
2026-06-24,qd6gmV0qrrk,14332,,
2026-06-24,qiI-rwVGiYQ,1980,,
2026-06-24,qkMCHJ28vsI,2316,,
2026-06-24,qmcbY6Sr_mw,3091,,
2026-06-24,qqQxwunPfLo,5163,,
2026-06-24,qzy12XbaJQ4,1501,,
2026-06-24,r0ZddKvFa9w,7611,,
2026-06-24,r3P6BU0gEVU,7482,,
2026-06-24,r4YE2Zghgbc,2832,,
2026-06-24,rAxPIoC8bB4,12522,,
2026-06-24,rJ6YCE4gWS0,1629,,
2026-06-24,rJeHPb9VWP4,2362,,
2026-06-24,rLZUcW0DBTM,9782,,
2026-06-24,rLfvnvBj8Ls,4828,,
2026-06-24,rR2A9ezT_gg,16397,,
2026-06-24,rULrrI9GfWU,1338,,
2026-06-24,rV23IXWdDOY,17130,,
2026-06-24,rVEh3PGiggk,372,,
2026-06-24,r_lWb2SpHO4,10298,,
2026-06-24,rckZ2uBOGYs,4270,,
2026-06-24,rixzhpBKdfg,2613,,
2026-06-24,rlnx986Qxkc,12946,,
2026-06-24,rojYn7h_-U4,2250,,
2026-06-24,rqcOPT_Dg7A,7157,,
2026-06-24,ruxKM1qX0Dc,11450,,
2026-06-24,rzIPT2DPtvA,5659,,
2026-06-24,s2GjWfPbh9I,1961,,
2026-06-24,sHQg97i_Hp0,156,,
2026-06-24,sO1rprIWDas,4251,,
2026-06-24,sQH3xPVic6Y,3882,,
2026-06-24,sVwAWTxKDJ0,7824,,
2026-06-24,sXRGp_ttFI4,7089,,
2026-06-24,sZhgf8PQ5gc,8559,,
2026-06-24,scIFhQSvvlE,2725,,
2026-06-24,scM9aI9kTus,4894,,
2026-06-24,skABNIsQ3fA,12479,,
2026-06-24,sl11WONqgaQ,3392,,
2026-06-24,smATVd6dk-k,13976,,
2026-06-24,sqx6twZgR-k,3901,,
2026-06-24,ssIA_N2u50Y,7210,,
2026-06-24,syPu5HdMT4k,1016,,
2026-06-24,t01TItG_UAQ,594,,
2026-06-24,t1UIIjuMirY,8778,,
2026-06-24,t1kj63890o8,3494,,
2026-06-24,t3G_N5DO6us,6189,,
2026-06-24,t4gVVdxtNWE,8629,,
2026-06-24,tGsk0H21JgE,2140,,
2026-06-24,t_RBOUZAqGw,4461,,
2026-06-24,tcomjtcMjLE,1105,,
2026-06-24,tdc-zfxIlEY,31971,,
2026-06-24,tiDCtcHjdQU,7087,,
2026-06-24,trS0kTq6Tk8,1652,,
2026-06-24,txSX7-1XQOE,2643,,
2026-06-24,tyRJESdSDm4,14584,,
2026-06-24,tz7n--I4rDU,1479,,
2026-06-24,u00LAYagwGo,4465,,
2026-06-24,u4e1ijV4iRQ,5302,,
2026-06-24,u7xKzLuKt5I,17634,,
2026-06-24,uXbngiOXOD0,10296,,
2026-06-24,ub9JNL8EhJ4,1470,,
2026-06-24,uk5ADKNqHoc,1443,,
2026-06-24,ul9Sw7brukY,1566,,
2026-06-24,umNEJg2sj50,967,,
2026-06-24,un8Mt5f-mUE,10591,,
2026-06-24,usRrwR8CUb8,9036,,
2026-06-24,uxxwN68AJHE,5467,,
2026-06-24,v-ylvHTi_Mc,3360,,
2026-06-24,v0kp6W42yf4,2904,,
2026-06-24,v1J7bERLirA,3232,,
2026-06-24,v9INdKeBJEI,41917,,
2026-06-24,vDzWHTMsp_Y,1727,,
2026-06-24,vHvpM9nSO3Q,4051,,
2026-06-24,vIAhcX4SppA,3184,,
2026-06-24,vKYW7MTBAFg,10071,,
2026-06-24,vM5V9hoDKnQ,8928,,
2026-06-24,vQI78T3g4Gg,6137,,
2026-06-24,vUEmbLAxZ0Y,1099,,
2026-06-24,vWTTG9XlMoY,13284,,
2026-06-24,v_JJzLJ0eRw,4740,,
2026-06-24,vmSPrsKC8i8,49574,,
2026-06-24,vqsoh8y6xa8,5493,,
2026-06-24,vuvK_DUcqCk,7729,,
2026-06-24,vy88MX2ss_g,7383,,
2026-06-24,vyg196YvsgE,1027,,
2026-06-24,w3HciqK70s4,1645,,
2026-06-24,w68xGF_YIgU,24792,,
2026-06-24,w6b2AkddE8Y,2643,,
2026-06-24,w9kpcvkWngA,6588,,
2026-06-24,wBWXzI7uJYo,3684,,
2026-06-24,wGDSdaXZj00,44773,,
2026-06-24,wHcblaGXua8,10040,,
2026-06-24,wLB8pR4uME0,2717,,
2026-06-24,wSEMUoR4FS4,1492,,
2026-06-24,wSnq-Unha34,150487,,
2026-06-24,wX47G7oi_Z4,1959,,
2026-06-24,wg1R2_G_LEc,6155,,
2026-06-24,wnahjxPk5rk,2293,,
2026-06-24,wpHm4ARAChc,21228,,
2026-06-24,wpWCpGTZE2A,1895,,
2026-06-24,wuZgRtutoHQ,8179,,
2026-06-24,wutJAXwvMqo,9151,,
2026-06-24,wwtaQ_PNx1M,2964,,
2026-06-24,wxWz6zDC2wo,1480,,
2026-06-24,wzSn1b5XXtk,1873,,
2026-06-24,x3gjYoDR5tA,2629,,
2026-06-24,x5fPiJUOMk0,3873,,
2026-06-24,xMbY5fkmK0A,3532,,
2026-06-24,xQKEy65zAso,64270,,
2026-06-24,xTpYdSgeWPc,1179,,
2026-06-24,xZIOdejjTlg,2903,,
2026-06-24,x_KffjhARa0,2789,,
2026-06-24,xe6w3VmUf5I,6057,,
2026-06-24,xs2J2KW1q8Q,8438,,
2026-06-24,xvdkNKQAbJ8,1824,,
2026-06-24,xwLoo8ThKHI,858,,
2026-06-24,xxC2s5JBYZM,332,,
2026-06-24,xya7ZlFJ-x8,2266,,
2026-06-24,y3rXMXG_UF8,3645,,
2026-06-24,y4Yqheg9DuY,15331,,
2026-06-24,y6T5kX1L0aw,1627,,
2026-06-24,y76fsYJCAO0,1639,,
2026-06-24,y8mTWAs2PPw,3172,,
2026-06-24,yF9W5KZ4lfs,6506,,
2026-06-24,yGc4NnBE6nY,4919,,
2026-06-24,yJTEsQi0G98,1412,,
2026-06-24,yKCrM_XkKaY,15288,,
2026-06-24,yKIM1UxtbpU,2030,,
2026-06-24,yPh9jEw5_Lw,2800,,
2026-06-24,ySg8CEjxwwo,5786,,
2026-06-24,yUQ4NYv_io0,3359,,
2026-06-24,yXWhKEoL3QU,3960,,
2026-06-24,yo-Wdxc6ng0,3502,,
2026-06-24,yrJ1mvA6eIM,10036,,
2026-06-24,yrcwoFLtS5Y,7386,,
2026-06-24,ytt9pEb78FA,4990,,
2026-06-24,z-n_vz4gFRw,14220,,
2026-06-24,z0A-aCcVXSA,3084,,
2026-06-24,z2SU31i7Uo4,9246,,
2026-06-24,z8MJYHsQh5c,16577,,
2026-06-24,zCk1p-hPBCs,158,,
2026-06-24,zDtacZ_qT0Y,12013,,
2026-06-24,zI6L_SkYqkU,1245,,
2026-06-24,zLgpLCYCbyA,2540,,
2026-06-24,zSvZdF7CBjU,6215,,
2026-06-24,zVMIZRDSvCc,1748,,
2026-06-24,zceKtRTdgSo,12780,,
2026-06-24,zjYgzIlRmOk,7044,,
2026-06-24,zksWnpcM05I,4242,,
2026-06-24,zpX-Xs1a9MY,3132,,
2026-06-24,zrRTPvOBEnU,2821,,
2026-06-24,zsRQcswYx8w,2823,,
2026-06-24,zsYZHcSRvB8,25347,,
2026-06-24,zsaXdCEuYsY,2250,,
2026-06-24,zufjmNpcSlg,1610,,
2026-06-24,zvjhIylspTc,10140,,
2026-06-24,zx1Xu1eI_UM,2056,,
2026-06-24,zxwGfKCo6as,4764,,
2026-06-24,zyY2aRVZMp4,1258,,
2026-06-24,zzWIE6Sg_E0,22251,,
2026-06-25,3A0Gwb7nmw8,2723,,
2026-06-25,F5WCr1Md6mk,2014,,
2026-06-25,GME--_-r_lU,2381,,
2026-06-25,IM0HdpgIDq8,9252,,
2026-06-25,KNwEQXDv5XM,8339,,
2026-06-25,Kh_0ICA5cfg,5868,,
2026-06-25,MOmBOx1LEJU,35853,,
2026-06-25,PmY9rmZK_oM,1961,,
2026-06-25,SoVnrdQ7b_s,4891,,
2026-06-25,U9sNqbVd1L8,4243,,
2026-06-25,UVkQsLv7n2s,2284,,
2026-06-25,WUchEyRFIxw,3868,,
2026-06-25,_ALc4VJkpjA,12631,,
2026-06-25,ccZaP6LEaLI,8691,,
2026-06-25,gAlQprevPh0,2761,,
2026-06-25,hJ3DwYLFjcY,3537,,
2026-06-25,iY0az_GdCiI,5524,,
2026-06-25,mOqGGh-ot08,11746,,
2026-06-25,p-Ig77st4KY,7898,,
2026-06-25,pj41DZonKFU,5431,,
2026-06-25,ppIXkOvS4WI,3891,,
2026-06-25,sl11WONqgaQ,3402,,
2026-06-25,xZIOdejjTlg,2904,,
2026-06-25,yJTEsQi0G98,1420,,
2026-06-25,zx1Xu1eI_UM,2060,,
2026-06-26,-Fkj0aK2dO8,5742,,
2026-06-26,3A0Gwb7nmw8,2726,,
2026-06-26,7sRKccOoPbY,8855,,
2026-06-26,Ati51CQqpKY,5726,,
2026-06-26,F5WCr1Md6mk,2019,,
2026-06-26,GME--_-r_lU,2470,,
2026-06-26,IM0HdpgIDq8,9664,,
2026-06-26,KNwEQXDv5XM,8341,,
2026-06-26,Kh_0ICA5cfg,5875,,
2026-06-26,MOmBOx1LEJU,36197,,
2026-06-26,PmY9rmZK_oM,1965,,
2026-06-26,QQh0twun7tg,46774,,
2026-06-26,SoVnrdQ7b_s,4897,,
2026-06-26,U9sNqbVd1L8,4248,,
2026-06-26,UVkQsLv7n2s,2284,,
2026-06-26,WUchEyRFIxw,3874,,
2026-06-26,_ALc4VJkpjA,12662,,
2026-06-26,cMFi9XkhDDQ,2591,,
2026-06-26,ccZaP6LEaLI,8726,,
2026-06-26,eokbRB_Y2CU,4420,,
2026-06-26,f1eFQJocAow,7435,,
2026-06-26,gAlQprevPh0,2776,,
2026-06-26,hJ3DwYLFjcY,3556,,
2026-06-26,iY0az_GdCiI,5534,,
2026-06-26,mOqGGh-ot08,11783,,
2026-06-26,p-Ig77st4KY,7920,,
2026-06-26,pTqxjQV_PYU,9155,,
2026-06-26,pj41DZonKFU,5436,,
2026-06-26,ppIXkOvS4WI,3909,,
2026-06-26,sl11WONqgaQ,3416,,
2026-06-26,xGMFiacVSrk,2777,,
2026-06-26,xZIOdejjTlg,2908,,
2026-06-26,yJTEsQi0G98,1432,,
2026-06-26,zx1Xu1eI_UM,2064,,
2026-06-27,3A0Gwb7nmw8,2728,,
2026-06-27,F5WCr1Md6mk,2024,,
2026-06-27,GME--_-r_lU,2529,,
2026-06-27,IM0HdpgIDq8,10068,,
2026-06-27,KNwEQXDv5XM,8346,,
2026-06-27,Kh_0ICA5cfg,5881,,
2026-06-27,MOmBOx1LEJU,36415,,
2026-06-27,PmY9rmZK_oM,1970,,
2026-06-27,SoVnrdQ7b_s,4902,,
2026-06-27,U9sNqbVd1L8,4253,,
2026-06-27,UVkQsLv7n2s,2288,,
2026-06-27,WUchEyRFIxw,3876,,
2026-06-27,_ALc4VJkpjA,12685,,
2026-06-27,ccZaP6LEaLI,8764,,
2026-06-27,gAlQprevPh0,2793,,
2026-06-27,hJ3DwYLFjcY,3571,,
2026-06-27,iY0az_GdCiI,5539,,
2026-06-27,mOqGGh-ot08,11815,,
2026-06-27,p-Ig77st4KY,7935,,
2026-06-27,ppIXkOvS4WI,3925,,
2026-06-27,sl11WONqgaQ,3426,,
2026-06-27,xGMFiacVSrk,3253,,
2026-06-27,xZIOdejjTlg,2911,,
2026-06-27,yJTEsQi0G98,1442,,
2026-06-27,zx1Xu1eI_UM,2067,,
2026-06-28,3A0Gwb7nmw8,2734,,
2026-06-28,F5WCr1Md6mk,2028,,
2026-06-28,GME--_-r_lU,2580,,
2026-06-28,IM0HdpgIDq8,10420,,
2026-06-28,KNwEQXDv5XM,8348,,
2026-06-28,Kh_0ICA5cfg,5891,,
2026-06-28,MOmBOx1LEJU,36702,,
2026-06-28,PmY9rmZK_oM,1972,,
2026-06-28,SoVnrdQ7b_s,4906,,
2026-06-28,U9sNqbVd1L8,4253,,
2026-06-28,UVkQsLv7n2s,2291,,
2026-06-28,WUchEyRFIxw,3877,,
2026-06-28,_ALc4VJkpjA,12711,,
2026-06-28,ccZaP6LEaLI,8785,,
2026-06-28,gAlQprevPh0,2798,,
2026-06-28,hJ3DwYLFjcY,3578,,
2026-06-28,iY0az_GdCiI,5548,,
2026-06-28,mOqGGh-ot08,11846,,
2026-06-28,p-Ig77st4KY,7956,,
2026-06-28,ppIXkOvS4WI,3943,,
2026-06-28,sl11WONqgaQ,3439,,
2026-06-28,xGMFiacVSrk,3831,,
2026-06-28,xZIOdejjTlg,2914,,
2026-06-28,yJTEsQi0G98,1450,,
2026-06-28,zx1Xu1eI_UM,2071,,
2026-06-29,3A0Gwb7nmw8,2740,,
2026-06-29,5b4RSDrkc8I,4600,,
2026-06-29,ClAz_Etby1k,3576,,
2026-06-29,F5WCr1Md6mk,2030,,
2026-06-29,GME--_-r_lU,2627,,
2026-06-29,IM0HdpgIDq8,10682,,
2026-06-29,KNwEQXDv5XM,8352,,
2026-06-29,Kh_0ICA5cfg,5904,,
2026-06-29,MOmBOx1LEJU,37061,,
2026-06-29,N9CZswDtnCA,3467,,
2026-06-29,Nhb3_wu7Ddk,13649,,
2026-06-29,PmY9rmZK_oM,1974,,
2026-06-29,SoVnrdQ7b_s,4910,,
2026-06-29,U9sNqbVd1L8,4255,,
2026-06-29,UVkQsLv7n2s,2297,,
2026-06-29,UxyCkiufJyg,3376,,
2026-06-29,WUchEyRFIxw,3881,,
2026-06-29,_ALc4VJkpjA,12733,,
2026-06-29,ccZaP6LEaLI,8813,,
2026-06-29,dA0DwmLmQ9s,6352,,
2026-06-29,gAlQprevPh0,2820,,
2026-06-29,hJ3DwYLFjcY,3593,,
2026-06-29,iY0az_GdCiI,5566,,
2026-06-29,mOqGGh-ot08,11882,,
2026-06-29,p-Ig77st4KY,7978,,
2026-06-29,ppIXkOvS4WI,3966,,
2026-06-29,sl11WONqgaQ,3448,,
2026-06-29,svTgRSTyypU,29624,,
2026-06-29,xGMFiacVSrk,4039,,
2026-06-29,xZIOdejjTlg,2921,,
2026-06-29,yJTEsQi0G98,1470,,
2026-06-29,yeBCQurwTAM,3963,,
2026-06-29,zx1Xu1eI_UM,2077,,
2026-06-30,3A0Gwb7nmw8,2743,,
2026-06-30,F5WCr1Md6mk,2035,,
2026-06-30,GME--_-r_lU,2664,,
2026-06-30,IM0HdpgIDq8,10851,,
2026-06-30,KNwEQXDv5XM,8360,,
2026-06-30,Kh_0ICA5cfg,5915,,
2026-06-30,MOmBOx1LEJU,37284,,
2026-06-30,PmY9rmZK_oM,1976,,
2026-06-30,SoVnrdQ7b_s,4920,,
2026-06-30,U9sNqbVd1L8,4262,,
2026-06-30,UVkQsLv7n2s,2302,,
2026-06-30,_ALc4VJkpjA,12744,,
2026-06-30,ccZaP6LEaLI,8834,,
2026-06-30,gAlQprevPh0,2836,,
2026-06-30,hJ3DwYLFjcY,3607,,
2026-06-30,iY0az_GdCiI,5580,,
2026-06-30,mOqGGh-ot08,11926,,
2026-06-30,p-Ig77st4KY,8004,,
2026-06-30,ppIXkOvS4WI,3996,,
2026-06-30,sl11WONqgaQ,3454,,
2026-06-30,xGMFiacVSrk,4149,,
2026-06-30,xZIOdejjTlg,2925,,
2026-06-30,yJTEsQi0G98,1478,,
2026-06-30,zXbAf49C9vE,3348,,
2026-06-30,zx1Xu1eI_UM,2080,,
